[debug] [2025-11-10T20:28:53.573Z] [Firebase Plugin] Activating Firebase extension.
[info] [Firebase Plugin] Unable to check firebase-tools installation: TypeError: fetch failed
[debug] [2025-11-10T20:28:53.654Z] [Firebase Plugin] requireAuthWrapper
[debug] [2025-11-10T20:28:53.654Z] > command requires scopes: ["email","openid","https://www.googleapis.com/auth/cloudplatformprojects.readonly","https://www.googleapis.com/auth/firebase","https://www.googleapis.com/auth/cloud-platform"]
[debug] [2025-11-10T20:28:53.655Z] > authorizing via signed-in user (ericnangomba@gmail.com)
[debug] [2025-11-10T20:28:53.657Z] Checked if tokens are valid: false, expires at: 1762779180477
[debug] [2025-11-10T20:28:53.657Z] Checked if tokens are valid: false, expires at: 1762779180477
[debug] [2025-11-10T20:28:53.658Z] > refreshing access token with scopes: []
[debug] [2025-11-10T20:28:53.659Z] >>> [apiv2][query] POST https://www.googleapis.com/oauth2/v3/token [none]
[debug] [2025-11-10T20:28:53.659Z] >>> [apiv2][body] POST https://www.googleapis.com/oauth2/v3/token [omitted]
[debug] [2025-11-10T20:28:56.380Z] *** [apiv2] error from fetch(https://www.googleapis.com/oauth2/v3/token, {"headers":{},"method":"POST","body":{"_overheadLength":545,"_valueLength":212,"_valuesToMeasure":[],"writable":false,"readable":true,"dataSize":0,"maxDataSize":2097152,"pauseStreams":true,"_released":true,"_streams":[],"_currentStream":null,"_insideLoop":false,"_pendingNext":false,"_boundary":"--------------------------791012148874338759655583","_events":{},"_eventsCount":1}}): FetchError: request to https://www.googleapis.com/oauth2/v3/token failed, reason: getaddrinfo ENOTFOUND www.googleapis.com
[error] Authentication Error: Your credentials are no longer valid. Please run firebase login --reauth

For CI servers and headless environments, generate a new token with firebase login:ci
[error] [Firebase Plugin] requireAuth error: Authentication Error: Your credentials are no longer valid. Please run firebase login --reauth

For CI servers and headless environments, generate a new token with firebase login:ci
[info] [Firebase Plugin] Starting Data Connect toolkit (version 2.15.0) on port 50001
[debug] [2025-11-10T20:28:56.747Z] I1110 22:28:56.732164   23944 control.go:94] [/emulator/globalpaylink 2b94] UpdateResources(): done
Main schema: sources: schema\schema.gql [1992B] 
Connector "example": sources: example\mutations.gql [1243B] example\queries.gql [1801B] 
 {"metadata":{"emulator":{"name":"dataconnect"},"message":"I1110 22:28:56.732164   23944 control.go:94] [/emulator/globalpaylink 2b94] UpdateResources(): done\nMain schema: sources: schema\\schema.gql [1992B] \nConnector \"example\": sources: example\\mutations.gql [1243B] example\\queries.gql [1801B] \n"}}
[debug] [2025-11-10T20:28:56.748Z] Ignoring unsupported arg: auto_download {"metadata":{"emulator":{"name":"dataconnect"},"message":"Ignoring unsupported arg: auto_download"}}
[debug] [2025-11-10T20:28:56.748Z] Ignoring unsupported arg: port {"metadata":{"emulator":{"name":"dataconnect"},"message":"Ignoring unsupported arg: port"}}
[debug] [2025-11-10T20:28:56.748Z] Starting Data Connect Emulator with command {"binary":"C:\\Users\\DevAI Studio\\.cache\\firebase\\emulators\\dataconnect-emulator-2.15.0.exe","args":["--logtostderr","-v=2","dev","--listen=localhost:50001","--config_dir=c:\\Users\\DevAI Studio\\Documents\\GitHub\\PayMerch\\dataconnect","--enable_output_schema_extensions=true","--enable_output_generated_sdk=true"],"optionalArgs":["listen","config_dir","enable_output_schema_extensions","enable_output_generated_sdk"],"joinArgs":true,"shell":false,"port":9399} {"metadata":{"emulator":{"name":"dataconnect"},"message":"Starting Data Connect Emulator with command {\"binary\":\"C:\\\\Users\\\\DevAI Studio\\\\.cache\\\\firebase\\\\emulators\\\\dataconnect-emulator-2.15.0.exe\",\"args\":[\"--logtostderr\",\"-v=2\",\"dev\",\"--listen=localhost:50001\",\"--config_dir=c:\\\\Users\\\\DevAI Studio\\\\Documents\\\\GitHub\\\\PayMerch\\\\dataconnect\",\"--enable_output_schema_extensions=true\",\"--enable_output_generated_sdk=true\"],\"optionalArgs\":[\"listen\",\"config_dir\",\"enable_output_schema_extensions\",\"enable_output_generated_sdk\"],\"joinArgs\":true,\"shell\":false,\"port\":9399}"}}
[info] i  dataconnect: Data Connect Emulator logging to dataconnect-debug.log {"metadata":{"emulator":{"name":"dataconnect"},"message":"Data Connect Emulator logging to \u001b[1mdataconnect-debug.log\u001b[22m"}}
[debug] [2025-11-10T20:28:56.833Z] I1110 22:28:56.767640   14740 load.go:31] Reloading schema and connectors...
I1110 22:28:56.797154   14740 control.go:94] [/emulator/globalpaylink 9f1c] UpdateResources(): done
Main schema: sources: schema\schema.gql [1992B] 
Connector "example": sources: example\mutations.gql [1243B] example\queries.gql [1801B] 
I1110 22:28:56.826973   14740 codegen.go:82] [connector "example" javascriptSdk] Generating sources into "c:\\Users\\DevAI Studio\\Documents\\GitHub\\PayMerch\\src\\dataconnect-generated"
 {"metadata":{"emulator":{"name":"dataconnect"},"message":"I1110 22:28:56.767640   14740 load.go:31] Reloading schema and connectors...\nI1110 22:28:56.797154   14740 control.go:94] [/emulator/globalpaylink 9f1c] UpdateResources(): done\nMain schema: sources: schema\\schema.gql [1992B] \nConnector \"example\": sources: example\\mutations.gql [1243B] example\\queries.gql [1801B] \nI1110 22:28:56.826973   14740 codegen.go:82] [connector \"example\" javascriptSdk] Generating sources into \"c:\\\\Users\\\\DevAI Studio\\\\Documents\\\\GitHub\\\\PayMerch\\\\src\\\\dataconnect-generated\"\n"}}
[debug] [2025-11-10T20:28:56.891Z] I1110 22:28:56.836864   14740 collector.go:107] schema extensions wrote into "c:\\Users\\DevAI Studio\\Documents\\GitHub\\PayMerch\\dataconnect\\.dataconnect\\schema"
Generated sources: prelude.gql [73219B] main\implicit.gql [1261B] main\input.gql [28173B] main\relation.gql [13746B] main\query.gql [5099B] main\mutation.gql [13679B] 
I1110 22:28:56.843660   14740 collector.go:107] connector "example" javascriptSdk wrote into "c:\\Users\\DevAI Studio\\Documents\\GitHub\\PayMerch\\src\\dataconnect-generated"
Generated sources: react\package.json [460B] react\esm\index.esm.js [3269B] react\README.md [48299B] .guides/usage.md [3489B] index.d.ts [8025B] esm\package.json [17B] README.md [40931B] react\index.d.ts [3961B] react\esm\package.json [17B] react\index.cjs.js [3439B] .guides/setup.md [1682B] esm\index.esm.js [3563B] index.cjs.js [4053B] package.json [863B] 
I1110 22:28:56.845577   14740 installsdk.go:55] Package @dataconnect/generated is already installed. Skipping installation
I1110 22:28:56.845577   14740 load.go:109] Finished reloading
I1110 22:28:56.849301   14740 dev.go:102] Listening on address (HTTP + gRPC): 127.0.0.1:50001
 {"metadata":{"emulator":{"name":"dataconnect"},"message":"I1110 22:28:56.836864   14740 collector.go:107] schema extensions wrote into \"c:\\\\Users\\\\DevAI Studio\\\\Documents\\\\GitHub\\\\PayMerch\\\\dataconnect\\\\.dataconnect\\\\schema\"\nGenerated sources: prelude.gql [73219B] main\\implicit.gql [1261B] main\\input.gql [28173B] main\\relation.gql [13746B] main\\query.gql [5099B] main\\mutation.gql [13679B] \nI1110 22:28:56.843660   14740 collector.go:107] connector \"example\" javascriptSdk wrote into \"c:\\\\Users\\\\DevAI Studio\\\\Documents\\\\GitHub\\\\PayMerch\\\\src\\\\dataconnect-generated\"\nGenerated sources: react\\package.json [460B] react\\esm\\index.esm.js [3269B] react\\README.md [48299B] .guides/usage.md [3489B] index.d.ts [8025B] esm\\package.json [17B] README.md [40931B] react\\index.d.ts [3961B] react\\esm\\package.json [17B] react\\index.cjs.js [3439B] .guides/setup.md [1682B] esm\\index.esm.js [3563B] index.cjs.js [4053B] package.json [863B] \nI1110 22:28:56.845577   14740 installsdk.go:55] Package @dataconnect/generated is already installed. Skipping installation\nI1110 22:28:56.845577   14740 load.go:109] Finished reloading\nI1110 22:28:56.849301   14740 dev.go:102] Listening on address (HTTP + gRPC): 127.0.0.1:50001\n"}}
[debug] [2025-11-10T20:28:57.501Z] I1110 22:28:57.500048   14740 engine.go:169] [/emulator/globalpaylink 9f1c] ExecuteGraphqlRead IntrospectionQuery: succeeded. 
 {"metadata":{"emulator":{"name":"dataconnect"},"message":"I1110 22:28:57.500048   14740 engine.go:169] [/emulator/globalpaylink 9f1c] ExecuteGraphqlRead IntrospectionQuery: succeeded. \n"}}
[debug] [2025-11-10T20:41:26.954Z] [Firebase Plugin] Activating Firebase extension.
[info] [Firebase Plugin] Unable to check firebase-tools installation: TypeError: fetch failed
[debug] [2025-11-10T20:41:27.205Z] [Firebase Plugin] requireAuthWrapper
[debug] [2025-11-10T20:41:27.215Z] > command requires scopes: ["email","openid","https://www.googleapis.com/auth/cloudplatformprojects.readonly","https://www.googleapis.com/auth/firebase","https://www.googleapis.com/auth/cloud-platform"]
[debug] [2025-11-10T20:41:27.217Z] > authorizing via signed-in user (ericnangomba@gmail.com)
[debug] [2025-11-10T20:41:27.226Z] Checked if tokens are valid: false, expires at: 1762779180477
[debug] [2025-11-10T20:41:27.228Z] Checked if tokens are valid: false, expires at: 1762779180477
[debug] [2025-11-10T20:41:27.230Z] > refreshing access token with scopes: []
[debug] [2025-11-10T20:41:27.233Z] >>> [apiv2][query] POST https://www.googleapis.com/oauth2/v3/token [none]
[debug] [2025-11-10T20:41:27.234Z] >>> [apiv2][body] POST https://www.googleapis.com/oauth2/v3/token [omitted]
[debug] [2025-11-10T20:41:27.265Z] [Firebase Plugin] VSCode notification server listening on port 40001
[debug] [2025-11-10T20:41:27.421Z] *** [apiv2] error from fetch(https://www.googleapis.com/oauth2/v3/token, {"headers":{},"method":"POST","body":{"_overheadLength":545,"_valueLength":212,"_valuesToMeasure":[],"writable":false,"readable":true,"dataSize":0,"maxDataSize":2097152,"pauseStreams":true,"_released":true,"_streams":[],"_currentStream":null,"_insideLoop":false,"_pendingNext":false,"_boundary":"--------------------------883631017585442474232229","_events":{},"_eventsCount":1}}): FetchError: request to https://www.googleapis.com/oauth2/v3/token failed, reason: getaddrinfo ENOTFOUND www.googleapis.com
[error] Authentication Error: Your credentials are no longer valid. Please run firebase login --reauth

For CI servers and headless environments, generate a new token with firebase login:ci
[error] [Firebase Plugin] requireAuth error: Authentication Error: Your credentials are no longer valid. Please run firebase login --reauth

For CI servers and headless environments, generate a new token with firebase login:ci
[info] [Firebase Plugin] Starting Data Connect toolkit (version 2.15.0) on port 50001
[debug] [2025-11-10T20:41:28.311Z] I1110 22:41:28.280148   14140 control.go:94] [/emulator/globalpaylink 2cc8] UpdateResources(): done
Main schema: sources: schema\schema.gql [1992B] 
Connector "example": sources: example\mutations.gql [1243B] example\queries.gql [1801B] 
 {"metadata":{"emulator":{"name":"dataconnect"},"message":"I1110 22:41:28.280148   14140 control.go:94] [/emulator/globalpaylink 2cc8] UpdateResources(): done\nMain schema: sources: schema\\schema.gql [1992B] \nConnector \"example\": sources: example\\mutations.gql [1243B] example\\queries.gql [1801B] \n"}}
[debug] [2025-11-10T20:41:28.312Z] Ignoring unsupported arg: auto_download {"metadata":{"emulator":{"name":"dataconnect"},"message":"Ignoring unsupported arg: auto_download"}}
[debug] [2025-11-10T20:41:28.313Z] Ignoring unsupported arg: port {"metadata":{"emulator":{"name":"dataconnect"},"message":"Ignoring unsupported arg: port"}}
[debug] [2025-11-10T20:41:28.313Z] Starting Data Connect Emulator with command {"binary":"C:\\Users\\DevAI Studio\\.cache\\firebase\\emulators\\dataconnect-emulator-2.15.0.exe","args":["--logtostderr","-v=2","dev","--listen=localhost:50001","--config_dir=c:\\Users\\DevAI Studio\\Documents\\GitHub\\PayMerch\\dataconnect","--enable_output_schema_extensions=true","--enable_output_generated_sdk=true"],"optionalArgs":["listen","config_dir","enable_output_schema_extensions","enable_output_generated_sdk"],"joinArgs":true,"shell":false,"port":9399} {"metadata":{"emulator":{"name":"dataconnect"},"message":"Starting Data Connect Emulator with command {\"binary\":\"C:\\\\Users\\\\DevAI Studio\\\\.cache\\\\firebase\\\\emulators\\\\dataconnect-emulator-2.15.0.exe\",\"args\":[\"--logtostderr\",\"-v=2\",\"dev\",\"--listen=localhost:50001\",\"--config_dir=c:\\\\Users\\\\DevAI Studio\\\\Documents\\\\GitHub\\\\PayMerch\\\\dataconnect\",\"--enable_output_schema_extensions=true\",\"--enable_output_generated_sdk=true\"],\"optionalArgs\":[\"listen\",\"config_dir\",\"enable_output_schema_extensions\",\"enable_output_generated_sdk\"],\"joinArgs\":true,\"shell\":false,\"port\":9399}"}}
[info] i  dataconnect: Data Connect Emulator logging to dataconnect-debug.log {"metadata":{"emulator":{"name":"dataconnect"},"message":"Data Connect Emulator logging to \u001b[1mdataconnect-debug.log\u001b[22m"}}
[debug] [2025-11-10T20:41:28.365Z] I1110 22:41:28.354018   14176 load.go:31] Reloading schema and connectors...
 {"metadata":{"emulator":{"name":"dataconnect"},"message":"I1110 22:41:28.354018   14176 load.go:31] Reloading schema and connectors...\n"}}
[debug] [2025-11-10T20:41:28.426Z] I1110 22:41:28.414499   14176 control.go:94] [/emulator/globalpaylink 02f0] UpdateResources(): done
Main schema: sources: schema\schema.gql [1992B] 
Connector "example": sources: example\mutations.gql [1243B] example\queries.gql [1801B] 
 {"metadata":{"emulator":{"name":"dataconnect"},"message":"I1110 22:41:28.414499   14176 control.go:94] [/emulator/globalpaylink 02f0] UpdateResources(): done\nMain schema: sources: schema\\schema.gql [1992B] \nConnector \"example\": sources: example\\mutations.gql [1243B] example\\queries.gql [1801B] \n"}}
[debug] [2025-11-10T20:41:28.705Z] I1110 22:41:28.485738   14176 codegen.go:82] [connector "example" javascriptSdk] Generating sources into "c:\\Users\\DevAI Studio\\Documents\\GitHub\\PayMerch\\src\\dataconnect-generated"
I1110 22:41:28.515600   14176 collector.go:107] schema extensions wrote into "c:\\Users\\DevAI Studio\\Documents\\GitHub\\PayMerch\\dataconnect\\.dataconnect\\schema"
Generated sources: main\input.gql [28173B] main\relation.gql [13746B] main\query.gql [5099B] main\mutation.gql [13679B] prelude.gql [73219B] main\implicit.gql [1261B] 
I1110 22:41:28.531242   14176 collector.go:107] connector "example" javascriptSdk wrote into "c:\\Users\\DevAI Studio\\Documents\\GitHub\\PayMerch\\src\\dataconnect-generated"
Generated sources: .guides/setup.md [1682B] index.d.ts [8025B] esm\index.esm.js [3563B] esm\package.json [17B] index.cjs.js [4053B] package.json [863B] README.md [40931B] react\index.cjs.js [3439B] react\esm\index.esm.js [3269B] react\index.d.ts [3961B] react\package.json [460B] react\esm\package.json [17B] react\README.md [48299B] .guides/usage.md [3489B] 
I1110 22:41:28.671044   14176 installsdk.go:55] Package @dataconnect/generated is already installed. Skipping installation
I1110 22:41:28.671307   14176 load.go:109] Finished reloading
I1110 22:41:28.684545   14176 dev.go:102] Listening on address (HTTP + gRPC): 127.0.0.1:50001
 {"metadata":{"emulator":{"name":"dataconnect"},"message":"I1110 22:41:28.485738   14176 codegen.go:82] [connector \"example\" javascriptSdk] Generating sources into \"c:\\\\Users\\\\DevAI Studio\\\\Documents\\\\GitHub\\\\PayMerch\\\\src\\\\dataconnect-generated\"\nI1110 22:41:28.515600   14176 collector.go:107] schema extensions wrote into \"c:\\\\Users\\\\DevAI Studio\\\\Documents\\\\GitHub\\\\PayMerch\\\\dataconnect\\\\.dataconnect\\\\schema\"\nGenerated sources: main\\input.gql [28173B] main\\relation.gql [13746B] main\\query.gql [5099B] main\\mutation.gql [13679B] prelude.gql [73219B] main\\implicit.gql [1261B] \nI1110 22:41:28.531242   14176 collector.go:107] connector \"example\" javascriptSdk wrote into \"c:\\\\Users\\\\DevAI Studio\\\\Documents\\\\GitHub\\\\PayMerch\\\\src\\\\dataconnect-generated\"\nGenerated sources: .guides/setup.md [1682B] index.d.ts [8025B] esm\\index.esm.js [3563B] esm\\package.json [17B] index.cjs.js [4053B] package.json [863B] README.md [40931B] react\\index.cjs.js [3439B] react\\esm\\index.esm.js [3269B] react\\index.d.ts [3961B] react\\package.json [460B] react\\esm\\package.json [17B] react\\README.md [48299B] .guides/usage.md [3489B] \nI1110 22:41:28.671044   14176 installsdk.go:55] Package @dataconnect/generated is already installed. Skipping installation\nI1110 22:41:28.671307   14176 load.go:109] Finished reloading\nI1110 22:41:28.684545   14176 dev.go:102] Listening on address (HTTP + gRPC): 127.0.0.1:50001\n"}}
[debug] [2025-11-10T20:41:28.986Z] I1110 22:41:28.979150   14176 engine.go:169] [/emulator/globalpaylink 02f0] ExecuteGraphqlRead IntrospectionQuery: succeeded. 
 {"metadata":{"emulator":{"name":"dataconnect"},"message":"I1110 22:41:28.979150   14176 engine.go:169] [/emulator/globalpaylink 02f0] ExecuteGraphqlRead IntrospectionQuery: succeeded. \n"}}
[debug] [2025-11-11T05:53:14.670Z] [Firebase Plugin] Activating Firebase extension.
[info] [Firebase Plugin] Unable to check firebase-tools installation: TypeError: fetch failed
[debug] [2025-11-11T05:53:14.796Z] [Firebase Plugin] requireAuthWrapper
[debug] [2025-11-11T05:53:14.797Z] > command requires scopes: ["email","openid","https://www.googleapis.com/auth/cloudplatformprojects.readonly","https://www.googleapis.com/auth/firebase","https://www.googleapis.com/auth/cloud-platform"]
[debug] [2025-11-11T05:53:14.798Z] > authorizing via signed-in user (ericnangomba@gmail.com)
[debug] [2025-11-11T05:53:14.802Z] Checked if tokens are valid: false, expires at: 1762779180477
[debug] [2025-11-11T05:53:14.802Z] Checked if tokens are valid: false, expires at: 1762779180477
[debug] [2025-11-11T05:53:14.803Z] > refreshing access token with scopes: []
[debug] [2025-11-11T05:53:14.805Z] >>> [apiv2][query] POST https://www.googleapis.com/oauth2/v3/token [none]
[debug] [2025-11-11T05:53:14.806Z] >>> [apiv2][body] POST https://www.googleapis.com/oauth2/v3/token [omitted]
[debug] [2025-11-11T05:53:14.818Z] [Firebase Plugin] VSCode notification server listening on port 40001
[debug] [2025-11-11T05:53:14.933Z] *** [apiv2] error from fetch(https://www.googleapis.com/oauth2/v3/token, {"headers":{},"method":"POST","body":{"_overheadLength":545,"_valueLength":212,"_valuesToMeasure":[],"writable":false,"readable":true,"dataSize":0,"maxDataSize":2097152,"pauseStreams":true,"_released":true,"_streams":[],"_currentStream":null,"_insideLoop":false,"_pendingNext":false,"_boundary":"--------------------------913802445760044016715162","_events":{},"_eventsCount":1}}): FetchError: request to https://www.googleapis.com/oauth2/v3/token failed, reason: getaddrinfo ENOTFOUND www.googleapis.com
[error] Authentication Error: Your credentials are no longer valid. Please run firebase login --reauth

For CI servers and headless environments, generate a new token with firebase login:ci
[error] [Firebase Plugin] requireAuth error: Authentication Error: Your credentials are no longer valid. Please run firebase login --reauth

For CI servers and headless environments, generate a new token with firebase login:ci
[info] [Firebase Plugin] Starting Data Connect toolkit (version 2.15.0) on port 50001
[debug] [2025-11-11T05:53:15.520Z] I1111 07:53:15.498413   12256 control.go:94] [/emulator/globalpaylink 4d39] UpdateResources(): done
Main schema: sources: schema\schema.gql [1992B] 
Connector "example": sources: example\mutations.gql [1243B] example\queries.gql [1801B] 
 {"metadata":{"emulator":{"name":"dataconnect"},"message":"I1111 07:53:15.498413   12256 control.go:94] [/emulator/globalpaylink 4d39] UpdateResources(): done\nMain schema: sources: schema\\schema.gql [1992B] \nConnector \"example\": sources: example\\mutations.gql [1243B] example\\queries.gql [1801B] \n"}}
[debug] [2025-11-11T05:53:15.521Z] Ignoring unsupported arg: auto_download {"metadata":{"emulator":{"name":"dataconnect"},"message":"Ignoring unsupported arg: auto_download"}}
[debug] [2025-11-11T05:53:15.521Z] Ignoring unsupported arg: port {"metadata":{"emulator":{"name":"dataconnect"},"message":"Ignoring unsupported arg: port"}}
[debug] [2025-11-11T05:53:15.521Z] Starting Data Connect Emulator with command {"binary":"C:\\Users\\DevAI Studio\\.cache\\firebase\\emulators\\dataconnect-emulator-2.15.0.exe","args":["--logtostderr","-v=2","dev","--listen=localhost:50001","--config_dir=c:\\Users\\DevAI Studio\\Documents\\GitHub\\PayMerch\\dataconnect","--enable_output_schema_extensions=true","--enable_output_generated_sdk=true"],"optionalArgs":["listen","config_dir","enable_output_schema_extensions","enable_output_generated_sdk"],"joinArgs":true,"shell":false,"port":9399} {"metadata":{"emulator":{"name":"dataconnect"},"message":"Starting Data Connect Emulator with command {\"binary\":\"C:\\\\Users\\\\DevAI Studio\\\\.cache\\\\firebase\\\\emulators\\\\dataconnect-emulator-2.15.0.exe\",\"args\":[\"--logtostderr\",\"-v=2\",\"dev\",\"--listen=localhost:50001\",\"--config_dir=c:\\\\Users\\\\DevAI Studio\\\\Documents\\\\GitHub\\\\PayMerch\\\\dataconnect\",\"--enable_output_schema_extensions=true\",\"--enable_output_generated_sdk=true\"],\"optionalArgs\":[\"listen\",\"config_dir\",\"enable_output_schema_extensions\",\"enable_output_generated_sdk\"],\"joinArgs\":true,\"shell\":false,\"port\":9399}"}}
[info] i  dataconnect: Data Connect Emulator logging to dataconnect-debug.log {"metadata":{"emulator":{"name":"dataconnect"},"message":"Data Connect Emulator logging to \u001b[1mdataconnect-debug.log\u001b[22m"}}
[debug] [2025-11-11T05:53:15.561Z] I1111 07:53:15.545427    6988 load.go:31] Reloading schema and connectors...
 {"metadata":{"emulator":{"name":"dataconnect"},"message":"I1111 07:53:15.545427    6988 load.go:31] Reloading schema and connectors...\n"}}
[debug] [2025-11-11T05:53:15.598Z] I1111 07:53:15.596801    6988 control.go:94] [/emulator/globalpaylink 59c6] UpdateResources(): done
Main schema: sources: schema\schema.gql [1992B] 
Connector "example": sources: example\mutations.gql [1243B] example\queries.gql [1801B] 
 {"metadata":{"emulator":{"name":"dataconnect"},"message":"I1111 07:53:15.596801    6988 control.go:94] [/emulator/globalpaylink 59c6] UpdateResources(): done\nMain schema: sources: schema\\schema.gql [1992B] \nConnector \"example\": sources: example\\mutations.gql [1243B] example\\queries.gql [1801B] \n"}}
[debug] [2025-11-11T05:53:15.655Z] I1111 07:53:15.644771    6988 codegen.go:82] [connector "example" javascriptSdk] Generating sources into "c:\\Users\\DevAI Studio\\Documents\\GitHub\\PayMerch\\src\\dataconnect-generated"
 {"metadata":{"emulator":{"name":"dataconnect"},"message":"I1111 07:53:15.644771    6988 codegen.go:82] [connector \"example\" javascriptSdk] Generating sources into \"c:\\\\Users\\\\DevAI Studio\\\\Documents\\\\GitHub\\\\PayMerch\\\\src\\\\dataconnect-generated\"\n"}}
[debug] [2025-11-11T05:53:15.679Z] I1111 07:53:15.669534    6988 collector.go:107] schema extensions wrote into "c:\\Users\\DevAI Studio\\Documents\\GitHub\\PayMerch\\dataconnect\\.dataconnect\\schema"
Generated sources: main\query.gql [5099B] main\mutation.gql [13679B] main\implicit.gql [1261B] prelude.gql [73219B] main\input.gql [28173B] main\relation.gql [13746B] 
 {"metadata":{"emulator":{"name":"dataconnect"},"message":"I1111 07:53:15.669534    6988 collector.go:107] schema extensions wrote into \"c:\\\\Users\\\\DevAI Studio\\\\Documents\\\\GitHub\\\\PayMerch\\\\dataconnect\\\\.dataconnect\\\\schema\"\nGenerated sources: main\\query.gql [5099B] main\\mutation.gql [13679B] main\\implicit.gql [1261B] prelude.gql [73219B] main\\input.gql [28173B] main\\relation.gql [13746B] \n"}}
[debug] [2025-11-11T05:53:15.703Z] I1111 07:53:15.703041    6988 collector.go:107] connector "example" javascriptSdk wrote into "c:\\Users\\DevAI Studio\\Documents\\GitHub\\PayMerch\\src\\dataconnect-generated"
Generated sources: react\package.json [460B] .guides/usage.md [3489B] .guides/setup.md [1682B] esm\index.esm.js [3563B] esm\package.json [17B] README.md [40931B] react\esm\package.json [17B] react\index.cjs.js [3439B] react\esm\index.esm.js [3269B] react\README.md [48299B] index.d.ts [8025B] index.cjs.js [4053B] package.json [863B] react\index.d.ts [3961B] 
 {"metadata":{"emulator":{"name":"dataconnect"},"message":"I1111 07:53:15.703041    6988 collector.go:107] connector \"example\" javascriptSdk wrote into \"c:\\\\Users\\\\DevAI Studio\\\\Documents\\\\GitHub\\\\PayMerch\\\\src\\\\dataconnect-generated\"\nGenerated sources: react\\package.json [460B] .guides/usage.md [3489B] .guides/setup.md [1682B] esm\\index.esm.js [3563B] esm\\package.json [17B] README.md [40931B] react\\esm\\package.json [17B] react\\index.cjs.js [3439B] react\\esm\\index.esm.js [3269B] react\\README.md [48299B] index.d.ts [8025B] index.cjs.js [4053B] package.json [863B] react\\index.d.ts [3961B] \n"}}
[debug] [2025-11-11T05:53:18.831Z] I1111 07:53:15.793071    6988 installsdk.go:55] Package @dataconnect/generated is already installed. Skipping installation
I1111 07:53:15.793071    6988 load.go:109] Finished reloading
I1111 07:53:15.821528    6988 dev.go:102] Listening on address (HTTP + gRPC): 127.0.0.1:50001
 {"metadata":{"emulator":{"name":"dataconnect"},"message":"I1111 07:53:15.793071    6988 installsdk.go:55] Package @dataconnect/generated is already installed. Skipping installation\nI1111 07:53:15.793071    6988 load.go:109] Finished reloading\nI1111 07:53:15.821528    6988 dev.go:102] Listening on address (HTTP + gRPC): 127.0.0.1:50001\n"}}
[debug] [2025-11-11T05:53:20.588Z] I1111 07:53:20.574932    6988 engine.go:169] [/emulator/globalpaylink 59c6] ExecuteGraphqlRead IntrospectionQuery: succeeded. 
 {"metadata":{"emulator":{"name":"dataconnect"},"message":"I1111 07:53:20.574932    6988 engine.go:169] [/emulator/globalpaylink 59c6] ExecuteGraphqlRead IntrospectionQuery: succeeded. \n"}}
[debug] [2025-11-11T10:16:25.804Z] E1111 12:16:25.794313    6988 watch.go:31] Failed to load config from "c:\\Users\\DevAI Studio\\Documents\\GitHub\\PayMerch\\dataconnect": could not find dataconnect.yaml in `c:\Users\DevAI Studio\Documents\GitHub\PayMerch\dataconnect`
 {"metadata":{"emulator":{"name":"dataconnect"},"message":"E1111 12:16:25.794313    6988 watch.go:31] Failed to load config from \"c:\\\\Users\\\\DevAI Studio\\\\Documents\\\\GitHub\\\\PayMerch\\\\dataconnect\": could not find dataconnect.yaml in `c:\\Users\\DevAI Studio\\Documents\\GitHub\\PayMerch\\dataconnect`\n"}}
[debug] [2025-11-11T10:16:35.795Z] E1111 12:16:35.794767    6988 watch.go:31] Failed to load config from "c:\\Users\\DevAI Studio\\Documents\\GitHub\\PayMerch\\dataconnect": could not find dataconnect.yaml in `c:\Users\DevAI Studio\Documents\GitHub\PayMerch\dataconnect`
 {"metadata":{"emulator":{"name":"dataconnect"},"message":"E1111 12:16:35.794767    6988 watch.go:31] Failed to load config from \"c:\\\\Users\\\\DevAI Studio\\\\Documents\\\\GitHub\\\\PayMerch\\\\dataconnect\": could not find dataconnect.yaml in `c:\\Users\\DevAI Studio\\Documents\\GitHub\\PayMerch\\dataconnect`\n"}}
[debug] [2025-11-11T10:16:45.796Z] E1111 12:16:45.795725    6988 watch.go:31] Failed to load config from "c:\\Users\\DevAI Studio\\Documents\\GitHub\\PayMerch\\dataconnect": could not find dataconnect.yaml in `c:\Users\DevAI Studio\Documents\GitHub\PayMerch\dataconnect`
 {"metadata":{"emulator":{"name":"dataconnect"},"message":"E1111 12:16:45.795725    6988 watch.go:31] Failed to load config from \"c:\\\\Users\\\\DevAI Studio\\\\Documents\\\\GitHub\\\\PayMerch\\\\dataconnect\": could not find dataconnect.yaml in `c:\\Users\\DevAI Studio\\Documents\\GitHub\\PayMerch\\dataconnect`\n"}}
[debug] [2025-11-11T10:16:55.794Z] E1111 12:16:55.794142    6988 watch.go:31] Failed to load config from "c:\\Users\\DevAI Studio\\Documents\\GitHub\\PayMerch\\dataconnect": could not find dataconnect.yaml in `c:\Users\DevAI Studio\Documents\GitHub\PayMerch\dataconnect`
 {"metadata":{"emulator":{"name":"dataconnect"},"message":"E1111 12:16:55.794142    6988 watch.go:31] Failed to load config from \"c:\\\\Users\\\\DevAI Studio\\\\Documents\\\\GitHub\\\\PayMerch\\\\dataconnect\": could not find dataconnect.yaml in `c:\\Users\\DevAI Studio\\Documents\\GitHub\\PayMerch\\dataconnect`\n"}}
[debug] [2025-11-11T10:17:05.796Z] E1111 12:17:05.795271    6988 watch.go:31] Failed to load config from "c:\\Users\\DevAI Studio\\Documents\\GitHub\\PayMerch\\dataconnect": could not find dataconnect.yaml in `c:\Users\DevAI Studio\Documents\GitHub\PayMerch\dataconnect`
 {"metadata":{"emulator":{"name":"dataconnect"},"message":"E1111 12:17:05.795271    6988 watch.go:31] Failed to load config from \"c:\\\\Users\\\\DevAI Studio\\\\Documents\\\\GitHub\\\\PayMerch\\\\dataconnect\": could not find dataconnect.yaml in `c:\\Users\\DevAI Studio\\Documents\\GitHub\\PayMerch\\dataconnect`\n"}}
[debug] [2025-11-11T10:17:15.794Z] E1111 12:17:15.794270    6988 watch.go:31] Failed to load config from "c:\\Users\\DevAI Studio\\Documents\\GitHub\\PayMerch\\dataconnect": could not find dataconnect.yaml in `c:\Users\DevAI Studio\Documents\GitHub\PayMerch\dataconnect`
 {"metadata":{"emulator":{"name":"dataconnect"},"message":"E1111 12:17:15.794270    6988 watch.go:31] Failed to load config from \"c:\\\\Users\\\\DevAI Studio\\\\Documents\\\\GitHub\\\\PayMerch\\\\dataconnect\": could not find dataconnect.yaml in `c:\\Users\\DevAI Studio\\Documents\\GitHub\\PayMerch\\dataconnect`\n"}}
[debug] [2025-11-11T10:17:15.795Z] E1111 12:17:15.794462    6988 watch.go:102] watchAllDir unable to walk dir `c:\Users\DevAI Studio\Documents\GitHub\PayMerch\dataconnect`: CreateFile c:\Users\DevAI Studio\Documents\GitHub\PayMerch\dataconnect: The system cannot find the file specified.
 {"metadata":{"emulator":{"name":"dataconnect"},"message":"E1111 12:17:15.794462    6988 watch.go:102] watchAllDir unable to walk dir `c:\\Users\\DevAI Studio\\Documents\\GitHub\\PayMerch\\dataconnect`: CreateFile c:\\Users\\DevAI Studio\\Documents\\GitHub\\PayMerch\\dataconnect: The system cannot find the file specified.\n"}}
[debug] [2025-11-11T10:17:25.794Z] E1111 12:17:25.794131    6988 watch.go:31] Failed to load config from "c:\\Users\\DevAI Studio\\Documents\\GitHub\\PayMerch\\dataconnect": could not find dataconnect.yaml in `c:\Users\DevAI Studio\Documents\GitHub\PayMerch\dataconnect`
 {"metadata":{"emulator":{"name":"dataconnect"},"message":"E1111 12:17:25.794131    6988 watch.go:31] Failed to load config from \"c:\\\\Users\\\\DevAI Studio\\\\Documents\\\\GitHub\\\\PayMerch\\\\dataconnect\": could not find dataconnect.yaml in `c:\\Users\\DevAI Studio\\Documents\\GitHub\\PayMerch\\dataconnect`\n"}}
[debug] [2025-11-11T10:17:35.794Z] E1111 12:17:35.793910    6988 watch.go:31] Failed to load config from "c:\\Users\\DevAI Studio\\Documents\\GitHub\\PayMerch\\dataconnect": could not find dataconnect.yaml in `c:\Users\DevAI Studio\Documents\GitHub\PayMerch\dataconnect`
 {"metadata":{"emulator":{"name":"dataconnect"},"message":"E1111 12:17:35.793910    6988 watch.go:31] Failed to load config from \"c:\\\\Users\\\\DevAI Studio\\\\Documents\\\\GitHub\\\\PayMerch\\\\dataconnect\": could not find dataconnect.yaml in `c:\\Users\\DevAI Studio\\Documents\\GitHub\\PayMerch\\dataconnect`\n"}}
[debug] [2025-11-11T10:17:45.794Z] E1111 12:17:45.793916    6988 watch.go:31] Failed to load config from "c:\\Users\\DevAI Studio\\Documents\\GitHub\\PayMerch\\dataconnect": could not find dataconnect.yaml in `c:\Users\DevAI Studio\Documents\GitHub\PayMerch\dataconnect`
 {"metadata":{"emulator":{"name":"dataconnect"},"message":"E1111 12:17:45.793916    6988 watch.go:31] Failed to load config from \"c:\\\\Users\\\\DevAI Studio\\\\Documents\\\\GitHub\\\\PayMerch\\\\dataconnect\": could not find dataconnect.yaml in `c:\\Users\\DevAI Studio\\Documents\\GitHub\\PayMerch\\dataconnect`\n"}}
[debug] [2025-11-11T10:17:55.795Z] E1111 12:17:55.794696    6988 watch.go:31] Failed to load config from "c:\\Users\\DevAI Studio\\Documents\\GitHub\\PayMerch\\dataconnect": could not find dataconnect.yaml in `c:\Users\DevAI Studio\Documents\GitHub\PayMerch\dataconnect`
 {"metadata":{"emulator":{"name":"dataconnect"},"message":"E1111 12:17:55.794696    6988 watch.go:31] Failed to load config from \"c:\\\\Users\\\\DevAI Studio\\\\Documents\\\\GitHub\\\\PayMerch\\\\dataconnect\": could not find dataconnect.yaml in `c:\\Users\\DevAI Studio\\Documents\\GitHub\\PayMerch\\dataconnect`\n"}}
[debug] [2025-11-11T10:18:05.795Z] E1111 12:18:05.794993    6988 watch.go:31] Failed to load config from "c:\\Users\\DevAI Studio\\Documents\\GitHub\\PayMerch\\dataconnect": could not find dataconnect.yaml in `c:\Users\DevAI Studio\Documents\GitHub\PayMerch\dataconnect`
 {"metadata":{"emulator":{"name":"dataconnect"},"message":"E1111 12:18:05.794993    6988 watch.go:31] Failed to load config from \"c:\\\\Users\\\\DevAI Studio\\\\Documents\\\\GitHub\\\\PayMerch\\\\dataconnect\": could not find dataconnect.yaml in `c:\\Users\\DevAI Studio\\Documents\\GitHub\\PayMerch\\dataconnect`\n"}}
[debug] [2025-11-11T10:18:15.794Z] E1111 12:18:15.794482    6988 watch.go:31] Failed to load config from "c:\\Users\\DevAI Studio\\Documents\\GitHub\\PayMerch\\dataconnect": could not find dataconnect.yaml in `c:\Users\DevAI Studio\Documents\GitHub\PayMerch\dataconnect`
 {"metadata":{"emulator":{"name":"dataconnect"},"message":"E1111 12:18:15.794482    6988 watch.go:31] Failed to load config from \"c:\\\\Users\\\\DevAI Studio\\\\Documents\\\\GitHub\\\\PayMerch\\\\dataconnect\": could not find dataconnect.yaml in `c:\\Users\\DevAI Studio\\Documents\\GitHub\\PayMerch\\dataconnect`\n"}}
[debug] [2025-11-11T10:18:25.796Z] E1111 12:18:25.795465    6988 watch.go:31] Failed to load config from "c:\\Users\\DevAI Studio\\Documents\\GitHub\\PayMerch\\dataconnect": could not find dataconnect.yaml in `c:\Users\DevAI Studio\Documents\GitHub\PayMerch\dataconnect`
 {"metadata":{"emulator":{"name":"dataconnect"},"message":"E1111 12:18:25.795465    6988 watch.go:31] Failed to load config from \"c:\\\\Users\\\\DevAI Studio\\\\Documents\\\\GitHub\\\\PayMerch\\\\dataconnect\": could not find dataconnect.yaml in `c:\\Users\\DevAI Studio\\Documents\\GitHub\\PayMerch\\dataconnect`\n"}}
[debug] [2025-11-11T10:18:35.794Z] E1111 12:18:35.794191    6988 watch.go:31] Failed to load config from "c:\\Users\\DevAI Studio\\Documents\\GitHub\\PayMerch\\dataconnect": could not find dataconnect.yaml in `c:\Users\DevAI Studio\Documents\GitHub\PayMerch\dataconnect`
 {"metadata":{"emulator":{"name":"dataconnect"},"message":"E1111 12:18:35.794191    6988 watch.go:31] Failed to load config from \"c:\\\\Users\\\\DevAI Studio\\\\Documents\\\\GitHub\\\\PayMerch\\\\dataconnect\": could not find dataconnect.yaml in `c:\\Users\\DevAI Studio\\Documents\\GitHub\\PayMerch\\dataconnect`\n"}}
[debug] [2025-11-11T10:18:45.794Z] E1111 12:18:45.794737    6988 watch.go:31] Failed to load config from "c:\\Users\\DevAI Studio\\Documents\\GitHub\\PayMerch\\dataconnect": could not find dataconnect.yaml in `c:\Users\DevAI Studio\Documents\GitHub\PayMerch\dataconnect`
 {"metadata":{"emulator":{"name":"dataconnect"},"message":"E1111 12:18:45.794737    6988 watch.go:31] Failed to load config from \"c:\\\\Users\\\\DevAI Studio\\\\Documents\\\\GitHub\\\\PayMerch\\\\dataconnect\": could not find dataconnect.yaml in `c:\\Users\\DevAI Studio\\Documents\\GitHub\\PayMerch\\dataconnect`\n"}}
[debug] [2025-11-11T10:18:55.794Z] E1111 12:18:55.794158    6988 watch.go:31] Failed to load config from "c:\\Users\\DevAI Studio\\Documents\\GitHub\\PayMerch\\dataconnect": could not find dataconnect.yaml in `c:\Users\DevAI Studio\Documents\GitHub\PayMerch\dataconnect`
 {"metadata":{"emulator":{"name":"dataconnect"},"message":"E1111 12:18:55.794158    6988 watch.go:31] Failed to load config from \"c:\\\\Users\\\\DevAI Studio\\\\Documents\\\\GitHub\\\\PayMerch\\\\dataconnect\": could not find dataconnect.yaml in `c:\\Users\\DevAI Studio\\Documents\\GitHub\\PayMerch\\dataconnect`\n"}}
[debug] [2025-11-11T10:19:05.794Z] E1111 12:19:05.794139    6988 watch.go:31] Failed to load config from "c:\\Users\\DevAI Studio\\Documents\\GitHub\\PayMerch\\dataconnect": could not find dataconnect.yaml in `c:\Users\DevAI Studio\Documents\GitHub\PayMerch\dataconnect`
 {"metadata":{"emulator":{"name":"dataconnect"},"message":"E1111 12:19:05.794139    6988 watch.go:31] Failed to load config from \"c:\\\\Users\\\\DevAI Studio\\\\Documents\\\\GitHub\\\\PayMerch\\\\dataconnect\": could not find dataconnect.yaml in `c:\\Users\\DevAI Studio\\Documents\\GitHub\\PayMerch\\dataconnect`\n"}}
[debug] [2025-11-11T10:19:15.795Z] E1111 12:19:15.794759    6988 watch.go:31] Failed to load config from "c:\\Users\\DevAI Studio\\Documents\\GitHub\\PayMerch\\dataconnect": could not find dataconnect.yaml in `c:\Users\DevAI Studio\Documents\GitHub\PayMerch\dataconnect`
E1111 12:19:15.794759    6988 watch.go:102] watchAllDir unable to walk dir `c:\Users\DevAI Studio\Documents\GitHub\PayMerch\dataconnect`: CreateFile c:\Users\DevAI Studio\Documents\GitHub\PayMerch\dataconnect: The system cannot find the file specified.
 {"metadata":{"emulator":{"name":"dataconnect"},"message":"E1111 12:19:15.794759    6988 watch.go:31] Failed to load config from \"c:\\\\Users\\\\DevAI Studio\\\\Documents\\\\GitHub\\\\PayMerch\\\\dataconnect\": could not find dataconnect.yaml in `c:\\Users\\DevAI Studio\\Documents\\GitHub\\PayMerch\\dataconnect`\nE1111 12:19:15.794759    6988 watch.go:102] watchAllDir unable to walk dir `c:\\Users\\DevAI Studio\\Documents\\GitHub\\PayMerch\\dataconnect`: CreateFile c:\\Users\\DevAI Studio\\Documents\\GitHub\\PayMerch\\dataconnect: The system cannot find the file specified.\n"}}
[debug] [2025-11-11T10:19:25.795Z] E1111 12:19:25.794146    6988 watch.go:31] Failed to load config from "c:\\Users\\DevAI Studio\\Documents\\GitHub\\PayMerch\\dataconnect": could not find dataconnect.yaml in `c:\Users\DevAI Studio\Documents\GitHub\PayMerch\dataconnect`
 {"metadata":{"emulator":{"name":"dataconnect"},"message":"E1111 12:19:25.794146    6988 watch.go:31] Failed to load config from \"c:\\\\Users\\\\DevAI Studio\\\\Documents\\\\GitHub\\\\PayMerch\\\\dataconnect\": could not find dataconnect.yaml in `c:\\Users\\DevAI Studio\\Documents\\GitHub\\PayMerch\\dataconnect`\n"}}
[debug] [2025-11-11T10:19:35.795Z] E1111 12:19:35.795451    6988 watch.go:31] Failed to load config from "c:\\Users\\DevAI Studio\\Documents\\GitHub\\PayMerch\\dataconnect": could not find dataconnect.yaml in `c:\Users\DevAI Studio\Documents\GitHub\PayMerch\dataconnect`
 {"metadata":{"emulator":{"name":"dataconnect"},"message":"E1111 12:19:35.795451    6988 watch.go:31] Failed to load config from \"c:\\\\Users\\\\DevAI Studio\\\\Documents\\\\GitHub\\\\PayMerch\\\\dataconnect\": could not find dataconnect.yaml in `c:\\Users\\DevAI Studio\\Documents\\GitHub\\PayMerch\\dataconnect`\n"}}
[debug] [2025-11-11T10:19:45.794Z] E1111 12:19:45.794354    6988 watch.go:31] Failed to load config from "c:\\Users\\DevAI Studio\\Documents\\GitHub\\PayMerch\\dataconnect": could not find dataconnect.yaml in `c:\Users\DevAI Studio\Documents\GitHub\PayMerch\dataconnect`
 {"metadata":{"emulator":{"name":"dataconnect"},"message":"E1111 12:19:45.794354    6988 watch.go:31] Failed to load config from \"c:\\\\Users\\\\DevAI Studio\\\\Documents\\\\GitHub\\\\PayMerch\\\\dataconnect\": could not find dataconnect.yaml in `c:\\Users\\DevAI Studio\\Documents\\GitHub\\PayMerch\\dataconnect`\n"}}
[debug] [2025-11-11T10:19:55.794Z] E1111 12:19:55.795011    6988 watch.go:31] Failed to load config from "c:\\Users\\DevAI Studio\\Documents\\GitHub\\PayMerch\\dataconnect": could not find dataconnect.yaml in `c:\Users\DevAI Studio\Documents\GitHub\PayMerch\dataconnect`
 {"metadata":{"emulator":{"name":"dataconnect"},"message":"E1111 12:19:55.795011    6988 watch.go:31] Failed to load config from \"c:\\\\Users\\\\DevAI Studio\\\\Documents\\\\GitHub\\\\PayMerch\\\\dataconnect\": could not find dataconnect.yaml in `c:\\Users\\DevAI Studio\\Documents\\GitHub\\PayMerch\\dataconnect`\n"}}
[debug] [2025-11-11T10:20:05.795Z] E1111 12:20:05.794991    6988 watch.go:31] Failed to load config from "c:\\Users\\DevAI Studio\\Documents\\GitHub\\PayMerch\\dataconnect": could not find dataconnect.yaml in `c:\Users\DevAI Studio\Documents\GitHub\PayMerch\dataconnect`
 {"metadata":{"emulator":{"name":"dataconnect"},"message":"E1111 12:20:05.794991    6988 watch.go:31] Failed to load config from \"c:\\\\Users\\\\DevAI Studio\\\\Documents\\\\GitHub\\\\PayMerch\\\\dataconnect\": could not find dataconnect.yaml in `c:\\Users\\DevAI Studio\\Documents\\GitHub\\PayMerch\\dataconnect`\n"}}
[debug] [2025-11-11T10:20:15.796Z] E1111 12:20:15.796582    6988 watch.go:31] Failed to load config from "c:\\Users\\DevAI Studio\\Documents\\GitHub\\PayMerch\\dataconnect": could not find dataconnect.yaml in `c:\Users\DevAI Studio\Documents\GitHub\PayMerch\dataconnect`
 {"metadata":{"emulator":{"name":"dataconnect"},"message":"E1111 12:20:15.796582    6988 watch.go:31] Failed to load config from \"c:\\\\Users\\\\DevAI Studio\\\\Documents\\\\GitHub\\\\PayMerch\\\\dataconnect\": could not find dataconnect.yaml in `c:\\Users\\DevAI Studio\\Documents\\GitHub\\PayMerch\\dataconnect`\n"}}
[debug] [2025-11-11T10:20:25.795Z] E1111 12:20:25.794663    6988 watch.go:31] Failed to load config from "c:\\Users\\DevAI Studio\\Documents\\GitHub\\PayMerch\\dataconnect": could not find dataconnect.yaml in `c:\Users\DevAI Studio\Documents\GitHub\PayMerch\dataconnect`
 {"metadata":{"emulator":{"name":"dataconnect"},"message":"E1111 12:20:25.794663    6988 watch.go:31] Failed to load config from \"c:\\\\Users\\\\DevAI Studio\\\\Documents\\\\GitHub\\\\PayMerch\\\\dataconnect\": could not find dataconnect.yaml in `c:\\Users\\DevAI Studio\\Documents\\GitHub\\PayMerch\\dataconnect`\n"}}
[debug] [2025-11-11T10:20:35.795Z] E1111 12:20:35.794642    6988 watch.go:31] Failed to load config from "c:\\Users\\DevAI Studio\\Documents\\GitHub\\PayMerch\\dataconnect": could not find dataconnect.yaml in `c:\Users\DevAI Studio\Documents\GitHub\PayMerch\dataconnect`
 {"metadata":{"emulator":{"name":"dataconnect"},"message":"E1111 12:20:35.794642    6988 watch.go:31] Failed to load config from \"c:\\\\Users\\\\DevAI Studio\\\\Documents\\\\GitHub\\\\PayMerch\\\\dataconnect\": could not find dataconnect.yaml in `c:\\Users\\DevAI Studio\\Documents\\GitHub\\PayMerch\\dataconnect`\n"}}
[debug] [2025-11-11T10:20:45.794Z] E1111 12:20:45.794343    6988 watch.go:31] Failed to load config from "c:\\Users\\DevAI Studio\\Documents\\GitHub\\PayMerch\\dataconnect": could not find dataconnect.yaml in `c:\Users\DevAI Studio\Documents\GitHub\PayMerch\dataconnect`
 {"metadata":{"emulator":{"name":"dataconnect"},"message":"E1111 12:20:45.794343    6988 watch.go:31] Failed to load config from \"c:\\\\Users\\\\DevAI Studio\\\\Documents\\\\GitHub\\\\PayMerch\\\\dataconnect\": could not find dataconnect.yaml in `c:\\Users\\DevAI Studio\\Documents\\GitHub\\PayMerch\\dataconnect`\n"}}
[debug] [2025-11-11T10:20:55.794Z] E1111 12:20:55.794405    6988 watch.go:31] Failed to load config from "c:\\Users\\DevAI Studio\\Documents\\GitHub\\PayMerch\\dataconnect": could not find dataconnect.yaml in `c:\Users\DevAI Studio\Documents\GitHub\PayMerch\dataconnect`
 {"metadata":{"emulator":{"name":"dataconnect"},"message":"E1111 12:20:55.794405    6988 watch.go:31] Failed to load config from \"c:\\\\Users\\\\DevAI Studio\\\\Documents\\\\GitHub\\\\PayMerch\\\\dataconnect\": could not find dataconnect.yaml in `c:\\Users\\DevAI Studio\\Documents\\GitHub\\PayMerch\\dataconnect`\n"}}
[debug] [2025-11-11T10:21:05.794Z] E1111 12:21:05.794353    6988 watch.go:31] Failed to load config from "c:\\Users\\DevAI Studio\\Documents\\GitHub\\PayMerch\\dataconnect": could not find dataconnect.yaml in `c:\Users\DevAI Studio\Documents\GitHub\PayMerch\dataconnect`
 {"metadata":{"emulator":{"name":"dataconnect"},"message":"E1111 12:21:05.794353    6988 watch.go:31] Failed to load config from \"c:\\\\Users\\\\DevAI Studio\\\\Documents\\\\GitHub\\\\PayMerch\\\\dataconnect\": could not find dataconnect.yaml in `c:\\Users\\DevAI Studio\\Documents\\GitHub\\PayMerch\\dataconnect`\n"}}
[debug] [2025-11-11T10:21:15.794Z] E1111 12:21:15.794545    6988 watch.go:31] Failed to load config from "c:\\Users\\DevAI Studio\\Documents\\GitHub\\PayMerch\\dataconnect": could not find dataconnect.yaml in `c:\Users\DevAI Studio\Documents\GitHub\PayMerch\dataconnect`
E1111 12:21:15.794638    6988 watch.go:102] watchAllDir unable to walk dir `c:\Users\DevAI Studio\Documents\GitHub\PayMerch\dataconnect`: CreateFile c:\Users\DevAI Studio\Documents\GitHub\PayMerch\dataconnect: The system cannot find the file specified.
 {"metadata":{"emulator":{"name":"dataconnect"},"message":"E1111 12:21:15.794545    6988 watch.go:31] Failed to load config from \"c:\\\\Users\\\\DevAI Studio\\\\Documents\\\\GitHub\\\\PayMerch\\\\dataconnect\": could not find dataconnect.yaml in `c:\\Users\\DevAI Studio\\Documents\\GitHub\\PayMerch\\dataconnect`\nE1111 12:21:15.794638    6988 watch.go:102] watchAllDir unable to walk dir `c:\\Users\\DevAI Studio\\Documents\\GitHub\\PayMerch\\dataconnect`: CreateFile c:\\Users\\DevAI Studio\\Documents\\GitHub\\PayMerch\\dataconnect: The system cannot find the file specified.\n"}}
[debug] [2025-11-11T10:21:25.794Z] E1111 12:21:25.794429    6988 watch.go:31] Failed to load config from "c:\\Users\\DevAI Studio\\Documents\\GitHub\\PayMerch\\dataconnect": could not find dataconnect.yaml in `c:\Users\DevAI Studio\Documents\GitHub\PayMerch\dataconnect`
 {"metadata":{"emulator":{"name":"dataconnect"},"message":"E1111 12:21:25.794429    6988 watch.go:31] Failed to load config from \"c:\\\\Users\\\\DevAI Studio\\\\Documents\\\\GitHub\\\\PayMerch\\\\dataconnect\": could not find dataconnect.yaml in `c:\\Users\\DevAI Studio\\Documents\\GitHub\\PayMerch\\dataconnect`\n"}}
[debug] [2025-11-11T10:21:35.794Z] E1111 12:21:35.794599    6988 watch.go:31] Failed to load config from "c:\\Users\\DevAI Studio\\Documents\\GitHub\\PayMerch\\dataconnect": could not find dataconnect.yaml in `c:\Users\DevAI Studio\Documents\GitHub\PayMerch\dataconnect`
 {"metadata":{"emulator":{"name":"dataconnect"},"message":"E1111 12:21:35.794599    6988 watch.go:31] Failed to load config from \"c:\\\\Users\\\\DevAI Studio\\\\Documents\\\\GitHub\\\\PayMerch\\\\dataconnect\": could not find dataconnect.yaml in `c:\\Users\\DevAI Studio\\Documents\\GitHub\\PayMerch\\dataconnect`\n"}}
[debug] [2025-11-11T10:21:45.793Z] E1111 12:21:45.794170    6988 watch.go:31] Failed to load config from "c:\\Users\\DevAI Studio\\Documents\\GitHub\\PayMerch\\dataconnect": could not find dataconnect.yaml in `c:\Users\DevAI Studio\Documents\GitHub\PayMerch\dataconnect`
 {"metadata":{"emulator":{"name":"dataconnect"},"message":"E1111 12:21:45.794170    6988 watch.go:31] Failed to load config from \"c:\\\\Users\\\\DevAI Studio\\\\Documents\\\\GitHub\\\\PayMerch\\\\dataconnect\": could not find dataconnect.yaml in `c:\\Users\\DevAI Studio\\Documents\\GitHub\\PayMerch\\dataconnect`\n"}}
[debug] [2025-11-11T10:21:55.794Z] E1111 12:21:55.794227    6988 watch.go:31] Failed to load config from "c:\\Users\\DevAI Studio\\Documents\\GitHub\\PayMerch\\dataconnect": could not find dataconnect.yaml in `c:\Users\DevAI Studio\Documents\GitHub\PayMerch\dataconnect`
 {"metadata":{"emulator":{"name":"dataconnect"},"message":"E1111 12:21:55.794227    6988 watch.go:31] Failed to load config from \"c:\\\\Users\\\\DevAI Studio\\\\Documents\\\\GitHub\\\\PayMerch\\\\dataconnect\": could not find dataconnect.yaml in `c:\\Users\\DevAI Studio\\Documents\\GitHub\\PayMerch\\dataconnect`\n"}}
[debug] [2025-11-11T10:22:05.794Z] E1111 12:22:05.794300    6988 watch.go:31] Failed to load config from "c:\\Users\\DevAI Studio\\Documents\\GitHub\\PayMerch\\dataconnect": could not find dataconnect.yaml in `c:\Users\DevAI Studio\Documents\GitHub\PayMerch\dataconnect`
 {"metadata":{"emulator":{"name":"dataconnect"},"message":"E1111 12:22:05.794300    6988 watch.go:31] Failed to load config from \"c:\\\\Users\\\\DevAI Studio\\\\Documents\\\\GitHub\\\\PayMerch\\\\dataconnect\": could not find dataconnect.yaml in `c:\\Users\\DevAI Studio\\Documents\\GitHub\\PayMerch\\dataconnect`\n"}}
[debug] [2025-11-11T10:22:15.794Z] E1111 12:22:15.793952    6988 watch.go:31] Failed to load config from "c:\\Users\\DevAI Studio\\Documents\\GitHub\\PayMerch\\dataconnect": could not find dataconnect.yaml in `c:\Users\DevAI Studio\Documents\GitHub\PayMerch\dataconnect`
 {"metadata":{"emulator":{"name":"dataconnect"},"message":"E1111 12:22:15.793952    6988 watch.go:31] Failed to load config from \"c:\\\\Users\\\\DevAI Studio\\\\Documents\\\\GitHub\\\\PayMerch\\\\dataconnect\": could not find dataconnect.yaml in `c:\\Users\\DevAI Studio\\Documents\\GitHub\\PayMerch\\dataconnect`\n"}}
[debug] [2025-11-11T10:22:25.795Z] E1111 12:22:25.795309    6988 watch.go:31] Failed to load config from "c:\\Users\\DevAI Studio\\Documents\\GitHub\\PayMerch\\dataconnect": could not find dataconnect.yaml in `c:\Users\DevAI Studio\Documents\GitHub\PayMerch\dataconnect`
 {"metadata":{"emulator":{"name":"dataconnect"},"message":"E1111 12:22:25.795309    6988 watch.go:31] Failed to load config from \"c:\\\\Users\\\\DevAI Studio\\\\Documents\\\\GitHub\\\\PayMerch\\\\dataconnect\": could not find dataconnect.yaml in `c:\\Users\\DevAI Studio\\Documents\\GitHub\\PayMerch\\dataconnect`\n"}}
[debug] [2025-11-11T10:22:35.794Z] E1111 12:22:35.794003    6988 watch.go:31] Failed to load config from "c:\\Users\\DevAI Studio\\Documents\\GitHub\\PayMerch\\dataconnect": could not find dataconnect.yaml in `c:\Users\DevAI Studio\Documents\GitHub\PayMerch\dataconnect`
 {"metadata":{"emulator":{"name":"dataconnect"},"message":"E1111 12:22:35.794003    6988 watch.go:31] Failed to load config from \"c:\\\\Users\\\\DevAI Studio\\\\Documents\\\\GitHub\\\\PayMerch\\\\dataconnect\": could not find dataconnect.yaml in `c:\\Users\\DevAI Studio\\Documents\\GitHub\\PayMerch\\dataconnect`\n"}}
[debug] [2025-11-11T10:22:45.794Z] E1111 12:22:45.794155    6988 watch.go:31] Failed to load config from "c:\\Users\\DevAI Studio\\Documents\\GitHub\\PayMerch\\dataconnect": could not find dataconnect.yaml in `c:\Users\DevAI Studio\Documents\GitHub\PayMerch\dataconnect`
 {"metadata":{"emulator":{"name":"dataconnect"},"message":"E1111 12:22:45.794155    6988 watch.go:31] Failed to load config from \"c:\\\\Users\\\\DevAI Studio\\\\Documents\\\\GitHub\\\\PayMerch\\\\dataconnect\": could not find dataconnect.yaml in `c:\\Users\\DevAI Studio\\Documents\\GitHub\\PayMerch\\dataconnect`\n"}}
[debug] [2025-11-11T10:22:55.796Z] E1111 12:22:55.795286    6988 watch.go:31] Failed to load config from "c:\\Users\\DevAI Studio\\Documents\\GitHub\\PayMerch\\dataconnect": could not find dataconnect.yaml in `c:\Users\DevAI Studio\Documents\GitHub\PayMerch\dataconnect`
 {"metadata":{"emulator":{"name":"dataconnect"},"message":"E1111 12:22:55.795286    6988 watch.go:31] Failed to load config from \"c:\\\\Users\\\\DevAI Studio\\\\Documents\\\\GitHub\\\\PayMerch\\\\dataconnect\": could not find dataconnect.yaml in `c:\\Users\\DevAI Studio\\Documents\\GitHub\\PayMerch\\dataconnect`\n"}}
[debug] [2025-11-11T10:23:05.794Z] E1111 12:23:05.794200    6988 watch.go:31] Failed to load config from "c:\\Users\\DevAI Studio\\Documents\\GitHub\\PayMerch\\dataconnect": could not find dataconnect.yaml in `c:\Users\DevAI Studio\Documents\GitHub\PayMerch\dataconnect`
 {"metadata":{"emulator":{"name":"dataconnect"},"message":"E1111 12:23:05.794200    6988 watch.go:31] Failed to load config from \"c:\\\\Users\\\\DevAI Studio\\\\Documents\\\\GitHub\\\\PayMerch\\\\dataconnect\": could not find dataconnect.yaml in `c:\\Users\\DevAI Studio\\Documents\\GitHub\\PayMerch\\dataconnect`\n"}}
[debug] [2025-11-11T10:23:15.794Z] E1111 12:23:15.793972    6988 watch.go:31] Failed to load config from "c:\\Users\\DevAI Studio\\Documents\\GitHub\\PayMerch\\dataconnect": could not find dataconnect.yaml in `c:\Users\DevAI Studio\Documents\GitHub\PayMerch\dataconnect`
E1111 12:23:15.793972    6988 watch.go:102] watchAllDir unable to walk dir `c:\Users\DevAI Studio\Documents\GitHub\PayMerch\dataconnect`: CreateFile c:\Users\DevAI Studio\Documents\GitHub\PayMerch\dataconnect: The system cannot find the file specified.
 {"metadata":{"emulator":{"name":"dataconnect"},"message":"E1111 12:23:15.793972    6988 watch.go:31] Failed to load config from \"c:\\\\Users\\\\DevAI Studio\\\\Documents\\\\GitHub\\\\PayMerch\\\\dataconnect\": could not find dataconnect.yaml in `c:\\Users\\DevAI Studio\\Documents\\GitHub\\PayMerch\\dataconnect`\nE1111 12:23:15.793972    6988 watch.go:102] watchAllDir unable to walk dir `c:\\Users\\DevAI Studio\\Documents\\GitHub\\PayMerch\\dataconnect`: CreateFile c:\\Users\\DevAI Studio\\Documents\\GitHub\\PayMerch\\dataconnect: The system cannot find the file specified.\n"}}
[debug] [2025-11-11T10:23:25.794Z] E1111 12:23:25.794189    6988 watch.go:31] Failed to load config from "c:\\Users\\DevAI Studio\\Documents\\GitHub\\PayMerch\\dataconnect": could not find dataconnect.yaml in `c:\Users\DevAI Studio\Documents\GitHub\PayMerch\dataconnect`
 {"metadata":{"emulator":{"name":"dataconnect"},"message":"E1111 12:23:25.794189    6988 watch.go:31] Failed to load config from \"c:\\\\Users\\\\DevAI Studio\\\\Documents\\\\GitHub\\\\PayMerch\\\\dataconnect\": could not find dataconnect.yaml in `c:\\Users\\DevAI Studio\\Documents\\GitHub\\PayMerch\\dataconnect`\n"}}
[debug] [2025-11-11T10:23:35.794Z] E1111 12:23:35.794245    6988 watch.go:31] Failed to load config from "c:\\Users\\DevAI Studio\\Documents\\GitHub\\PayMerch\\dataconnect": could not find dataconnect.yaml in `c:\Users\DevAI Studio\Documents\GitHub\PayMerch\dataconnect`
 {"metadata":{"emulator":{"name":"dataconnect"},"message":"E1111 12:23:35.794245    6988 watch.go:31] Failed to load config from \"c:\\\\Users\\\\DevAI Studio\\\\Documents\\\\GitHub\\\\PayMerch\\\\dataconnect\": could not find dataconnect.yaml in `c:\\Users\\DevAI Studio\\Documents\\GitHub\\PayMerch\\dataconnect`\n"}}
[debug] [2025-11-11T10:23:45.794Z] E1111 12:23:45.793998    6988 watch.go:31] Failed to load config from "c:\\Users\\DevAI Studio\\Documents\\GitHub\\PayMerch\\dataconnect": could not find dataconnect.yaml in `c:\Users\DevAI Studio\Documents\GitHub\PayMerch\dataconnect`
 {"metadata":{"emulator":{"name":"dataconnect"},"message":"E1111 12:23:45.793998    6988 watch.go:31] Failed to load config from \"c:\\\\Users\\\\DevAI Studio\\\\Documents\\\\GitHub\\\\PayMerch\\\\dataconnect\": could not find dataconnect.yaml in `c:\\Users\\DevAI Studio\\Documents\\GitHub\\PayMerch\\dataconnect`\n"}}
[debug] [2025-11-11T10:23:55.794Z] E1111 12:23:55.794185    6988 watch.go:31] Failed to load config from "c:\\Users\\DevAI Studio\\Documents\\GitHub\\PayMerch\\dataconnect": could not find dataconnect.yaml in `c:\Users\DevAI Studio\Documents\GitHub\PayMerch\dataconnect`
 {"metadata":{"emulator":{"name":"dataconnect"},"message":"E1111 12:23:55.794185    6988 watch.go:31] Failed to load config from \"c:\\\\Users\\\\DevAI Studio\\\\Documents\\\\GitHub\\\\PayMerch\\\\dataconnect\": could not find dataconnect.yaml in `c:\\Users\\DevAI Studio\\Documents\\GitHub\\PayMerch\\dataconnect`\n"}}
[debug] [2025-11-11T10:24:05.794Z] E1111 12:24:05.794380    6988 watch.go:31] Failed to load config from "c:\\Users\\DevAI Studio\\Documents\\GitHub\\PayMerch\\dataconnect": could not find dataconnect.yaml in `c:\Users\DevAI Studio\Documents\GitHub\PayMerch\dataconnect`
 {"metadata":{"emulator":{"name":"dataconnect"},"message":"E1111 12:24:05.794380    6988 watch.go:31] Failed to load config from \"c:\\\\Users\\\\DevAI Studio\\\\Documents\\\\GitHub\\\\PayMerch\\\\dataconnect\": could not find dataconnect.yaml in `c:\\Users\\DevAI Studio\\Documents\\GitHub\\PayMerch\\dataconnect`\n"}}
[debug] [2025-11-11T10:24:15.793Z] E1111 12:24:15.794063    6988 watch.go:31] Failed to load config from "c:\\Users\\DevAI Studio\\Documents\\GitHub\\PayMerch\\dataconnect": could not find dataconnect.yaml in `c:\Users\DevAI Studio\Documents\GitHub\PayMerch\dataconnect`
 {"metadata":{"emulator":{"name":"dataconnect"},"message":"E1111 12:24:15.794063    6988 watch.go:31] Failed to load config from \"c:\\\\Users\\\\DevAI Studio\\\\Documents\\\\GitHub\\\\PayMerch\\\\dataconnect\": could not find dataconnect.yaml in `c:\\Users\\DevAI Studio\\Documents\\GitHub\\PayMerch\\dataconnect`\n"}}
[debug] [2025-11-11T10:24:25.794Z] E1111 12:24:25.794440    6988 watch.go:31] Failed to load config from "c:\\Users\\DevAI Studio\\Documents\\GitHub\\PayMerch\\dataconnect": could not find dataconnect.yaml in `c:\Users\DevAI Studio\Documents\GitHub\PayMerch\dataconnect`
 {"metadata":{"emulator":{"name":"dataconnect"},"message":"E1111 12:24:25.794440    6988 watch.go:31] Failed to load config from \"c:\\\\Users\\\\DevAI Studio\\\\Documents\\\\GitHub\\\\PayMerch\\\\dataconnect\": could not find dataconnect.yaml in `c:\\Users\\DevAI Studio\\Documents\\GitHub\\PayMerch\\dataconnect`\n"}}
[debug] [2025-11-11T10:24:35.795Z] E1111 12:24:35.795449    6988 watch.go:31] Failed to load config from "c:\\Users\\DevAI Studio\\Documents\\GitHub\\PayMerch\\dataconnect": could not find dataconnect.yaml in `c:\Users\DevAI Studio\Documents\GitHub\PayMerch\dataconnect`
 {"metadata":{"emulator":{"name":"dataconnect"},"message":"E1111 12:24:35.795449    6988 watch.go:31] Failed to load config from \"c:\\\\Users\\\\DevAI Studio\\\\Documents\\\\GitHub\\\\PayMerch\\\\dataconnect\": could not find dataconnect.yaml in `c:\\Users\\DevAI Studio\\Documents\\GitHub\\PayMerch\\dataconnect`\n"}}
[debug] [2025-11-11T10:24:45.794Z] E1111 12:24:45.794424    6988 watch.go:31] Failed to load config from "c:\\Users\\DevAI Studio\\Documents\\GitHub\\PayMerch\\dataconnect": could not find dataconnect.yaml in `c:\Users\DevAI Studio\Documents\GitHub\PayMerch\dataconnect`
 {"metadata":{"emulator":{"name":"dataconnect"},"message":"E1111 12:24:45.794424    6988 watch.go:31] Failed to load config from \"c:\\\\Users\\\\DevAI Studio\\\\Documents\\\\GitHub\\\\PayMerch\\\\dataconnect\": could not find dataconnect.yaml in `c:\\Users\\DevAI Studio\\Documents\\GitHub\\PayMerch\\dataconnect`\n"}}
[debug] [2025-11-11T10:24:55.794Z] E1111 12:24:55.794303    6988 watch.go:31] Failed to load config from "c:\\Users\\DevAI Studio\\Documents\\GitHub\\PayMerch\\dataconnect": could not find dataconnect.yaml in `c:\Users\DevAI Studio\Documents\GitHub\PayMerch\dataconnect`
 {"metadata":{"emulator":{"name":"dataconnect"},"message":"E1111 12:24:55.794303    6988 watch.go:31] Failed to load config from \"c:\\\\Users\\\\DevAI Studio\\\\Documents\\\\GitHub\\\\PayMerch\\\\dataconnect\": could not find dataconnect.yaml in `c:\\Users\\DevAI Studio\\Documents\\GitHub\\PayMerch\\dataconnect`\n"}}
[debug] [2025-11-11T10:25:05.794Z] E1111 12:25:05.794533    6988 watch.go:31] Failed to load config from "c:\\Users\\DevAI Studio\\Documents\\GitHub\\PayMerch\\dataconnect": could not find dataconnect.yaml in `c:\Users\DevAI Studio\Documents\GitHub\PayMerch\dataconnect`
 {"metadata":{"emulator":{"name":"dataconnect"},"message":"E1111 12:25:05.794533    6988 watch.go:31] Failed to load config from \"c:\\\\Users\\\\DevAI Studio\\\\Documents\\\\GitHub\\\\PayMerch\\\\dataconnect\": could not find dataconnect.yaml in `c:\\Users\\DevAI Studio\\Documents\\GitHub\\PayMerch\\dataconnect`\n"}}
[debug] [2025-11-11T10:25:15.794Z] E1111 12:25:15.794626    6988 watch.go:31] Failed to load config from "c:\\Users\\DevAI Studio\\Documents\\GitHub\\PayMerch\\dataconnect": could not find dataconnect.yaml in `c:\Users\DevAI Studio\Documents\GitHub\PayMerch\dataconnect`
 {"metadata":{"emulator":{"name":"dataconnect"},"message":"E1111 12:25:15.794626    6988 watch.go:31] Failed to load config from \"c:\\\\Users\\\\DevAI Studio\\\\Documents\\\\GitHub\\\\PayMerch\\\\dataconnect\": could not find dataconnect.yaml in `c:\\Users\\DevAI Studio\\Documents\\GitHub\\PayMerch\\dataconnect`\n"}}
[debug] [2025-11-11T10:25:15.795Z] E1111 12:25:15.794626    6988 watch.go:102] watchAllDir unable to walk dir `c:\Users\DevAI Studio\Documents\GitHub\PayMerch\dataconnect`: CreateFile c:\Users\DevAI Studio\Documents\GitHub\PayMerch\dataconnect: The system cannot find the file specified.
 {"metadata":{"emulator":{"name":"dataconnect"},"message":"E1111 12:25:15.794626    6988 watch.go:102] watchAllDir unable to walk dir `c:\\Users\\DevAI Studio\\Documents\\GitHub\\PayMerch\\dataconnect`: CreateFile c:\\Users\\DevAI Studio\\Documents\\GitHub\\PayMerch\\dataconnect: The system cannot find the file specified.\n"}}
[debug] [2025-11-11T10:25:25.794Z] E1111 12:25:25.793924    6988 watch.go:31] Failed to load config from "c:\\Users\\DevAI Studio\\Documents\\GitHub\\PayMerch\\dataconnect": could not find dataconnect.yaml in `c:\Users\DevAI Studio\Documents\GitHub\PayMerch\dataconnect`
 {"metadata":{"emulator":{"name":"dataconnect"},"message":"E1111 12:25:25.793924    6988 watch.go:31] Failed to load config from \"c:\\\\Users\\\\DevAI Studio\\\\Documents\\\\GitHub\\\\PayMerch\\\\dataconnect\": could not find dataconnect.yaml in `c:\\Users\\DevAI Studio\\Documents\\GitHub\\PayMerch\\dataconnect`\n"}}
[debug] [2025-11-11T10:25:35.794Z] E1111 12:25:35.793774    6988 watch.go:31] Failed to load config from "c:\\Users\\DevAI Studio\\Documents\\GitHub\\PayMerch\\dataconnect": could not find dataconnect.yaml in `c:\Users\DevAI Studio\Documents\GitHub\PayMerch\dataconnect`
 {"metadata":{"emulator":{"name":"dataconnect"},"message":"E1111 12:25:35.793774    6988 watch.go:31] Failed to load config from \"c:\\\\Users\\\\DevAI Studio\\\\Documents\\\\GitHub\\\\PayMerch\\\\dataconnect\": could not find dataconnect.yaml in `c:\\Users\\DevAI Studio\\Documents\\GitHub\\PayMerch\\dataconnect`\n"}}
[debug] [2025-11-11T10:25:45.795Z] E1111 12:25:45.794675    6988 watch.go:31] Failed to load config from "c:\\Users\\DevAI Studio\\Documents\\GitHub\\PayMerch\\dataconnect": could not find dataconnect.yaml in `c:\Users\DevAI Studio\Documents\GitHub\PayMerch\dataconnect`
 {"metadata":{"emulator":{"name":"dataconnect"},"message":"E1111 12:25:45.794675    6988 watch.go:31] Failed to load config from \"c:\\\\Users\\\\DevAI Studio\\\\Documents\\\\GitHub\\\\PayMerch\\\\dataconnect\": could not find dataconnect.yaml in `c:\\Users\\DevAI Studio\\Documents\\GitHub\\PayMerch\\dataconnect`\n"}}
[debug] [2025-11-11T10:25:55.795Z] E1111 12:25:55.794745    6988 watch.go:31] Failed to load config from "c:\\Users\\DevAI Studio\\Documents\\GitHub\\PayMerch\\dataconnect": could not find dataconnect.yaml in `c:\Users\DevAI Studio\Documents\GitHub\PayMerch\dataconnect`
 {"metadata":{"emulator":{"name":"dataconnect"},"message":"E1111 12:25:55.794745    6988 watch.go:31] Failed to load config from \"c:\\\\Users\\\\DevAI Studio\\\\Documents\\\\GitHub\\\\PayMerch\\\\dataconnect\": could not find dataconnect.yaml in `c:\\Users\\DevAI Studio\\Documents\\GitHub\\PayMerch\\dataconnect`\n"}}
[debug] [2025-11-11T10:26:05.795Z] E1111 12:26:05.795074    6988 watch.go:31] Failed to load config from "c:\\Users\\DevAI Studio\\Documents\\GitHub\\PayMerch\\dataconnect": could not find dataconnect.yaml in `c:\Users\DevAI Studio\Documents\GitHub\PayMerch\dataconnect`
 {"metadata":{"emulator":{"name":"dataconnect"},"message":"E1111 12:26:05.795074    6988 watch.go:31] Failed to load config from \"c:\\\\Users\\\\DevAI Studio\\\\Documents\\\\GitHub\\\\PayMerch\\\\dataconnect\": could not find dataconnect.yaml in `c:\\Users\\DevAI Studio\\Documents\\GitHub\\PayMerch\\dataconnect`\n"}}
[debug] [2025-11-11T10:26:15.795Z] E1111 12:26:15.794868    6988 watch.go:31] Failed to load config from "c:\\Users\\DevAI Studio\\Documents\\GitHub\\PayMerch\\dataconnect": could not find dataconnect.yaml in `c:\Users\DevAI Studio\Documents\GitHub\PayMerch\dataconnect`
 {"metadata":{"emulator":{"name":"dataconnect"},"message":"E1111 12:26:15.794868    6988 watch.go:31] Failed to load config from \"c:\\\\Users\\\\DevAI Studio\\\\Documents\\\\GitHub\\\\PayMerch\\\\dataconnect\": could not find dataconnect.yaml in `c:\\Users\\DevAI Studio\\Documents\\GitHub\\PayMerch\\dataconnect`\n"}}
[debug] [2025-11-11T10:26:25.794Z] E1111 12:26:25.794418    6988 watch.go:31] Failed to load config from "c:\\Users\\DevAI Studio\\Documents\\GitHub\\PayMerch\\dataconnect": could not find dataconnect.yaml in `c:\Users\DevAI Studio\Documents\GitHub\PayMerch\dataconnect`
 {"metadata":{"emulator":{"name":"dataconnect"},"message":"E1111 12:26:25.794418    6988 watch.go:31] Failed to load config from \"c:\\\\Users\\\\DevAI Studio\\\\Documents\\\\GitHub\\\\PayMerch\\\\dataconnect\": could not find dataconnect.yaml in `c:\\Users\\DevAI Studio\\Documents\\GitHub\\PayMerch\\dataconnect`\n"}}
[debug] [2025-11-11T10:26:35.794Z] E1111 12:26:35.794549    6988 watch.go:31] Failed to load config from "c:\\Users\\DevAI Studio\\Documents\\GitHub\\PayMerch\\dataconnect": could not find dataconnect.yaml in `c:\Users\DevAI Studio\Documents\GitHub\PayMerch\dataconnect`
 {"metadata":{"emulator":{"name":"dataconnect"},"message":"E1111 12:26:35.794549    6988 watch.go:31] Failed to load config from \"c:\\\\Users\\\\DevAI Studio\\\\Documents\\\\GitHub\\\\PayMerch\\\\dataconnect\": could not find dataconnect.yaml in `c:\\Users\\DevAI Studio\\Documents\\GitHub\\PayMerch\\dataconnect`\n"}}
[debug] [2025-11-11T10:26:45.795Z] E1111 12:26:45.794505    6988 watch.go:31] Failed to load config from "c:\\Users\\DevAI Studio\\Documents\\GitHub\\PayMerch\\dataconnect": could not find dataconnect.yaml in `c:\Users\DevAI Studio\Documents\GitHub\PayMerch\dataconnect`
 {"metadata":{"emulator":{"name":"dataconnect"},"message":"E1111 12:26:45.794505    6988 watch.go:31] Failed to load config from \"c:\\\\Users\\\\DevAI Studio\\\\Documents\\\\GitHub\\\\PayMerch\\\\dataconnect\": could not find dataconnect.yaml in `c:\\Users\\DevAI Studio\\Documents\\GitHub\\PayMerch\\dataconnect`\n"}}
[debug] [2025-11-11T10:26:55.795Z] E1111 12:26:55.795090    6988 watch.go:31] Failed to load config from "c:\\Users\\DevAI Studio\\Documents\\GitHub\\PayMerch\\dataconnect": could not find dataconnect.yaml in `c:\Users\DevAI Studio\Documents\GitHub\PayMerch\dataconnect`
 {"metadata":{"emulator":{"name":"dataconnect"},"message":"E1111 12:26:55.795090    6988 watch.go:31] Failed to load config from \"c:\\\\Users\\\\DevAI Studio\\\\Documents\\\\GitHub\\\\PayMerch\\\\dataconnect\": could not find dataconnect.yaml in `c:\\Users\\DevAI Studio\\Documents\\GitHub\\PayMerch\\dataconnect`\n"}}
[debug] [2025-11-11T10:27:05.795Z] E1111 12:27:05.794802    6988 watch.go:31] Failed to load config from "c:\\Users\\DevAI Studio\\Documents\\GitHub\\PayMerch\\dataconnect": could not find dataconnect.yaml in `c:\Users\DevAI Studio\Documents\GitHub\PayMerch\dataconnect`
 {"metadata":{"emulator":{"name":"dataconnect"},"message":"E1111 12:27:05.794802    6988 watch.go:31] Failed to load config from \"c:\\\\Users\\\\DevAI Studio\\\\Documents\\\\GitHub\\\\PayMerch\\\\dataconnect\": could not find dataconnect.yaml in `c:\\Users\\DevAI Studio\\Documents\\GitHub\\PayMerch\\dataconnect`\n"}}
[debug] [2025-11-11T10:27:15.796Z] E1111 12:27:15.795776    6988 watch.go:31] Failed to load config from "c:\\Users\\DevAI Studio\\Documents\\GitHub\\PayMerch\\dataconnect": could not find dataconnect.yaml in `c:\Users\DevAI Studio\Documents\GitHub\PayMerch\dataconnect`
E1111 12:27:15.796043    6988 watch.go:102] watchAllDir unable to walk dir `c:\Users\DevAI Studio\Documents\GitHub\PayMerch\dataconnect`: CreateFile c:\Users\DevAI Studio\Documents\GitHub\PayMerch\dataconnect: The system cannot find the file specified.
 {"metadata":{"emulator":{"name":"dataconnect"},"message":"E1111 12:27:15.795776    6988 watch.go:31] Failed to load config from \"c:\\\\Users\\\\DevAI Studio\\\\Documents\\\\GitHub\\\\PayMerch\\\\dataconnect\": could not find dataconnect.yaml in `c:\\Users\\DevAI Studio\\Documents\\GitHub\\PayMerch\\dataconnect`\nE1111 12:27:15.796043    6988 watch.go:102] watchAllDir unable to walk dir `c:\\Users\\DevAI Studio\\Documents\\GitHub\\PayMerch\\dataconnect`: CreateFile c:\\Users\\DevAI Studio\\Documents\\GitHub\\PayMerch\\dataconnect: The system cannot find the file specified.\n"}}
[debug] [2025-11-11T10:27:25.794Z] E1111 12:27:25.794544    6988 watch.go:31] Failed to load config from "c:\\Users\\DevAI Studio\\Documents\\GitHub\\PayMerch\\dataconnect": could not find dataconnect.yaml in `c:\Users\DevAI Studio\Documents\GitHub\PayMerch\dataconnect`
 {"metadata":{"emulator":{"name":"dataconnect"},"message":"E1111 12:27:25.794544    6988 watch.go:31] Failed to load config from \"c:\\\\Users\\\\DevAI Studio\\\\Documents\\\\GitHub\\\\PayMerch\\\\dataconnect\": could not find dataconnect.yaml in `c:\\Users\\DevAI Studio\\Documents\\GitHub\\PayMerch\\dataconnect`\n"}}
[debug] [2025-11-11T10:27:35.794Z] E1111 12:27:35.794142    6988 watch.go:31] Failed to load config from "c:\\Users\\DevAI Studio\\Documents\\GitHub\\PayMerch\\dataconnect": could not find dataconnect.yaml in `c:\Users\DevAI Studio\Documents\GitHub\PayMerch\dataconnect`
 {"metadata":{"emulator":{"name":"dataconnect"},"message":"E1111 12:27:35.794142    6988 watch.go:31] Failed to load config from \"c:\\\\Users\\\\DevAI Studio\\\\Documents\\\\GitHub\\\\PayMerch\\\\dataconnect\": could not find dataconnect.yaml in `c:\\Users\\DevAI Studio\\Documents\\GitHub\\PayMerch\\dataconnect`\n"}}
[debug] [2025-11-11T10:27:45.794Z] E1111 12:27:45.794381    6988 watch.go:31] Failed to load config from "c:\\Users\\DevAI Studio\\Documents\\GitHub\\PayMerch\\dataconnect": could not find dataconnect.yaml in `c:\Users\DevAI Studio\Documents\GitHub\PayMerch\dataconnect`
 {"metadata":{"emulator":{"name":"dataconnect"},"message":"E1111 12:27:45.794381    6988 watch.go:31] Failed to load config from \"c:\\\\Users\\\\DevAI Studio\\\\Documents\\\\GitHub\\\\PayMerch\\\\dataconnect\": could not find dataconnect.yaml in `c:\\Users\\DevAI Studio\\Documents\\GitHub\\PayMerch\\dataconnect`\n"}}
[debug] [2025-11-11T10:27:55.794Z] E1111 12:27:55.794478    6988 watch.go:31] Failed to load config from "c:\\Users\\DevAI Studio\\Documents\\GitHub\\PayMerch\\dataconnect": could not find dataconnect.yaml in `c:\Users\DevAI Studio\Documents\GitHub\PayMerch\dataconnect`
 {"metadata":{"emulator":{"name":"dataconnect"},"message":"E1111 12:27:55.794478    6988 watch.go:31] Failed to load config from \"c:\\\\Users\\\\DevAI Studio\\\\Documents\\\\GitHub\\\\PayMerch\\\\dataconnect\": could not find dataconnect.yaml in `c:\\Users\\DevAI Studio\\Documents\\GitHub\\PayMerch\\dataconnect`\n"}}
[debug] [2025-11-11T10:28:05.794Z] E1111 12:28:05.794485    6988 watch.go:31] Failed to load config from "c:\\Users\\DevAI Studio\\Documents\\GitHub\\PayMerch\\dataconnect": could not find dataconnect.yaml in `c:\Users\DevAI Studio\Documents\GitHub\PayMerch\dataconnect`
 {"metadata":{"emulator":{"name":"dataconnect"},"message":"E1111 12:28:05.794485    6988 watch.go:31] Failed to load config from \"c:\\\\Users\\\\DevAI Studio\\\\Documents\\\\GitHub\\\\PayMerch\\\\dataconnect\": could not find dataconnect.yaml in `c:\\Users\\DevAI Studio\\Documents\\GitHub\\PayMerch\\dataconnect`\n"}}
[debug] [2025-11-11T10:28:15.794Z] E1111 12:28:15.793885    6988 watch.go:31] Failed to load config from "c:\\Users\\DevAI Studio\\Documents\\GitHub\\PayMerch\\dataconnect": could not find dataconnect.yaml in `c:\Users\DevAI Studio\Documents\GitHub\PayMerch\dataconnect`
 {"metadata":{"emulator":{"name":"dataconnect"},"message":"E1111 12:28:15.793885    6988 watch.go:31] Failed to load config from \"c:\\\\Users\\\\DevAI Studio\\\\Documents\\\\GitHub\\\\PayMerch\\\\dataconnect\": could not find dataconnect.yaml in `c:\\Users\\DevAI Studio\\Documents\\GitHub\\PayMerch\\dataconnect`\n"}}
[debug] [2025-11-11T10:28:25.794Z] E1111 12:28:25.794555    6988 watch.go:31] Failed to load config from "c:\\Users\\DevAI Studio\\Documents\\GitHub\\PayMerch\\dataconnect": could not find dataconnect.yaml in `c:\Users\DevAI Studio\Documents\GitHub\PayMerch\dataconnect`
 {"metadata":{"emulator":{"name":"dataconnect"},"message":"E1111 12:28:25.794555    6988 watch.go:31] Failed to load config from \"c:\\\\Users\\\\DevAI Studio\\\\Documents\\\\GitHub\\\\PayMerch\\\\dataconnect\": could not find dataconnect.yaml in `c:\\Users\\DevAI Studio\\Documents\\GitHub\\PayMerch\\dataconnect`\n"}}
[debug] [2025-11-11T10:28:35.795Z] E1111 12:28:35.794247    6988 watch.go:31] Failed to load config from "c:\\Users\\DevAI Studio\\Documents\\GitHub\\PayMerch\\dataconnect": could not find dataconnect.yaml in `c:\Users\DevAI Studio\Documents\GitHub\PayMerch\dataconnect`
 {"metadata":{"emulator":{"name":"dataconnect"},"message":"E1111 12:28:35.794247    6988 watch.go:31] Failed to load config from \"c:\\\\Users\\\\DevAI Studio\\\\Documents\\\\GitHub\\\\PayMerch\\\\dataconnect\": could not find dataconnect.yaml in `c:\\Users\\DevAI Studio\\Documents\\GitHub\\PayMerch\\dataconnect`\n"}}
[debug] [2025-11-11T10:28:45.794Z] E1111 12:28:45.794292    6988 watch.go:31] Failed to load config from "c:\\Users\\DevAI Studio\\Documents\\GitHub\\PayMerch\\dataconnect": could not find dataconnect.yaml in `c:\Users\DevAI Studio\Documents\GitHub\PayMerch\dataconnect`
 {"metadata":{"emulator":{"name":"dataconnect"},"message":"E1111 12:28:45.794292    6988 watch.go:31] Failed to load config from \"c:\\\\Users\\\\DevAI Studio\\\\Documents\\\\GitHub\\\\PayMerch\\\\dataconnect\": could not find dataconnect.yaml in `c:\\Users\\DevAI Studio\\Documents\\GitHub\\PayMerch\\dataconnect`\n"}}
[debug] [2025-11-11T10:28:55.794Z] E1111 12:28:55.794155    6988 watch.go:31] Failed to load config from "c:\\Users\\DevAI Studio\\Documents\\GitHub\\PayMerch\\dataconnect": could not find dataconnect.yaml in `c:\Users\DevAI Studio\Documents\GitHub\PayMerch\dataconnect`
 {"metadata":{"emulator":{"name":"dataconnect"},"message":"E1111 12:28:55.794155    6988 watch.go:31] Failed to load config from \"c:\\\\Users\\\\DevAI Studio\\\\Documents\\\\GitHub\\\\PayMerch\\\\dataconnect\": could not find dataconnect.yaml in `c:\\Users\\DevAI Studio\\Documents\\GitHub\\PayMerch\\dataconnect`\n"}}
[debug] [2025-11-11T10:29:05.794Z] E1111 12:29:05.794550    6988 watch.go:31] Failed to load config from "c:\\Users\\DevAI Studio\\Documents\\GitHub\\PayMerch\\dataconnect": could not find dataconnect.yaml in `c:\Users\DevAI Studio\Documents\GitHub\PayMerch\dataconnect`
 {"metadata":{"emulator":{"name":"dataconnect"},"message":"E1111 12:29:05.794550    6988 watch.go:31] Failed to load config from \"c:\\\\Users\\\\DevAI Studio\\\\Documents\\\\GitHub\\\\PayMerch\\\\dataconnect\": could not find dataconnect.yaml in `c:\\Users\\DevAI Studio\\Documents\\GitHub\\PayMerch\\dataconnect`\n"}}
[debug] [2025-11-11T10:29:15.794Z] E1111 12:29:15.794165    6988 watch.go:31] Failed to load config from "c:\\Users\\DevAI Studio\\Documents\\GitHub\\PayMerch\\dataconnect": could not find dataconnect.yaml in `c:\Users\DevAI Studio\Documents\GitHub\PayMerch\dataconnect`
 {"metadata":{"emulator":{"name":"dataconnect"},"message":"E1111 12:29:15.794165    6988 watch.go:31] Failed to load config from \"c:\\\\Users\\\\DevAI Studio\\\\Documents\\\\GitHub\\\\PayMerch\\\\dataconnect\": could not find dataconnect.yaml in `c:\\Users\\DevAI Studio\\Documents\\GitHub\\PayMerch\\dataconnect`\n"}}
[debug] [2025-11-11T10:29:15.794Z] E1111 12:29:15.794670    6988 watch.go:102] watchAllDir unable to walk dir `c:\Users\DevAI Studio\Documents\GitHub\PayMerch\dataconnect`: CreateFile c:\Users\DevAI Studio\Documents\GitHub\PayMerch\dataconnect: The system cannot find the file specified.
 {"metadata":{"emulator":{"name":"dataconnect"},"message":"E1111 12:29:15.794670    6988 watch.go:102] watchAllDir unable to walk dir `c:\\Users\\DevAI Studio\\Documents\\GitHub\\PayMerch\\dataconnect`: CreateFile c:\\Users\\DevAI Studio\\Documents\\GitHub\\PayMerch\\dataconnect: The system cannot find the file specified.\n"}}
[debug] [2025-11-11T10:29:25.794Z] E1111 12:29:25.794092    6988 watch.go:31] Failed to load config from "c:\\Users\\DevAI Studio\\Documents\\GitHub\\PayMerch\\dataconnect": could not find dataconnect.yaml in `c:\Users\DevAI Studio\Documents\GitHub\PayMerch\dataconnect`
 {"metadata":{"emulator":{"name":"dataconnect"},"message":"E1111 12:29:25.794092    6988 watch.go:31] Failed to load config from \"c:\\\\Users\\\\DevAI Studio\\\\Documents\\\\GitHub\\\\PayMerch\\\\dataconnect\": could not find dataconnect.yaml in `c:\\Users\\DevAI Studio\\Documents\\GitHub\\PayMerch\\dataconnect`\n"}}
[debug] [2025-11-11T10:29:35.793Z] E1111 12:29:35.793888    6988 watch.go:31] Failed to load config from "c:\\Users\\DevAI Studio\\Documents\\GitHub\\PayMerch\\dataconnect": could not find dataconnect.yaml in `c:\Users\DevAI Studio\Documents\GitHub\PayMerch\dataconnect`
 {"metadata":{"emulator":{"name":"dataconnect"},"message":"E1111 12:29:35.793888    6988 watch.go:31] Failed to load config from \"c:\\\\Users\\\\DevAI Studio\\\\Documents\\\\GitHub\\\\PayMerch\\\\dataconnect\": could not find dataconnect.yaml in `c:\\Users\\DevAI Studio\\Documents\\GitHub\\PayMerch\\dataconnect`\n"}}
[debug] [2025-11-11T10:29:45.797Z] E1111 12:29:45.797141    6988 watch.go:31] Failed to load config from "c:\\Users\\DevAI Studio\\Documents\\GitHub\\PayMerch\\dataconnect": could not find dataconnect.yaml in `c:\Users\DevAI Studio\Documents\GitHub\PayMerch\dataconnect`
 {"metadata":{"emulator":{"name":"dataconnect"},"message":"E1111 12:29:45.797141    6988 watch.go:31] Failed to load config from \"c:\\\\Users\\\\DevAI Studio\\\\Documents\\\\GitHub\\\\PayMerch\\\\dataconnect\": could not find dataconnect.yaml in `c:\\Users\\DevAI Studio\\Documents\\GitHub\\PayMerch\\dataconnect`\n"}}
[debug] [2025-11-11T10:29:55.794Z] E1111 12:29:55.794272    6988 watch.go:31] Failed to load config from "c:\\Users\\DevAI Studio\\Documents\\GitHub\\PayMerch\\dataconnect": could not find dataconnect.yaml in `c:\Users\DevAI Studio\Documents\GitHub\PayMerch\dataconnect`
 {"metadata":{"emulator":{"name":"dataconnect"},"message":"E1111 12:29:55.794272    6988 watch.go:31] Failed to load config from \"c:\\\\Users\\\\DevAI Studio\\\\Documents\\\\GitHub\\\\PayMerch\\\\dataconnect\": could not find dataconnect.yaml in `c:\\Users\\DevAI Studio\\Documents\\GitHub\\PayMerch\\dataconnect`\n"}}
[debug] [2025-11-11T10:30:05.794Z] E1111 12:30:05.794233    6988 watch.go:31] Failed to load config from "c:\\Users\\DevAI Studio\\Documents\\GitHub\\PayMerch\\dataconnect": could not find dataconnect.yaml in `c:\Users\DevAI Studio\Documents\GitHub\PayMerch\dataconnect`
 {"metadata":{"emulator":{"name":"dataconnect"},"message":"E1111 12:30:05.794233    6988 watch.go:31] Failed to load config from \"c:\\\\Users\\\\DevAI Studio\\\\Documents\\\\GitHub\\\\PayMerch\\\\dataconnect\": could not find dataconnect.yaml in `c:\\Users\\DevAI Studio\\Documents\\GitHub\\PayMerch\\dataconnect`\n"}}
[debug] [2025-11-11T10:30:15.794Z] E1111 12:30:15.794572    6988 watch.go:31] Failed to load config from "c:\\Users\\DevAI Studio\\Documents\\GitHub\\PayMerch\\dataconnect": could not find dataconnect.yaml in `c:\Users\DevAI Studio\Documents\GitHub\PayMerch\dataconnect`
 {"metadata":{"emulator":{"name":"dataconnect"},"message":"E1111 12:30:15.794572    6988 watch.go:31] Failed to load config from \"c:\\\\Users\\\\DevAI Studio\\\\Documents\\\\GitHub\\\\PayMerch\\\\dataconnect\": could not find dataconnect.yaml in `c:\\Users\\DevAI Studio\\Documents\\GitHub\\PayMerch\\dataconnect`\n"}}
[debug] [2025-11-11T10:30:25.794Z] E1111 12:30:25.794338    6988 watch.go:31] Failed to load config from "c:\\Users\\DevAI Studio\\Documents\\GitHub\\PayMerch\\dataconnect": could not find dataconnect.yaml in `c:\Users\DevAI Studio\Documents\GitHub\PayMerch\dataconnect`
 {"metadata":{"emulator":{"name":"dataconnect"},"message":"E1111 12:30:25.794338    6988 watch.go:31] Failed to load config from \"c:\\\\Users\\\\DevAI Studio\\\\Documents\\\\GitHub\\\\PayMerch\\\\dataconnect\": could not find dataconnect.yaml in `c:\\Users\\DevAI Studio\\Documents\\GitHub\\PayMerch\\dataconnect`\n"}}
[debug] [2025-11-11T10:30:35.794Z] E1111 12:30:35.794094    6988 watch.go:31] Failed to load config from "c:\\Users\\DevAI Studio\\Documents\\GitHub\\PayMerch\\dataconnect": could not find dataconnect.yaml in `c:\Users\DevAI Studio\Documents\GitHub\PayMerch\dataconnect`
 {"metadata":{"emulator":{"name":"dataconnect"},"message":"E1111 12:30:35.794094    6988 watch.go:31] Failed to load config from \"c:\\\\Users\\\\DevAI Studio\\\\Documents\\\\GitHub\\\\PayMerch\\\\dataconnect\": could not find dataconnect.yaml in `c:\\Users\\DevAI Studio\\Documents\\GitHub\\PayMerch\\dataconnect`\n"}}
[debug] [2025-11-11T10:30:45.794Z] E1111 12:30:45.794451    6988 watch.go:31] Failed to load config from "c:\\Users\\DevAI Studio\\Documents\\GitHub\\PayMerch\\dataconnect": could not find dataconnect.yaml in `c:\Users\DevAI Studio\Documents\GitHub\PayMerch\dataconnect`
 {"metadata":{"emulator":{"name":"dataconnect"},"message":"E1111 12:30:45.794451    6988 watch.go:31] Failed to load config from \"c:\\\\Users\\\\DevAI Studio\\\\Documents\\\\GitHub\\\\PayMerch\\\\dataconnect\": could not find dataconnect.yaml in `c:\\Users\\DevAI Studio\\Documents\\GitHub\\PayMerch\\dataconnect`\n"}}
[debug] [2025-11-11T10:30:55.794Z] E1111 12:30:55.794661    6988 watch.go:31] Failed to load config from "c:\\Users\\DevAI Studio\\Documents\\GitHub\\PayMerch\\dataconnect": could not find dataconnect.yaml in `c:\Users\DevAI Studio\Documents\GitHub\PayMerch\dataconnect`
 {"metadata":{"emulator":{"name":"dataconnect"},"message":"E1111 12:30:55.794661    6988 watch.go:31] Failed to load config from \"c:\\\\Users\\\\DevAI Studio\\\\Documents\\\\GitHub\\\\PayMerch\\\\dataconnect\": could not find dataconnect.yaml in `c:\\Users\\DevAI Studio\\Documents\\GitHub\\PayMerch\\dataconnect`\n"}}
[debug] [2025-11-11T10:31:05.794Z] E1111 12:31:05.794048    6988 watch.go:31] Failed to load config from "c:\\Users\\DevAI Studio\\Documents\\GitHub\\PayMerch\\dataconnect": could not find dataconnect.yaml in `c:\Users\DevAI Studio\Documents\GitHub\PayMerch\dataconnect`
 {"metadata":{"emulator":{"name":"dataconnect"},"message":"E1111 12:31:05.794048    6988 watch.go:31] Failed to load config from \"c:\\\\Users\\\\DevAI Studio\\\\Documents\\\\GitHub\\\\PayMerch\\\\dataconnect\": could not find dataconnect.yaml in `c:\\Users\\DevAI Studio\\Documents\\GitHub\\PayMerch\\dataconnect`\n"}}
[debug] [2025-11-11T10:31:15.794Z] E1111 12:31:15.794034    6988 watch.go:31] Failed to load config from "c:\\Users\\DevAI Studio\\Documents\\GitHub\\PayMerch\\dataconnect": could not find dataconnect.yaml in `c:\Users\DevAI Studio\Documents\GitHub\PayMerch\dataconnect`
E1111 12:31:15.794034    6988 watch.go:102] watchAllDir unable to walk dir `c:\Users\DevAI Studio\Documents\GitHub\PayMerch\dataconnect`: CreateFile c:\Users\DevAI Studio\Documents\GitHub\PayMerch\dataconnect: The system cannot find the file specified.
 {"metadata":{"emulator":{"name":"dataconnect"},"message":"E1111 12:31:15.794034    6988 watch.go:31] Failed to load config from \"c:\\\\Users\\\\DevAI Studio\\\\Documents\\\\GitHub\\\\PayMerch\\\\dataconnect\": could not find dataconnect.yaml in `c:\\Users\\DevAI Studio\\Documents\\GitHub\\PayMerch\\dataconnect`\nE1111 12:31:15.794034    6988 watch.go:102] watchAllDir unable to walk dir `c:\\Users\\DevAI Studio\\Documents\\GitHub\\PayMerch\\dataconnect`: CreateFile c:\\Users\\DevAI Studio\\Documents\\GitHub\\PayMerch\\dataconnect: The system cannot find the file specified.\n"}}
[debug] [2025-11-11T10:31:25.794Z] E1111 12:31:25.794329    6988 watch.go:31] Failed to load config from "c:\\Users\\DevAI Studio\\Documents\\GitHub\\PayMerch\\dataconnect": could not find dataconnect.yaml in `c:\Users\DevAI Studio\Documents\GitHub\PayMerch\dataconnect`
 {"metadata":{"emulator":{"name":"dataconnect"},"message":"E1111 12:31:25.794329    6988 watch.go:31] Failed to load config from \"c:\\\\Users\\\\DevAI Studio\\\\Documents\\\\GitHub\\\\PayMerch\\\\dataconnect\": could not find dataconnect.yaml in `c:\\Users\\DevAI Studio\\Documents\\GitHub\\PayMerch\\dataconnect`\n"}}
[debug] [2025-11-11T10:31:35.795Z] E1111 12:31:35.794522    6988 watch.go:31] Failed to load config from "c:\\Users\\DevAI Studio\\Documents\\GitHub\\PayMerch\\dataconnect": could not find dataconnect.yaml in `c:\Users\DevAI Studio\Documents\GitHub\PayMerch\dataconnect`
 {"metadata":{"emulator":{"name":"dataconnect"},"message":"E1111 12:31:35.794522    6988 watch.go:31] Failed to load config from \"c:\\\\Users\\\\DevAI Studio\\\\Documents\\\\GitHub\\\\PayMerch\\\\dataconnect\": could not find dataconnect.yaml in `c:\\Users\\DevAI Studio\\Documents\\GitHub\\PayMerch\\dataconnect`\n"}}
[debug] [2025-11-11T10:31:45.795Z] E1111 12:31:45.794471    6988 watch.go:31] Failed to load config from "c:\\Users\\DevAI Studio\\Documents\\GitHub\\PayMerch\\dataconnect": could not find dataconnect.yaml in `c:\Users\DevAI Studio\Documents\GitHub\PayMerch\dataconnect`
 {"metadata":{"emulator":{"name":"dataconnect"},"message":"E1111 12:31:45.794471    6988 watch.go:31] Failed to load config from \"c:\\\\Users\\\\DevAI Studio\\\\Documents\\\\GitHub\\\\PayMerch\\\\dataconnect\": could not find dataconnect.yaml in `c:\\Users\\DevAI Studio\\Documents\\GitHub\\PayMerch\\dataconnect`\n"}}
[debug] [2025-11-11T10:31:55.795Z] E1111 12:31:55.794713    6988 watch.go:31] Failed to load config from "c:\\Users\\DevAI Studio\\Documents\\GitHub\\PayMerch\\dataconnect": could not find dataconnect.yaml in `c:\Users\DevAI Studio\Documents\GitHub\PayMerch\dataconnect`
 {"metadata":{"emulator":{"name":"dataconnect"},"message":"E1111 12:31:55.794713    6988 watch.go:31] Failed to load config from \"c:\\\\Users\\\\DevAI Studio\\\\Documents\\\\GitHub\\\\PayMerch\\\\dataconnect\": could not find dataconnect.yaml in `c:\\Users\\DevAI Studio\\Documents\\GitHub\\PayMerch\\dataconnect`\n"}}
[debug] [2025-11-11T10:32:05.795Z] E1111 12:32:05.794700    6988 watch.go:31] Failed to load config from "c:\\Users\\DevAI Studio\\Documents\\GitHub\\PayMerch\\dataconnect": could not find dataconnect.yaml in `c:\Users\DevAI Studio\Documents\GitHub\PayMerch\dataconnect`
 {"metadata":{"emulator":{"name":"dataconnect"},"message":"E1111 12:32:05.794700    6988 watch.go:31] Failed to load config from \"c:\\\\Users\\\\DevAI Studio\\\\Documents\\\\GitHub\\\\PayMerch\\\\dataconnect\": could not find dataconnect.yaml in `c:\\Users\\DevAI Studio\\Documents\\GitHub\\PayMerch\\dataconnect`\n"}}
[debug] [2025-11-11T10:32:15.795Z] E1111 12:32:15.794425    6988 watch.go:31] Failed to load config from "c:\\Users\\DevAI Studio\\Documents\\GitHub\\PayMerch\\dataconnect": could not find dataconnect.yaml in `c:\Users\DevAI Studio\Documents\GitHub\PayMerch\dataconnect`
 {"metadata":{"emulator":{"name":"dataconnect"},"message":"E1111 12:32:15.794425    6988 watch.go:31] Failed to load config from \"c:\\\\Users\\\\DevAI Studio\\\\Documents\\\\GitHub\\\\PayMerch\\\\dataconnect\": could not find dataconnect.yaml in `c:\\Users\\DevAI Studio\\Documents\\GitHub\\PayMerch\\dataconnect`\n"}}
[debug] [2025-11-11T10:32:25.794Z] E1111 12:32:25.794482    6988 watch.go:31] Failed to load config from "c:\\Users\\DevAI Studio\\Documents\\GitHub\\PayMerch\\dataconnect": could not find dataconnect.yaml in `c:\Users\DevAI Studio\Documents\GitHub\PayMerch\dataconnect`
 {"metadata":{"emulator":{"name":"dataconnect"},"message":"E1111 12:32:25.794482    6988 watch.go:31] Failed to load config from \"c:\\\\Users\\\\DevAI Studio\\\\Documents\\\\GitHub\\\\PayMerch\\\\dataconnect\": could not find dataconnect.yaml in `c:\\Users\\DevAI Studio\\Documents\\GitHub\\PayMerch\\dataconnect`\n"}}
[debug] [2025-11-11T10:32:35.794Z] E1111 12:32:35.793901    6988 watch.go:31] Failed to load config from "c:\\Users\\DevAI Studio\\Documents\\GitHub\\PayMerch\\dataconnect": could not find dataconnect.yaml in `c:\Users\DevAI Studio\Documents\GitHub\PayMerch\dataconnect`
 {"metadata":{"emulator":{"name":"dataconnect"},"message":"E1111 12:32:35.793901    6988 watch.go:31] Failed to load config from \"c:\\\\Users\\\\DevAI Studio\\\\Documents\\\\GitHub\\\\PayMerch\\\\dataconnect\": could not find dataconnect.yaml in `c:\\Users\\DevAI Studio\\Documents\\GitHub\\PayMerch\\dataconnect`\n"}}
[debug] [2025-11-11T10:32:45.795Z] E1111 12:32:45.794649    6988 watch.go:31] Failed to load config from "c:\\Users\\DevAI Studio\\Documents\\GitHub\\PayMerch\\dataconnect": could not find dataconnect.yaml in `c:\Users\DevAI Studio\Documents\GitHub\PayMerch\dataconnect`
 {"metadata":{"emulator":{"name":"dataconnect"},"message":"E1111 12:32:45.794649    6988 watch.go:31] Failed to load config from \"c:\\\\Users\\\\DevAI Studio\\\\Documents\\\\GitHub\\\\PayMerch\\\\dataconnect\": could not find dataconnect.yaml in `c:\\Users\\DevAI Studio\\Documents\\GitHub\\PayMerch\\dataconnect`\n"}}
[debug] [2025-11-11T10:32:55.794Z] E1111 12:32:55.793940    6988 watch.go:31] Failed to load config from "c:\\Users\\DevAI Studio\\Documents\\GitHub\\PayMerch\\dataconnect": could not find dataconnect.yaml in `c:\Users\DevAI Studio\Documents\GitHub\PayMerch\dataconnect`
 {"metadata":{"emulator":{"name":"dataconnect"},"message":"E1111 12:32:55.793940    6988 watch.go:31] Failed to load config from \"c:\\\\Users\\\\DevAI Studio\\\\Documents\\\\GitHub\\\\PayMerch\\\\dataconnect\": could not find dataconnect.yaml in `c:\\Users\\DevAI Studio\\Documents\\GitHub\\PayMerch\\dataconnect`\n"}}
[debug] [2025-11-11T10:33:05.795Z] E1111 12:33:05.794502    6988 watch.go:31] Failed to load config from "c:\\Users\\DevAI Studio\\Documents\\GitHub\\PayMerch\\dataconnect": could not find dataconnect.yaml in `c:\Users\DevAI Studio\Documents\GitHub\PayMerch\dataconnect`
 {"metadata":{"emulator":{"name":"dataconnect"},"message":"E1111 12:33:05.794502    6988 watch.go:31] Failed to load config from \"c:\\\\Users\\\\DevAI Studio\\\\Documents\\\\GitHub\\\\PayMerch\\\\dataconnect\": could not find dataconnect.yaml in `c:\\Users\\DevAI Studio\\Documents\\GitHub\\PayMerch\\dataconnect`\n"}}
[debug] [2025-11-11T10:33:15.795Z] E1111 12:33:15.794675    6988 watch.go:31] Failed to load config from "c:\\Users\\DevAI Studio\\Documents\\GitHub\\PayMerch\\dataconnect": could not find dataconnect.yaml in `c:\Users\DevAI Studio\Documents\GitHub\PayMerch\dataconnect`
E1111 12:33:15.794675    6988 watch.go:102] watchAllDir unable to walk dir `c:\Users\DevAI Studio\Documents\GitHub\PayMerch\dataconnect`: CreateFile c:\Users\DevAI Studio\Documents\GitHub\PayMerch\dataconnect: The system cannot find the file specified.
 {"metadata":{"emulator":{"name":"dataconnect"},"message":"E1111 12:33:15.794675    6988 watch.go:31] Failed to load config from \"c:\\\\Users\\\\DevAI Studio\\\\Documents\\\\GitHub\\\\PayMerch\\\\dataconnect\": could not find dataconnect.yaml in `c:\\Users\\DevAI Studio\\Documents\\GitHub\\PayMerch\\dataconnect`\nE1111 12:33:15.794675    6988 watch.go:102] watchAllDir unable to walk dir `c:\\Users\\DevAI Studio\\Documents\\GitHub\\PayMerch\\dataconnect`: CreateFile c:\\Users\\DevAI Studio\\Documents\\GitHub\\PayMerch\\dataconnect: The system cannot find the file specified.\n"}}
[debug] [2025-11-11T10:33:25.794Z] E1111 12:33:25.794311    6988 watch.go:31] Failed to load config from "c:\\Users\\DevAI Studio\\Documents\\GitHub\\PayMerch\\dataconnect": could not find dataconnect.yaml in `c:\Users\DevAI Studio\Documents\GitHub\PayMerch\dataconnect`
 {"metadata":{"emulator":{"name":"dataconnect"},"message":"E1111 12:33:25.794311    6988 watch.go:31] Failed to load config from \"c:\\\\Users\\\\DevAI Studio\\\\Documents\\\\GitHub\\\\PayMerch\\\\dataconnect\": could not find dataconnect.yaml in `c:\\Users\\DevAI Studio\\Documents\\GitHub\\PayMerch\\dataconnect`\n"}}
[debug] [2025-11-11T10:33:35.795Z] E1111 12:33:35.795221    6988 watch.go:31] Failed to load config from "c:\\Users\\DevAI Studio\\Documents\\GitHub\\PayMerch\\dataconnect": could not find dataconnect.yaml in `c:\Users\DevAI Studio\Documents\GitHub\PayMerch\dataconnect`
 {"metadata":{"emulator":{"name":"dataconnect"},"message":"E1111 12:33:35.795221    6988 watch.go:31] Failed to load config from \"c:\\\\Users\\\\DevAI Studio\\\\Documents\\\\GitHub\\\\PayMerch\\\\dataconnect\": could not find dataconnect.yaml in `c:\\Users\\DevAI Studio\\Documents\\GitHub\\PayMerch\\dataconnect`\n"}}
[debug] [2025-11-11T10:33:45.794Z] E1111 12:33:45.794410    6988 watch.go:31] Failed to load config from "c:\\Users\\DevAI Studio\\Documents\\GitHub\\PayMerch\\dataconnect": could not find dataconnect.yaml in `c:\Users\DevAI Studio\Documents\GitHub\PayMerch\dataconnect`
 {"metadata":{"emulator":{"name":"dataconnect"},"message":"E1111 12:33:45.794410    6988 watch.go:31] Failed to load config from \"c:\\\\Users\\\\DevAI Studio\\\\Documents\\\\GitHub\\\\PayMerch\\\\dataconnect\": could not find dataconnect.yaml in `c:\\Users\\DevAI Studio\\Documents\\GitHub\\PayMerch\\dataconnect`\n"}}
[debug] [2025-11-11T10:33:55.794Z] E1111 12:33:55.794476    6988 watch.go:31] Failed to load config from "c:\\Users\\DevAI Studio\\Documents\\GitHub\\PayMerch\\dataconnect": could not find dataconnect.yaml in `c:\Users\DevAI Studio\Documents\GitHub\PayMerch\dataconnect`
 {"metadata":{"emulator":{"name":"dataconnect"},"message":"E1111 12:33:55.794476    6988 watch.go:31] Failed to load config from \"c:\\\\Users\\\\DevAI Studio\\\\Documents\\\\GitHub\\\\PayMerch\\\\dataconnect\": could not find dataconnect.yaml in `c:\\Users\\DevAI Studio\\Documents\\GitHub\\PayMerch\\dataconnect`\n"}}
[debug] [2025-11-11T10:34:05.795Z] E1111 12:34:05.794530    6988 watch.go:31] Failed to load config from "c:\\Users\\DevAI Studio\\Documents\\GitHub\\PayMerch\\dataconnect": could not find dataconnect.yaml in `c:\Users\DevAI Studio\Documents\GitHub\PayMerch\dataconnect`
 {"metadata":{"emulator":{"name":"dataconnect"},"message":"E1111 12:34:05.794530    6988 watch.go:31] Failed to load config from \"c:\\\\Users\\\\DevAI Studio\\\\Documents\\\\GitHub\\\\PayMerch\\\\dataconnect\": could not find dataconnect.yaml in `c:\\Users\\DevAI Studio\\Documents\\GitHub\\PayMerch\\dataconnect`\n"}}
[debug] [2025-11-11T10:34:15.794Z] E1111 12:34:15.794200    6988 watch.go:31] Failed to load config from "c:\\Users\\DevAI Studio\\Documents\\GitHub\\PayMerch\\dataconnect": could not find dataconnect.yaml in `c:\Users\DevAI Studio\Documents\GitHub\PayMerch\dataconnect`
 {"metadata":{"emulator":{"name":"dataconnect"},"message":"E1111 12:34:15.794200    6988 watch.go:31] Failed to load config from \"c:\\\\Users\\\\DevAI Studio\\\\Documents\\\\GitHub\\\\PayMerch\\\\dataconnect\": could not find dataconnect.yaml in `c:\\Users\\DevAI Studio\\Documents\\GitHub\\PayMerch\\dataconnect`\n"}}
[debug] [2025-11-11T10:34:25.795Z] E1111 12:34:25.795076    6988 watch.go:31] Failed to load config from "c:\\Users\\DevAI Studio\\Documents\\GitHub\\PayMerch\\dataconnect": could not find dataconnect.yaml in `c:\Users\DevAI Studio\Documents\GitHub\PayMerch\dataconnect`
 {"metadata":{"emulator":{"name":"dataconnect"},"message":"E1111 12:34:25.795076    6988 watch.go:31] Failed to load config from \"c:\\\\Users\\\\DevAI Studio\\\\Documents\\\\GitHub\\\\PayMerch\\\\dataconnect\": could not find dataconnect.yaml in `c:\\Users\\DevAI Studio\\Documents\\GitHub\\PayMerch\\dataconnect`\n"}}
[debug] [2025-11-11T10:34:35.794Z] E1111 12:34:35.794274    6988 watch.go:31] Failed to load config from "c:\\Users\\DevAI Studio\\Documents\\GitHub\\PayMerch\\dataconnect": could not find dataconnect.yaml in `c:\Users\DevAI Studio\Documents\GitHub\PayMerch\dataconnect`
 {"metadata":{"emulator":{"name":"dataconnect"},"message":"E1111 12:34:35.794274    6988 watch.go:31] Failed to load config from \"c:\\\\Users\\\\DevAI Studio\\\\Documents\\\\GitHub\\\\PayMerch\\\\dataconnect\": could not find dataconnect.yaml in `c:\\Users\\DevAI Studio\\Documents\\GitHub\\PayMerch\\dataconnect`\n"}}
[debug] [2025-11-11T10:34:45.795Z] E1111 12:34:45.794946    6988 watch.go:31] Failed to load config from "c:\\Users\\DevAI Studio\\Documents\\GitHub\\PayMerch\\dataconnect": could not find dataconnect.yaml in `c:\Users\DevAI Studio\Documents\GitHub\PayMerch\dataconnect`
 {"metadata":{"emulator":{"name":"dataconnect"},"message":"E1111 12:34:45.794946    6988 watch.go:31] Failed to load config from \"c:\\\\Users\\\\DevAI Studio\\\\Documents\\\\GitHub\\\\PayMerch\\\\dataconnect\": could not find dataconnect.yaml in `c:\\Users\\DevAI Studio\\Documents\\GitHub\\PayMerch\\dataconnect`\n"}}
[debug] [2025-11-11T10:34:55.794Z] E1111 12:34:55.794344    6988 watch.go:31] Failed to load config from "c:\\Users\\DevAI Studio\\Documents\\GitHub\\PayMerch\\dataconnect": could not find dataconnect.yaml in `c:\Users\DevAI Studio\Documents\GitHub\PayMerch\dataconnect`
 {"metadata":{"emulator":{"name":"dataconnect"},"message":"E1111 12:34:55.794344    6988 watch.go:31] Failed to load config from \"c:\\\\Users\\\\DevAI Studio\\\\Documents\\\\GitHub\\\\PayMerch\\\\dataconnect\": could not find dataconnect.yaml in `c:\\Users\\DevAI Studio\\Documents\\GitHub\\PayMerch\\dataconnect`\n"}}
[debug] [2025-11-11T10:35:05.793Z] E1111 12:35:05.794013    6988 watch.go:31] Failed to load config from "c:\\Users\\DevAI Studio\\Documents\\GitHub\\PayMerch\\dataconnect": could not find dataconnect.yaml in `c:\Users\DevAI Studio\Documents\GitHub\PayMerch\dataconnect`
 {"metadata":{"emulator":{"name":"dataconnect"},"message":"E1111 12:35:05.794013    6988 watch.go:31] Failed to load config from \"c:\\\\Users\\\\DevAI Studio\\\\Documents\\\\GitHub\\\\PayMerch\\\\dataconnect\": could not find dataconnect.yaml in `c:\\Users\\DevAI Studio\\Documents\\GitHub\\PayMerch\\dataconnect`\n"}}
[debug] [2025-11-11T10:35:15.794Z] E1111 12:35:15.794519    6988 watch.go:31] Failed to load config from "c:\\Users\\DevAI Studio\\Documents\\GitHub\\PayMerch\\dataconnect": could not find dataconnect.yaml in `c:\Users\DevAI Studio\Documents\GitHub\PayMerch\dataconnect`
E1111 12:35:15.794519    6988 watch.go:102] watchAllDir unable to walk dir `c:\Users\DevAI Studio\Documents\GitHub\PayMerch\dataconnect`: CreateFile c:\Users\DevAI Studio\Documents\GitHub\PayMerch\dataconnect: The system cannot find the file specified.
 {"metadata":{"emulator":{"name":"dataconnect"},"message":"E1111 12:35:15.794519    6988 watch.go:31] Failed to load config from \"c:\\\\Users\\\\DevAI Studio\\\\Documents\\\\GitHub\\\\PayMerch\\\\dataconnect\": could not find dataconnect.yaml in `c:\\Users\\DevAI Studio\\Documents\\GitHub\\PayMerch\\dataconnect`\nE1111 12:35:15.794519    6988 watch.go:102] watchAllDir unable to walk dir `c:\\Users\\DevAI Studio\\Documents\\GitHub\\PayMerch\\dataconnect`: CreateFile c:\\Users\\DevAI Studio\\Documents\\GitHub\\PayMerch\\dataconnect: The system cannot find the file specified.\n"}}
[debug] [2025-11-11T10:35:25.794Z] E1111 12:35:25.794773    6988 watch.go:31] Failed to load config from "c:\\Users\\DevAI Studio\\Documents\\GitHub\\PayMerch\\dataconnect": could not find dataconnect.yaml in `c:\Users\DevAI Studio\Documents\GitHub\PayMerch\dataconnect`
 {"metadata":{"emulator":{"name":"dataconnect"},"message":"E1111 12:35:25.794773    6988 watch.go:31] Failed to load config from \"c:\\\\Users\\\\DevAI Studio\\\\Documents\\\\GitHub\\\\PayMerch\\\\dataconnect\": could not find dataconnect.yaml in `c:\\Users\\DevAI Studio\\Documents\\GitHub\\PayMerch\\dataconnect`\n"}}
[debug] [2025-11-11T10:35:35.794Z] E1111 12:35:35.793946    6988 watch.go:31] Failed to load config from "c:\\Users\\DevAI Studio\\Documents\\GitHub\\PayMerch\\dataconnect": could not find dataconnect.yaml in `c:\Users\DevAI Studio\Documents\GitHub\PayMerch\dataconnect`
 {"metadata":{"emulator":{"name":"dataconnect"},"message":"E1111 12:35:35.793946    6988 watch.go:31] Failed to load config from \"c:\\\\Users\\\\DevAI Studio\\\\Documents\\\\GitHub\\\\PayMerch\\\\dataconnect\": could not find dataconnect.yaml in `c:\\Users\\DevAI Studio\\Documents\\GitHub\\PayMerch\\dataconnect`\n"}}
[debug] [2025-11-11T10:35:45.794Z] E1111 12:35:45.794219    6988 watch.go:31] Failed to load config from "c:\\Users\\DevAI Studio\\Documents\\GitHub\\PayMerch\\dataconnect": could not find dataconnect.yaml in `c:\Users\DevAI Studio\Documents\GitHub\PayMerch\dataconnect`
 {"metadata":{"emulator":{"name":"dataconnect"},"message":"E1111 12:35:45.794219    6988 watch.go:31] Failed to load config from \"c:\\\\Users\\\\DevAI Studio\\\\Documents\\\\GitHub\\\\PayMerch\\\\dataconnect\": could not find dataconnect.yaml in `c:\\Users\\DevAI Studio\\Documents\\GitHub\\PayMerch\\dataconnect`\n"}}
[debug] [2025-11-11T10:35:55.796Z] E1111 12:35:55.795280    6988 watch.go:31] Failed to load config from "c:\\Users\\DevAI Studio\\Documents\\GitHub\\PayMerch\\dataconnect": could not find dataconnect.yaml in `c:\Users\DevAI Studio\Documents\GitHub\PayMerch\dataconnect`
 {"metadata":{"emulator":{"name":"dataconnect"},"message":"E1111 12:35:55.795280    6988 watch.go:31] Failed to load config from \"c:\\\\Users\\\\DevAI Studio\\\\Documents\\\\GitHub\\\\PayMerch\\\\dataconnect\": could not find dataconnect.yaml in `c:\\Users\\DevAI Studio\\Documents\\GitHub\\PayMerch\\dataconnect`\n"}}
[debug] [2025-11-11T10:36:05.795Z] E1111 12:36:05.794783    6988 watch.go:31] Failed to load config from "c:\\Users\\DevAI Studio\\Documents\\GitHub\\PayMerch\\dataconnect": could not find dataconnect.yaml in `c:\Users\DevAI Studio\Documents\GitHub\PayMerch\dataconnect`
 {"metadata":{"emulator":{"name":"dataconnect"},"message":"E1111 12:36:05.794783    6988 watch.go:31] Failed to load config from \"c:\\\\Users\\\\DevAI Studio\\\\Documents\\\\GitHub\\\\PayMerch\\\\dataconnect\": could not find dataconnect.yaml in `c:\\Users\\DevAI Studio\\Documents\\GitHub\\PayMerch\\dataconnect`\n"}}
[debug] [2025-11-11T10:36:15.795Z] E1111 12:36:15.794481    6988 watch.go:31] Failed to load config from "c:\\Users\\DevAI Studio\\Documents\\GitHub\\PayMerch\\dataconnect": could not find dataconnect.yaml in `c:\Users\DevAI Studio\Documents\GitHub\PayMerch\dataconnect`
 {"metadata":{"emulator":{"name":"dataconnect"},"message":"E1111 12:36:15.794481    6988 watch.go:31] Failed to load config from \"c:\\\\Users\\\\DevAI Studio\\\\Documents\\\\GitHub\\\\PayMerch\\\\dataconnect\": could not find dataconnect.yaml in `c:\\Users\\DevAI Studio\\Documents\\GitHub\\PayMerch\\dataconnect`\n"}}
[debug] [2025-11-11T10:36:25.795Z] E1111 12:36:25.794951    6988 watch.go:31] Failed to load config from "c:\\Users\\DevAI Studio\\Documents\\GitHub\\PayMerch\\dataconnect": could not find dataconnect.yaml in `c:\Users\DevAI Studio\Documents\GitHub\PayMerch\dataconnect`
 {"metadata":{"emulator":{"name":"dataconnect"},"message":"E1111 12:36:25.794951    6988 watch.go:31] Failed to load config from \"c:\\\\Users\\\\DevAI Studio\\\\Documents\\\\GitHub\\\\PayMerch\\\\dataconnect\": could not find dataconnect.yaml in `c:\\Users\\DevAI Studio\\Documents\\GitHub\\PayMerch\\dataconnect`\n"}}
[debug] [2025-11-11T10:36:35.795Z] E1111 12:36:35.794441    6988 watch.go:31] Failed to load config from "c:\\Users\\DevAI Studio\\Documents\\GitHub\\PayMerch\\dataconnect": could not find dataconnect.yaml in `c:\Users\DevAI Studio\Documents\GitHub\PayMerch\dataconnect`
 {"metadata":{"emulator":{"name":"dataconnect"},"message":"E1111 12:36:35.794441    6988 watch.go:31] Failed to load config from \"c:\\\\Users\\\\DevAI Studio\\\\Documents\\\\GitHub\\\\PayMerch\\\\dataconnect\": could not find dataconnect.yaml in `c:\\Users\\DevAI Studio\\Documents\\GitHub\\PayMerch\\dataconnect`\n"}}
[debug] [2025-11-11T10:36:45.794Z] E1111 12:36:45.794098    6988 watch.go:31] Failed to load config from "c:\\Users\\DevAI Studio\\Documents\\GitHub\\PayMerch\\dataconnect": could not find dataconnect.yaml in `c:\Users\DevAI Studio\Documents\GitHub\PayMerch\dataconnect`
 {"metadata":{"emulator":{"name":"dataconnect"},"message":"E1111 12:36:45.794098    6988 watch.go:31] Failed to load config from \"c:\\\\Users\\\\DevAI Studio\\\\Documents\\\\GitHub\\\\PayMerch\\\\dataconnect\": could not find dataconnect.yaml in `c:\\Users\\DevAI Studio\\Documents\\GitHub\\PayMerch\\dataconnect`\n"}}
[debug] [2025-11-11T10:36:55.796Z] E1111 12:36:55.795835    6988 watch.go:31] Failed to load config from "c:\\Users\\DevAI Studio\\Documents\\GitHub\\PayMerch\\dataconnect": could not find dataconnect.yaml in `c:\Users\DevAI Studio\Documents\GitHub\PayMerch\dataconnect`
 {"metadata":{"emulator":{"name":"dataconnect"},"message":"E1111 12:36:55.795835    6988 watch.go:31] Failed to load config from \"c:\\\\Users\\\\DevAI Studio\\\\Documents\\\\GitHub\\\\PayMerch\\\\dataconnect\": could not find dataconnect.yaml in `c:\\Users\\DevAI Studio\\Documents\\GitHub\\PayMerch\\dataconnect`\n"}}
[debug] [2025-11-11T10:37:05.795Z] E1111 12:37:05.794922    6988 watch.go:31] Failed to load config from "c:\\Users\\DevAI Studio\\Documents\\GitHub\\PayMerch\\dataconnect": could not find dataconnect.yaml in `c:\Users\DevAI Studio\Documents\GitHub\PayMerch\dataconnect`
 {"metadata":{"emulator":{"name":"dataconnect"},"message":"E1111 12:37:05.794922    6988 watch.go:31] Failed to load config from \"c:\\\\Users\\\\DevAI Studio\\\\Documents\\\\GitHub\\\\PayMerch\\\\dataconnect\": could not find dataconnect.yaml in `c:\\Users\\DevAI Studio\\Documents\\GitHub\\PayMerch\\dataconnect`\n"}}
[debug] [2025-11-11T10:37:15.795Z] E1111 12:37:15.795411    6988 watch.go:31] Failed to load config from "c:\\Users\\DevAI Studio\\Documents\\GitHub\\PayMerch\\dataconnect": could not find dataconnect.yaml in `c:\Users\DevAI Studio\Documents\GitHub\PayMerch\dataconnect`
 {"metadata":{"emulator":{"name":"dataconnect"},"message":"E1111 12:37:15.795411    6988 watch.go:31] Failed to load config from \"c:\\\\Users\\\\DevAI Studio\\\\Documents\\\\GitHub\\\\PayMerch\\\\dataconnect\": could not find dataconnect.yaml in `c:\\Users\\DevAI Studio\\Documents\\GitHub\\PayMerch\\dataconnect`\n"}}
[debug] [2025-11-11T10:37:15.796Z] E1111 12:37:15.795411    6988 watch.go:102] watchAllDir unable to walk dir `c:\Users\DevAI Studio\Documents\GitHub\PayMerch\dataconnect`: CreateFile c:\Users\DevAI Studio\Documents\GitHub\PayMerch\dataconnect: The system cannot find the file specified.
 {"metadata":{"emulator":{"name":"dataconnect"},"message":"E1111 12:37:15.795411    6988 watch.go:102] watchAllDir unable to walk dir `c:\\Users\\DevAI Studio\\Documents\\GitHub\\PayMerch\\dataconnect`: CreateFile c:\\Users\\DevAI Studio\\Documents\\GitHub\\PayMerch\\dataconnect: The system cannot find the file specified.\n"}}
[debug] [2025-11-11T10:37:25.794Z] E1111 12:37:25.794273    6988 watch.go:31] Failed to load config from "c:\\Users\\DevAI Studio\\Documents\\GitHub\\PayMerch\\dataconnect": could not find dataconnect.yaml in `c:\Users\DevAI Studio\Documents\GitHub\PayMerch\dataconnect`
 {"metadata":{"emulator":{"name":"dataconnect"},"message":"E1111 12:37:25.794273    6988 watch.go:31] Failed to load config from \"c:\\\\Users\\\\DevAI Studio\\\\Documents\\\\GitHub\\\\PayMerch\\\\dataconnect\": could not find dataconnect.yaml in `c:\\Users\\DevAI Studio\\Documents\\GitHub\\PayMerch\\dataconnect`\n"}}
[debug] [2025-11-11T10:37:35.794Z] E1111 12:37:35.793988    6988 watch.go:31] Failed to load config from "c:\\Users\\DevAI Studio\\Documents\\GitHub\\PayMerch\\dataconnect": could not find dataconnect.yaml in `c:\Users\DevAI Studio\Documents\GitHub\PayMerch\dataconnect`
 {"metadata":{"emulator":{"name":"dataconnect"},"message":"E1111 12:37:35.793988    6988 watch.go:31] Failed to load config from \"c:\\\\Users\\\\DevAI Studio\\\\Documents\\\\GitHub\\\\PayMerch\\\\dataconnect\": could not find dataconnect.yaml in `c:\\Users\\DevAI Studio\\Documents\\GitHub\\PayMerch\\dataconnect`\n"}}
[debug] [2025-11-11T10:37:45.794Z] E1111 12:37:45.793968    6988 watch.go:31] Failed to load config from "c:\\Users\\DevAI Studio\\Documents\\GitHub\\PayMerch\\dataconnect": could not find dataconnect.yaml in `c:\Users\DevAI Studio\Documents\GitHub\PayMerch\dataconnect`
 {"metadata":{"emulator":{"name":"dataconnect"},"message":"E1111 12:37:45.793968    6988 watch.go:31] Failed to load config from \"c:\\\\Users\\\\DevAI Studio\\\\Documents\\\\GitHub\\\\PayMerch\\\\dataconnect\": could not find dataconnect.yaml in `c:\\Users\\DevAI Studio\\Documents\\GitHub\\PayMerch\\dataconnect`\n"}}
[debug] [2025-11-11T10:37:55.795Z] E1111 12:37:55.794607    6988 watch.go:31] Failed to load config from "c:\\Users\\DevAI Studio\\Documents\\GitHub\\PayMerch\\dataconnect": could not find dataconnect.yaml in `c:\Users\DevAI Studio\Documents\GitHub\PayMerch\dataconnect`
 {"metadata":{"emulator":{"name":"dataconnect"},"message":"E1111 12:37:55.794607    6988 watch.go:31] Failed to load config from \"c:\\\\Users\\\\DevAI Studio\\\\Documents\\\\GitHub\\\\PayMerch\\\\dataconnect\": could not find dataconnect.yaml in `c:\\Users\\DevAI Studio\\Documents\\GitHub\\PayMerch\\dataconnect`\n"}}
[debug] [2025-11-11T10:38:05.794Z] E1111 12:38:05.794367    6988 watch.go:31] Failed to load config from "c:\\Users\\DevAI Studio\\Documents\\GitHub\\PayMerch\\dataconnect": could not find dataconnect.yaml in `c:\Users\DevAI Studio\Documents\GitHub\PayMerch\dataconnect`
 {"metadata":{"emulator":{"name":"dataconnect"},"message":"E1111 12:38:05.794367    6988 watch.go:31] Failed to load config from \"c:\\\\Users\\\\DevAI Studio\\\\Documents\\\\GitHub\\\\PayMerch\\\\dataconnect\": could not find dataconnect.yaml in `c:\\Users\\DevAI Studio\\Documents\\GitHub\\PayMerch\\dataconnect`\n"}}
[debug] [2025-11-11T10:38:15.795Z] E1111 12:38:15.794403    6988 watch.go:31] Failed to load config from "c:\\Users\\DevAI Studio\\Documents\\GitHub\\PayMerch\\dataconnect": could not find dataconnect.yaml in `c:\Users\DevAI Studio\Documents\GitHub\PayMerch\dataconnect`
 {"metadata":{"emulator":{"name":"dataconnect"},"message":"E1111 12:38:15.794403    6988 watch.go:31] Failed to load config from \"c:\\\\Users\\\\DevAI Studio\\\\Documents\\\\GitHub\\\\PayMerch\\\\dataconnect\": could not find dataconnect.yaml in `c:\\Users\\DevAI Studio\\Documents\\GitHub\\PayMerch\\dataconnect`\n"}}
[debug] [2025-11-11T10:38:25.794Z] E1111 12:38:25.794367    6988 watch.go:31] Failed to load config from "c:\\Users\\DevAI Studio\\Documents\\GitHub\\PayMerch\\dataconnect": could not find dataconnect.yaml in `c:\Users\DevAI Studio\Documents\GitHub\PayMerch\dataconnect`
 {"metadata":{"emulator":{"name":"dataconnect"},"message":"E1111 12:38:25.794367    6988 watch.go:31] Failed to load config from \"c:\\\\Users\\\\DevAI Studio\\\\Documents\\\\GitHub\\\\PayMerch\\\\dataconnect\": could not find dataconnect.yaml in `c:\\Users\\DevAI Studio\\Documents\\GitHub\\PayMerch\\dataconnect`\n"}}
[debug] [2025-11-11T10:38:35.794Z] E1111 12:38:35.794519    6988 watch.go:31] Failed to load config from "c:\\Users\\DevAI Studio\\Documents\\GitHub\\PayMerch\\dataconnect": could not find dataconnect.yaml in `c:\Users\DevAI Studio\Documents\GitHub\PayMerch\dataconnect`
 {"metadata":{"emulator":{"name":"dataconnect"},"message":"E1111 12:38:35.794519    6988 watch.go:31] Failed to load config from \"c:\\\\Users\\\\DevAI Studio\\\\Documents\\\\GitHub\\\\PayMerch\\\\dataconnect\": could not find dataconnect.yaml in `c:\\Users\\DevAI Studio\\Documents\\GitHub\\PayMerch\\dataconnect`\n"}}
[debug] [2025-11-11T10:38:45.794Z] E1111 12:38:45.794540    6988 watch.go:31] Failed to load config from "c:\\Users\\DevAI Studio\\Documents\\GitHub\\PayMerch\\dataconnect": could not find dataconnect.yaml in `c:\Users\DevAI Studio\Documents\GitHub\PayMerch\dataconnect`
 {"metadata":{"emulator":{"name":"dataconnect"},"message":"E1111 12:38:45.794540    6988 watch.go:31] Failed to load config from \"c:\\\\Users\\\\DevAI Studio\\\\Documents\\\\GitHub\\\\PayMerch\\\\dataconnect\": could not find dataconnect.yaml in `c:\\Users\\DevAI Studio\\Documents\\GitHub\\PayMerch\\dataconnect`\n"}}
[debug] [2025-11-11T10:38:55.794Z] E1111 12:38:55.794219    6988 watch.go:31] Failed to load config from "c:\\Users\\DevAI Studio\\Documents\\GitHub\\PayMerch\\dataconnect": could not find dataconnect.yaml in `c:\Users\DevAI Studio\Documents\GitHub\PayMerch\dataconnect`
 {"metadata":{"emulator":{"name":"dataconnect"},"message":"E1111 12:38:55.794219    6988 watch.go:31] Failed to load config from \"c:\\\\Users\\\\DevAI Studio\\\\Documents\\\\GitHub\\\\PayMerch\\\\dataconnect\": could not find dataconnect.yaml in `c:\\Users\\DevAI Studio\\Documents\\GitHub\\PayMerch\\dataconnect`\n"}}
[debug] [2025-11-11T10:39:05.794Z] E1111 12:39:05.794205    6988 watch.go:31] Failed to load config from "c:\\Users\\DevAI Studio\\Documents\\GitHub\\PayMerch\\dataconnect": could not find dataconnect.yaml in `c:\Users\DevAI Studio\Documents\GitHub\PayMerch\dataconnect`
 {"metadata":{"emulator":{"name":"dataconnect"},"message":"E1111 12:39:05.794205    6988 watch.go:31] Failed to load config from \"c:\\\\Users\\\\DevAI Studio\\\\Documents\\\\GitHub\\\\PayMerch\\\\dataconnect\": could not find dataconnect.yaml in `c:\\Users\\DevAI Studio\\Documents\\GitHub\\PayMerch\\dataconnect`\n"}}
[debug] [2025-11-11T10:39:15.795Z] E1111 12:39:15.794697    6988 watch.go:31] Failed to load config from "c:\\Users\\DevAI Studio\\Documents\\GitHub\\PayMerch\\dataconnect": could not find dataconnect.yaml in `c:\Users\DevAI Studio\Documents\GitHub\PayMerch\dataconnect`
E1111 12:39:15.795020    6988 watch.go:102] watchAllDir unable to walk dir `c:\Users\DevAI Studio\Documents\GitHub\PayMerch\dataconnect`: CreateFile c:\Users\DevAI Studio\Documents\GitHub\PayMerch\dataconnect: The system cannot find the file specified.
 {"metadata":{"emulator":{"name":"dataconnect"},"message":"E1111 12:39:15.794697    6988 watch.go:31] Failed to load config from \"c:\\\\Users\\\\DevAI Studio\\\\Documents\\\\GitHub\\\\PayMerch\\\\dataconnect\": could not find dataconnect.yaml in `c:\\Users\\DevAI Studio\\Documents\\GitHub\\PayMerch\\dataconnect`\nE1111 12:39:15.795020    6988 watch.go:102] watchAllDir unable to walk dir `c:\\Users\\DevAI Studio\\Documents\\GitHub\\PayMerch\\dataconnect`: CreateFile c:\\Users\\DevAI Studio\\Documents\\GitHub\\PayMerch\\dataconnect: The system cannot find the file specified.\n"}}
[debug] [2025-11-11T10:39:25.798Z] E1111 12:39:25.797541    6988 watch.go:31] Failed to load config from "c:\\Users\\DevAI Studio\\Documents\\GitHub\\PayMerch\\dataconnect": could not find dataconnect.yaml in `c:\Users\DevAI Studio\Documents\GitHub\PayMerch\dataconnect`
 {"metadata":{"emulator":{"name":"dataconnect"},"message":"E1111 12:39:25.797541    6988 watch.go:31] Failed to load config from \"c:\\\\Users\\\\DevAI Studio\\\\Documents\\\\GitHub\\\\PayMerch\\\\dataconnect\": could not find dataconnect.yaml in `c:\\Users\\DevAI Studio\\Documents\\GitHub\\PayMerch\\dataconnect`\n"}}
[debug] [2025-11-11T10:39:35.795Z] E1111 12:39:35.794018    6988 watch.go:31] Failed to load config from "c:\\Users\\DevAI Studio\\Documents\\GitHub\\PayMerch\\dataconnect": could not find dataconnect.yaml in `c:\Users\DevAI Studio\Documents\GitHub\PayMerch\dataconnect`
 {"metadata":{"emulator":{"name":"dataconnect"},"message":"E1111 12:39:35.794018    6988 watch.go:31] Failed to load config from \"c:\\\\Users\\\\DevAI Studio\\\\Documents\\\\GitHub\\\\PayMerch\\\\dataconnect\": could not find dataconnect.yaml in `c:\\Users\\DevAI Studio\\Documents\\GitHub\\PayMerch\\dataconnect`\n"}}
[debug] [2025-11-11T10:39:45.796Z] E1111 12:39:45.795145    6988 watch.go:31] Failed to load config from "c:\\Users\\DevAI Studio\\Documents\\GitHub\\PayMerch\\dataconnect": could not find dataconnect.yaml in `c:\Users\DevAI Studio\Documents\GitHub\PayMerch\dataconnect`
 {"metadata":{"emulator":{"name":"dataconnect"},"message":"E1111 12:39:45.795145    6988 watch.go:31] Failed to load config from \"c:\\\\Users\\\\DevAI Studio\\\\Documents\\\\GitHub\\\\PayMerch\\\\dataconnect\": could not find dataconnect.yaml in `c:\\Users\\DevAI Studio\\Documents\\GitHub\\PayMerch\\dataconnect`\n"}}
[debug] [2025-11-11T10:39:55.795Z] E1111 12:39:55.794904    6988 watch.go:31] Failed to load config from "c:\\Users\\DevAI Studio\\Documents\\GitHub\\PayMerch\\dataconnect": could not find dataconnect.yaml in `c:\Users\DevAI Studio\Documents\GitHub\PayMerch\dataconnect`
 {"metadata":{"emulator":{"name":"dataconnect"},"message":"E1111 12:39:55.794904    6988 watch.go:31] Failed to load config from \"c:\\\\Users\\\\DevAI Studio\\\\Documents\\\\GitHub\\\\PayMerch\\\\dataconnect\": could not find dataconnect.yaml in `c:\\Users\\DevAI Studio\\Documents\\GitHub\\PayMerch\\dataconnect`\n"}}
[debug] [2025-11-11T10:40:05.795Z] E1111 12:40:05.794404    6988 watch.go:31] Failed to load config from "c:\\Users\\DevAI Studio\\Documents\\GitHub\\PayMerch\\dataconnect": could not find dataconnect.yaml in `c:\Users\DevAI Studio\Documents\GitHub\PayMerch\dataconnect`
 {"metadata":{"emulator":{"name":"dataconnect"},"message":"E1111 12:40:05.794404    6988 watch.go:31] Failed to load config from \"c:\\\\Users\\\\DevAI Studio\\\\Documents\\\\GitHub\\\\PayMerch\\\\dataconnect\": could not find dataconnect.yaml in `c:\\Users\\DevAI Studio\\Documents\\GitHub\\PayMerch\\dataconnect`\n"}}
[debug] [2025-11-11T10:40:15.794Z] E1111 12:40:15.794432    6988 watch.go:31] Failed to load config from "c:\\Users\\DevAI Studio\\Documents\\GitHub\\PayMerch\\dataconnect": could not find dataconnect.yaml in `c:\Users\DevAI Studio\Documents\GitHub\PayMerch\dataconnect`
 {"metadata":{"emulator":{"name":"dataconnect"},"message":"E1111 12:40:15.794432    6988 watch.go:31] Failed to load config from \"c:\\\\Users\\\\DevAI Studio\\\\Documents\\\\GitHub\\\\PayMerch\\\\dataconnect\": could not find dataconnect.yaml in `c:\\Users\\DevAI Studio\\Documents\\GitHub\\PayMerch\\dataconnect`\n"}}
[debug] [2025-11-11T10:40:25.794Z] E1111 12:40:25.794099    6988 watch.go:31] Failed to load config from "c:\\Users\\DevAI Studio\\Documents\\GitHub\\PayMerch\\dataconnect": could not find dataconnect.yaml in `c:\Users\DevAI Studio\Documents\GitHub\PayMerch\dataconnect`
 {"metadata":{"emulator":{"name":"dataconnect"},"message":"E1111 12:40:25.794099    6988 watch.go:31] Failed to load config from \"c:\\\\Users\\\\DevAI Studio\\\\Documents\\\\GitHub\\\\PayMerch\\\\dataconnect\": could not find dataconnect.yaml in `c:\\Users\\DevAI Studio\\Documents\\GitHub\\PayMerch\\dataconnect`\n"}}
[debug] [2025-11-11T10:40:35.794Z] E1111 12:40:35.794224    6988 watch.go:31] Failed to load config from "c:\\Users\\DevAI Studio\\Documents\\GitHub\\PayMerch\\dataconnect": could not find dataconnect.yaml in `c:\Users\DevAI Studio\Documents\GitHub\PayMerch\dataconnect`
 {"metadata":{"emulator":{"name":"dataconnect"},"message":"E1111 12:40:35.794224    6988 watch.go:31] Failed to load config from \"c:\\\\Users\\\\DevAI Studio\\\\Documents\\\\GitHub\\\\PayMerch\\\\dataconnect\": could not find dataconnect.yaml in `c:\\Users\\DevAI Studio\\Documents\\GitHub\\PayMerch\\dataconnect`\n"}}
[debug] [2025-11-11T10:40:45.794Z] E1111 12:40:45.794514    6988 watch.go:31] Failed to load config from "c:\\Users\\DevAI Studio\\Documents\\GitHub\\PayMerch\\dataconnect": could not find dataconnect.yaml in `c:\Users\DevAI Studio\Documents\GitHub\PayMerch\dataconnect`
 {"metadata":{"emulator":{"name":"dataconnect"},"message":"E1111 12:40:45.794514    6988 watch.go:31] Failed to load config from \"c:\\\\Users\\\\DevAI Studio\\\\Documents\\\\GitHub\\\\PayMerch\\\\dataconnect\": could not find dataconnect.yaml in `c:\\Users\\DevAI Studio\\Documents\\GitHub\\PayMerch\\dataconnect`\n"}}
[debug] [2025-11-11T10:40:55.794Z] E1111 12:40:55.794591    6988 watch.go:31] Failed to load config from "c:\\Users\\DevAI Studio\\Documents\\GitHub\\PayMerch\\dataconnect": could not find dataconnect.yaml in `c:\Users\DevAI Studio\Documents\GitHub\PayMerch\dataconnect`
 {"metadata":{"emulator":{"name":"dataconnect"},"message":"E1111 12:40:55.794591    6988 watch.go:31] Failed to load config from \"c:\\\\Users\\\\DevAI Studio\\\\Documents\\\\GitHub\\\\PayMerch\\\\dataconnect\": could not find dataconnect.yaml in `c:\\Users\\DevAI Studio\\Documents\\GitHub\\PayMerch\\dataconnect`\n"}}
[debug] [2025-11-11T10:41:05.795Z] E1111 12:41:05.794567    6988 watch.go:31] Failed to load config from "c:\\Users\\DevAI Studio\\Documents\\GitHub\\PayMerch\\dataconnect": could not find dataconnect.yaml in `c:\Users\DevAI Studio\Documents\GitHub\PayMerch\dataconnect`
 {"metadata":{"emulator":{"name":"dataconnect"},"message":"E1111 12:41:05.794567    6988 watch.go:31] Failed to load config from \"c:\\\\Users\\\\DevAI Studio\\\\Documents\\\\GitHub\\\\PayMerch\\\\dataconnect\": could not find dataconnect.yaml in `c:\\Users\\DevAI Studio\\Documents\\GitHub\\PayMerch\\dataconnect`\n"}}
[debug] [2025-11-11T10:41:15.795Z] E1111 12:41:15.795078    6988 watch.go:31] Failed to load config from "c:\\Users\\DevAI Studio\\Documents\\GitHub\\PayMerch\\dataconnect": could not find dataconnect.yaml in `c:\Users\DevAI Studio\Documents\GitHub\PayMerch\dataconnect`
E1111 12:41:15.795465    6988 watch.go:102] watchAllDir unable to walk dir `c:\Users\DevAI Studio\Documents\GitHub\PayMerch\dataconnect`: CreateFile c:\Users\DevAI Studio\Documents\GitHub\PayMerch\dataconnect: The system cannot find the file specified.
 {"metadata":{"emulator":{"name":"dataconnect"},"message":"E1111 12:41:15.795078    6988 watch.go:31] Failed to load config from \"c:\\\\Users\\\\DevAI Studio\\\\Documents\\\\GitHub\\\\PayMerch\\\\dataconnect\": could not find dataconnect.yaml in `c:\\Users\\DevAI Studio\\Documents\\GitHub\\PayMerch\\dataconnect`\nE1111 12:41:15.795465    6988 watch.go:102] watchAllDir unable to walk dir `c:\\Users\\DevAI Studio\\Documents\\GitHub\\PayMerch\\dataconnect`: CreateFile c:\\Users\\DevAI Studio\\Documents\\GitHub\\PayMerch\\dataconnect: The system cannot find the file specified.\n"}}
[debug] [2025-11-11T10:41:25.795Z] E1111 12:41:25.795437    6988 watch.go:31] Failed to load config from "c:\\Users\\DevAI Studio\\Documents\\GitHub\\PayMerch\\dataconnect": could not find dataconnect.yaml in `c:\Users\DevAI Studio\Documents\GitHub\PayMerch\dataconnect`
 {"metadata":{"emulator":{"name":"dataconnect"},"message":"E1111 12:41:25.795437    6988 watch.go:31] Failed to load config from \"c:\\\\Users\\\\DevAI Studio\\\\Documents\\\\GitHub\\\\PayMerch\\\\dataconnect\": could not find dataconnect.yaml in `c:\\Users\\DevAI Studio\\Documents\\GitHub\\PayMerch\\dataconnect`\n"}}
[debug] [2025-11-11T10:41:35.807Z] E1111 12:41:35.796244    6988 watch.go:31] Failed to load config from "c:\\Users\\DevAI Studio\\Documents\\GitHub\\PayMerch\\dataconnect": could not find dataconnect.yaml in `c:\Users\DevAI Studio\Documents\GitHub\PayMerch\dataconnect`
 {"metadata":{"emulator":{"name":"dataconnect"},"message":"E1111 12:41:35.796244    6988 watch.go:31] Failed to load config from \"c:\\\\Users\\\\DevAI Studio\\\\Documents\\\\GitHub\\\\PayMerch\\\\dataconnect\": could not find dataconnect.yaml in `c:\\Users\\DevAI Studio\\Documents\\GitHub\\PayMerch\\dataconnect`\n"}}
[debug] [2025-11-11T10:41:45.795Z] E1111 12:41:45.794069    6988 watch.go:31] Failed to load config from "c:\\Users\\DevAI Studio\\Documents\\GitHub\\PayMerch\\dataconnect": could not find dataconnect.yaml in `c:\Users\DevAI Studio\Documents\GitHub\PayMerch\dataconnect`
 {"metadata":{"emulator":{"name":"dataconnect"},"message":"E1111 12:41:45.794069    6988 watch.go:31] Failed to load config from \"c:\\\\Users\\\\DevAI Studio\\\\Documents\\\\GitHub\\\\PayMerch\\\\dataconnect\": could not find dataconnect.yaml in `c:\\Users\\DevAI Studio\\Documents\\GitHub\\PayMerch\\dataconnect`\n"}}
[debug] [2025-11-11T10:41:55.795Z] E1111 12:41:55.795007    6988 watch.go:31] Failed to load config from "c:\\Users\\DevAI Studio\\Documents\\GitHub\\PayMerch\\dataconnect": could not find dataconnect.yaml in `c:\Users\DevAI Studio\Documents\GitHub\PayMerch\dataconnect`
 {"metadata":{"emulator":{"name":"dataconnect"},"message":"E1111 12:41:55.795007    6988 watch.go:31] Failed to load config from \"c:\\\\Users\\\\DevAI Studio\\\\Documents\\\\GitHub\\\\PayMerch\\\\dataconnect\": could not find dataconnect.yaml in `c:\\Users\\DevAI Studio\\Documents\\GitHub\\PayMerch\\dataconnect`\n"}}
[debug] [2025-11-11T10:42:05.795Z] E1111 12:42:05.794920    6988 watch.go:31] Failed to load config from "c:\\Users\\DevAI Studio\\Documents\\GitHub\\PayMerch\\dataconnect": could not find dataconnect.yaml in `c:\Users\DevAI Studio\Documents\GitHub\PayMerch\dataconnect`
 {"metadata":{"emulator":{"name":"dataconnect"},"message":"E1111 12:42:05.794920    6988 watch.go:31] Failed to load config from \"c:\\\\Users\\\\DevAI Studio\\\\Documents\\\\GitHub\\\\PayMerch\\\\dataconnect\": could not find dataconnect.yaml in `c:\\Users\\DevAI Studio\\Documents\\GitHub\\PayMerch\\dataconnect`\n"}}
[debug] [2025-11-11T10:42:15.795Z] E1111 12:42:15.794933    6988 watch.go:31] Failed to load config from "c:\\Users\\DevAI Studio\\Documents\\GitHub\\PayMerch\\dataconnect": could not find dataconnect.yaml in `c:\Users\DevAI Studio\Documents\GitHub\PayMerch\dataconnect`
 {"metadata":{"emulator":{"name":"dataconnect"},"message":"E1111 12:42:15.794933    6988 watch.go:31] Failed to load config from \"c:\\\\Users\\\\DevAI Studio\\\\Documents\\\\GitHub\\\\PayMerch\\\\dataconnect\": could not find dataconnect.yaml in `c:\\Users\\DevAI Studio\\Documents\\GitHub\\PayMerch\\dataconnect`\n"}}
[debug] [2025-11-11T10:42:25.795Z] E1111 12:42:25.794811    6988 watch.go:31] Failed to load config from "c:\\Users\\DevAI Studio\\Documents\\GitHub\\PayMerch\\dataconnect": could not find dataconnect.yaml in `c:\Users\DevAI Studio\Documents\GitHub\PayMerch\dataconnect`
 {"metadata":{"emulator":{"name":"dataconnect"},"message":"E1111 12:42:25.794811    6988 watch.go:31] Failed to load config from \"c:\\\\Users\\\\DevAI Studio\\\\Documents\\\\GitHub\\\\PayMerch\\\\dataconnect\": could not find dataconnect.yaml in `c:\\Users\\DevAI Studio\\Documents\\GitHub\\PayMerch\\dataconnect`\n"}}
[debug] [2025-11-11T10:42:35.804Z] E1111 12:42:35.804493    6988 watch.go:31] Failed to load config from "c:\\Users\\DevAI Studio\\Documents\\GitHub\\PayMerch\\dataconnect": could not find dataconnect.yaml in `c:\Users\DevAI Studio\Documents\GitHub\PayMerch\dataconnect`
 {"metadata":{"emulator":{"name":"dataconnect"},"message":"E1111 12:42:35.804493    6988 watch.go:31] Failed to load config from \"c:\\\\Users\\\\DevAI Studio\\\\Documents\\\\GitHub\\\\PayMerch\\\\dataconnect\": could not find dataconnect.yaml in `c:\\Users\\DevAI Studio\\Documents\\GitHub\\PayMerch\\dataconnect`\n"}}
[debug] [2025-11-11T10:42:45.795Z] E1111 12:42:45.794274    6988 watch.go:31] Failed to load config from "c:\\Users\\DevAI Studio\\Documents\\GitHub\\PayMerch\\dataconnect": could not find dataconnect.yaml in `c:\Users\DevAI Studio\Documents\GitHub\PayMerch\dataconnect`
 {"metadata":{"emulator":{"name":"dataconnect"},"message":"E1111 12:42:45.794274    6988 watch.go:31] Failed to load config from \"c:\\\\Users\\\\DevAI Studio\\\\Documents\\\\GitHub\\\\PayMerch\\\\dataconnect\": could not find dataconnect.yaml in `c:\\Users\\DevAI Studio\\Documents\\GitHub\\PayMerch\\dataconnect`\n"}}
[debug] [2025-11-11T10:42:55.796Z] E1111 12:42:55.795196    6988 watch.go:31] Failed to load config from "c:\\Users\\DevAI Studio\\Documents\\GitHub\\PayMerch\\dataconnect": could not find dataconnect.yaml in `c:\Users\DevAI Studio\Documents\GitHub\PayMerch\dataconnect`
 {"metadata":{"emulator":{"name":"dataconnect"},"message":"E1111 12:42:55.795196    6988 watch.go:31] Failed to load config from \"c:\\\\Users\\\\DevAI Studio\\\\Documents\\\\GitHub\\\\PayMerch\\\\dataconnect\": could not find dataconnect.yaml in `c:\\Users\\DevAI Studio\\Documents\\GitHub\\PayMerch\\dataconnect`\n"}}
[debug] [2025-11-11T10:43:05.795Z] E1111 12:43:05.795249    6988 watch.go:31] Failed to load config from "c:\\Users\\DevAI Studio\\Documents\\GitHub\\PayMerch\\dataconnect": could not find dataconnect.yaml in `c:\Users\DevAI Studio\Documents\GitHub\PayMerch\dataconnect`
 {"metadata":{"emulator":{"name":"dataconnect"},"message":"E1111 12:43:05.795249    6988 watch.go:31] Failed to load config from \"c:\\\\Users\\\\DevAI Studio\\\\Documents\\\\GitHub\\\\PayMerch\\\\dataconnect\": could not find dataconnect.yaml in `c:\\Users\\DevAI Studio\\Documents\\GitHub\\PayMerch\\dataconnect`\n"}}
[debug] [2025-11-11T10:43:15.794Z] E1111 12:43:15.794877    6988 watch.go:31] Failed to load config from "c:\\Users\\DevAI Studio\\Documents\\GitHub\\PayMerch\\dataconnect": could not find dataconnect.yaml in `c:\Users\DevAI Studio\Documents\GitHub\PayMerch\dataconnect`
E1111 12:43:15.794877    6988 watch.go:102] watchAllDir unable to walk dir `c:\Users\DevAI Studio\Documents\GitHub\PayMerch\dataconnect`: CreateFile c:\Users\DevAI Studio\Documents\GitHub\PayMerch\dataconnect: The system cannot find the file specified.
 {"metadata":{"emulator":{"name":"dataconnect"},"message":"E1111 12:43:15.794877    6988 watch.go:31] Failed to load config from \"c:\\\\Users\\\\DevAI Studio\\\\Documents\\\\GitHub\\\\PayMerch\\\\dataconnect\": could not find dataconnect.yaml in `c:\\Users\\DevAI Studio\\Documents\\GitHub\\PayMerch\\dataconnect`\nE1111 12:43:15.794877    6988 watch.go:102] watchAllDir unable to walk dir `c:\\Users\\DevAI Studio\\Documents\\GitHub\\PayMerch\\dataconnect`: CreateFile c:\\Users\\DevAI Studio\\Documents\\GitHub\\PayMerch\\dataconnect: The system cannot find the file specified.\n"}}
[debug] [2025-11-11T10:43:25.794Z] E1111 12:43:25.794244    6988 watch.go:31] Failed to load config from "c:\\Users\\DevAI Studio\\Documents\\GitHub\\PayMerch\\dataconnect": could not find dataconnect.yaml in `c:\Users\DevAI Studio\Documents\GitHub\PayMerch\dataconnect`
 {"metadata":{"emulator":{"name":"dataconnect"},"message":"E1111 12:43:25.794244    6988 watch.go:31] Failed to load config from \"c:\\\\Users\\\\DevAI Studio\\\\Documents\\\\GitHub\\\\PayMerch\\\\dataconnect\": could not find dataconnect.yaml in `c:\\Users\\DevAI Studio\\Documents\\GitHub\\PayMerch\\dataconnect`\n"}}
[debug] [2025-11-11T10:43:35.795Z] E1111 12:43:35.795112    6988 watch.go:31] Failed to load config from "c:\\Users\\DevAI Studio\\Documents\\GitHub\\PayMerch\\dataconnect": could not find dataconnect.yaml in `c:\Users\DevAI Studio\Documents\GitHub\PayMerch\dataconnect`
 {"metadata":{"emulator":{"name":"dataconnect"},"message":"E1111 12:43:35.795112    6988 watch.go:31] Failed to load config from \"c:\\\\Users\\\\DevAI Studio\\\\Documents\\\\GitHub\\\\PayMerch\\\\dataconnect\": could not find dataconnect.yaml in `c:\\Users\\DevAI Studio\\Documents\\GitHub\\PayMerch\\dataconnect`\n"}}
[debug] [2025-11-11T10:43:45.794Z] E1111 12:43:45.793851    6988 watch.go:31] Failed to load config from "c:\\Users\\DevAI Studio\\Documents\\GitHub\\PayMerch\\dataconnect": could not find dataconnect.yaml in `c:\Users\DevAI Studio\Documents\GitHub\PayMerch\dataconnect`
 {"metadata":{"emulator":{"name":"dataconnect"},"message":"E1111 12:43:45.793851    6988 watch.go:31] Failed to load config from \"c:\\\\Users\\\\DevAI Studio\\\\Documents\\\\GitHub\\\\PayMerch\\\\dataconnect\": could not find dataconnect.yaml in `c:\\Users\\DevAI Studio\\Documents\\GitHub\\PayMerch\\dataconnect`\n"}}
[debug] [2025-11-11T10:43:55.795Z] E1111 12:43:55.794214    6988 watch.go:31] Failed to load config from "c:\\Users\\DevAI Studio\\Documents\\GitHub\\PayMerch\\dataconnect": could not find dataconnect.yaml in `c:\Users\DevAI Studio\Documents\GitHub\PayMerch\dataconnect`
 {"metadata":{"emulator":{"name":"dataconnect"},"message":"E1111 12:43:55.794214    6988 watch.go:31] Failed to load config from \"c:\\\\Users\\\\DevAI Studio\\\\Documents\\\\GitHub\\\\PayMerch\\\\dataconnect\": could not find dataconnect.yaml in `c:\\Users\\DevAI Studio\\Documents\\GitHub\\PayMerch\\dataconnect`\n"}}
[debug] [2025-11-11T10:44:05.794Z] E1111 12:44:05.794328    6988 watch.go:31] Failed to load config from "c:\\Users\\DevAI Studio\\Documents\\GitHub\\PayMerch\\dataconnect": could not find dataconnect.yaml in `c:\Users\DevAI Studio\Documents\GitHub\PayMerch\dataconnect`
 {"metadata":{"emulator":{"name":"dataconnect"},"message":"E1111 12:44:05.794328    6988 watch.go:31] Failed to load config from \"c:\\\\Users\\\\DevAI Studio\\\\Documents\\\\GitHub\\\\PayMerch\\\\dataconnect\": could not find dataconnect.yaml in `c:\\Users\\DevAI Studio\\Documents\\GitHub\\PayMerch\\dataconnect`\n"}}
[debug] [2025-11-11T10:44:15.796Z] E1111 12:44:15.796037    6988 watch.go:31] Failed to load config from "c:\\Users\\DevAI Studio\\Documents\\GitHub\\PayMerch\\dataconnect": could not find dataconnect.yaml in `c:\Users\DevAI Studio\Documents\GitHub\PayMerch\dataconnect`
 {"metadata":{"emulator":{"name":"dataconnect"},"message":"E1111 12:44:15.796037    6988 watch.go:31] Failed to load config from \"c:\\\\Users\\\\DevAI Studio\\\\Documents\\\\GitHub\\\\PayMerch\\\\dataconnect\": could not find dataconnect.yaml in `c:\\Users\\DevAI Studio\\Documents\\GitHub\\PayMerch\\dataconnect`\n"}}
[debug] [2025-11-11T10:44:25.795Z] E1111 12:44:25.795170    6988 watch.go:31] Failed to load config from "c:\\Users\\DevAI Studio\\Documents\\GitHub\\PayMerch\\dataconnect": could not find dataconnect.yaml in `c:\Users\DevAI Studio\Documents\GitHub\PayMerch\dataconnect`
 {"metadata":{"emulator":{"name":"dataconnect"},"message":"E1111 12:44:25.795170    6988 watch.go:31] Failed to load config from \"c:\\\\Users\\\\DevAI Studio\\\\Documents\\\\GitHub\\\\PayMerch\\\\dataconnect\": could not find dataconnect.yaml in `c:\\Users\\DevAI Studio\\Documents\\GitHub\\PayMerch\\dataconnect`\n"}}
[debug] [2025-11-11T10:44:35.795Z] E1111 12:44:35.794610    6988 watch.go:31] Failed to load config from "c:\\Users\\DevAI Studio\\Documents\\GitHub\\PayMerch\\dataconnect": could not find dataconnect.yaml in `c:\Users\DevAI Studio\Documents\GitHub\PayMerch\dataconnect`
 {"metadata":{"emulator":{"name":"dataconnect"},"message":"E1111 12:44:35.794610    6988 watch.go:31] Failed to load config from \"c:\\\\Users\\\\DevAI Studio\\\\Documents\\\\GitHub\\\\PayMerch\\\\dataconnect\": could not find dataconnect.yaml in `c:\\Users\\DevAI Studio\\Documents\\GitHub\\PayMerch\\dataconnect`\n"}}
[debug] [2025-11-11T10:44:45.794Z] E1111 12:44:45.794245    6988 watch.go:31] Failed to load config from "c:\\Users\\DevAI Studio\\Documents\\GitHub\\PayMerch\\dataconnect": could not find dataconnect.yaml in `c:\Users\DevAI Studio\Documents\GitHub\PayMerch\dataconnect`
 {"metadata":{"emulator":{"name":"dataconnect"},"message":"E1111 12:44:45.794245    6988 watch.go:31] Failed to load config from \"c:\\\\Users\\\\DevAI Studio\\\\Documents\\\\GitHub\\\\PayMerch\\\\dataconnect\": could not find dataconnect.yaml in `c:\\Users\\DevAI Studio\\Documents\\GitHub\\PayMerch\\dataconnect`\n"}}
[debug] [2025-11-11T10:44:55.794Z] E1111 12:44:55.794302    6988 watch.go:31] Failed to load config from "c:\\Users\\DevAI Studio\\Documents\\GitHub\\PayMerch\\dataconnect": could not find dataconnect.yaml in `c:\Users\DevAI Studio\Documents\GitHub\PayMerch\dataconnect`
 {"metadata":{"emulator":{"name":"dataconnect"},"message":"E1111 12:44:55.794302    6988 watch.go:31] Failed to load config from \"c:\\\\Users\\\\DevAI Studio\\\\Documents\\\\GitHub\\\\PayMerch\\\\dataconnect\": could not find dataconnect.yaml in `c:\\Users\\DevAI Studio\\Documents\\GitHub\\PayMerch\\dataconnect`\n"}}
[debug] [2025-11-11T10:45:05.795Z] E1111 12:45:05.794728    6988 watch.go:31] Failed to load config from "c:\\Users\\DevAI Studio\\Documents\\GitHub\\PayMerch\\dataconnect": could not find dataconnect.yaml in `c:\Users\DevAI Studio\Documents\GitHub\PayMerch\dataconnect`
 {"metadata":{"emulator":{"name":"dataconnect"},"message":"E1111 12:45:05.794728    6988 watch.go:31] Failed to load config from \"c:\\\\Users\\\\DevAI Studio\\\\Documents\\\\GitHub\\\\PayMerch\\\\dataconnect\": could not find dataconnect.yaml in `c:\\Users\\DevAI Studio\\Documents\\GitHub\\PayMerch\\dataconnect`\n"}}
[debug] [2025-11-11T10:45:15.794Z] E1111 12:45:15.794178    6988 watch.go:31] Failed to load config from "c:\\Users\\DevAI Studio\\Documents\\GitHub\\PayMerch\\dataconnect": could not find dataconnect.yaml in `c:\Users\DevAI Studio\Documents\GitHub\PayMerch\dataconnect`
E1111 12:45:15.794693    6988 watch.go:102] watchAllDir unable to walk dir `c:\Users\DevAI Studio\Documents\GitHub\PayMerch\dataconnect`: CreateFile c:\Users\DevAI Studio\Documents\GitHub\PayMerch\dataconnect: The system cannot find the file specified.
 {"metadata":{"emulator":{"name":"dataconnect"},"message":"E1111 12:45:15.794178    6988 watch.go:31] Failed to load config from \"c:\\\\Users\\\\DevAI Studio\\\\Documents\\\\GitHub\\\\PayMerch\\\\dataconnect\": could not find dataconnect.yaml in `c:\\Users\\DevAI Studio\\Documents\\GitHub\\PayMerch\\dataconnect`\nE1111 12:45:15.794693    6988 watch.go:102] watchAllDir unable to walk dir `c:\\Users\\DevAI Studio\\Documents\\GitHub\\PayMerch\\dataconnect`: CreateFile c:\\Users\\DevAI Studio\\Documents\\GitHub\\PayMerch\\dataconnect: The system cannot find the file specified.\n"}}
[debug] [2025-11-11T10:45:25.795Z] E1111 12:45:25.794043    6988 watch.go:31] Failed to load config from "c:\\Users\\DevAI Studio\\Documents\\GitHub\\PayMerch\\dataconnect": could not find dataconnect.yaml in `c:\Users\DevAI Studio\Documents\GitHub\PayMerch\dataconnect`
 {"metadata":{"emulator":{"name":"dataconnect"},"message":"E1111 12:45:25.794043    6988 watch.go:31] Failed to load config from \"c:\\\\Users\\\\DevAI Studio\\\\Documents\\\\GitHub\\\\PayMerch\\\\dataconnect\": could not find dataconnect.yaml in `c:\\Users\\DevAI Studio\\Documents\\GitHub\\PayMerch\\dataconnect`\n"}}
[debug] [2025-11-11T10:45:35.794Z] E1111 12:45:35.794408    6988 watch.go:31] Failed to load config from "c:\\Users\\DevAI Studio\\Documents\\GitHub\\PayMerch\\dataconnect": could not find dataconnect.yaml in `c:\Users\DevAI Studio\Documents\GitHub\PayMerch\dataconnect`
 {"metadata":{"emulator":{"name":"dataconnect"},"message":"E1111 12:45:35.794408    6988 watch.go:31] Failed to load config from \"c:\\\\Users\\\\DevAI Studio\\\\Documents\\\\GitHub\\\\PayMerch\\\\dataconnect\": could not find dataconnect.yaml in `c:\\Users\\DevAI Studio\\Documents\\GitHub\\PayMerch\\dataconnect`\n"}}
[debug] [2025-11-11T10:45:45.795Z] E1111 12:45:45.795135    6988 watch.go:31] Failed to load config from "c:\\Users\\DevAI Studio\\Documents\\GitHub\\PayMerch\\dataconnect": could not find dataconnect.yaml in `c:\Users\DevAI Studio\Documents\GitHub\PayMerch\dataconnect`
 {"metadata":{"emulator":{"name":"dataconnect"},"message":"E1111 12:45:45.795135    6988 watch.go:31] Failed to load config from \"c:\\\\Users\\\\DevAI Studio\\\\Documents\\\\GitHub\\\\PayMerch\\\\dataconnect\": could not find dataconnect.yaml in `c:\\Users\\DevAI Studio\\Documents\\GitHub\\PayMerch\\dataconnect`\n"}}
[debug] [2025-11-11T10:45:55.795Z] E1111 12:45:55.795488    6988 watch.go:31] Failed to load config from "c:\\Users\\DevAI Studio\\Documents\\GitHub\\PayMerch\\dataconnect": could not find dataconnect.yaml in `c:\Users\DevAI Studio\Documents\GitHub\PayMerch\dataconnect`
 {"metadata":{"emulator":{"name":"dataconnect"},"message":"E1111 12:45:55.795488    6988 watch.go:31] Failed to load config from \"c:\\\\Users\\\\DevAI Studio\\\\Documents\\\\GitHub\\\\PayMerch\\\\dataconnect\": could not find dataconnect.yaml in `c:\\Users\\DevAI Studio\\Documents\\GitHub\\PayMerch\\dataconnect`\n"}}
[debug] [2025-11-11T10:46:05.796Z] E1111 12:46:05.795449    6988 watch.go:31] Failed to load config from "c:\\Users\\DevAI Studio\\Documents\\GitHub\\PayMerch\\dataconnect": could not find dataconnect.yaml in `c:\Users\DevAI Studio\Documents\GitHub\PayMerch\dataconnect`
 {"metadata":{"emulator":{"name":"dataconnect"},"message":"E1111 12:46:05.795449    6988 watch.go:31] Failed to load config from \"c:\\\\Users\\\\DevAI Studio\\\\Documents\\\\GitHub\\\\PayMerch\\\\dataconnect\": could not find dataconnect.yaml in `c:\\Users\\DevAI Studio\\Documents\\GitHub\\PayMerch\\dataconnect`\n"}}
[debug] [2025-11-11T10:46:15.796Z] E1111 12:46:15.795271    6988 watch.go:31] Failed to load config from "c:\\Users\\DevAI Studio\\Documents\\GitHub\\PayMerch\\dataconnect": could not find dataconnect.yaml in `c:\Users\DevAI Studio\Documents\GitHub\PayMerch\dataconnect`
 {"metadata":{"emulator":{"name":"dataconnect"},"message":"E1111 12:46:15.795271    6988 watch.go:31] Failed to load config from \"c:\\\\Users\\\\DevAI Studio\\\\Documents\\\\GitHub\\\\PayMerch\\\\dataconnect\": could not find dataconnect.yaml in `c:\\Users\\DevAI Studio\\Documents\\GitHub\\PayMerch\\dataconnect`\n"}}
[debug] [2025-11-11T10:46:25.795Z] E1111 12:46:25.794420    6988 watch.go:31] Failed to load config from "c:\\Users\\DevAI Studio\\Documents\\GitHub\\PayMerch\\dataconnect": could not find dataconnect.yaml in `c:\Users\DevAI Studio\Documents\GitHub\PayMerch\dataconnect`
 {"metadata":{"emulator":{"name":"dataconnect"},"message":"E1111 12:46:25.794420    6988 watch.go:31] Failed to load config from \"c:\\\\Users\\\\DevAI Studio\\\\Documents\\\\GitHub\\\\PayMerch\\\\dataconnect\": could not find dataconnect.yaml in `c:\\Users\\DevAI Studio\\Documents\\GitHub\\PayMerch\\dataconnect`\n"}}
[debug] [2025-11-11T10:46:35.795Z] E1111 12:46:35.794769    6988 watch.go:31] Failed to load config from "c:\\Users\\DevAI Studio\\Documents\\GitHub\\PayMerch\\dataconnect": could not find dataconnect.yaml in `c:\Users\DevAI Studio\Documents\GitHub\PayMerch\dataconnect`
 {"metadata":{"emulator":{"name":"dataconnect"},"message":"E1111 12:46:35.794769    6988 watch.go:31] Failed to load config from \"c:\\\\Users\\\\DevAI Studio\\\\Documents\\\\GitHub\\\\PayMerch\\\\dataconnect\": could not find dataconnect.yaml in `c:\\Users\\DevAI Studio\\Documents\\GitHub\\PayMerch\\dataconnect`\n"}}
[debug] [2025-11-11T10:46:45.794Z] E1111 12:46:45.794474    6988 watch.go:31] Failed to load config from "c:\\Users\\DevAI Studio\\Documents\\GitHub\\PayMerch\\dataconnect": could not find dataconnect.yaml in `c:\Users\DevAI Studio\Documents\GitHub\PayMerch\dataconnect`
 {"metadata":{"emulator":{"name":"dataconnect"},"message":"E1111 12:46:45.794474    6988 watch.go:31] Failed to load config from \"c:\\\\Users\\\\DevAI Studio\\\\Documents\\\\GitHub\\\\PayMerch\\\\dataconnect\": could not find dataconnect.yaml in `c:\\Users\\DevAI Studio\\Documents\\GitHub\\PayMerch\\dataconnect`\n"}}
[debug] [2025-11-11T10:46:55.794Z] E1111 12:46:55.794435    6988 watch.go:31] Failed to load config from "c:\\Users\\DevAI Studio\\Documents\\GitHub\\PayMerch\\dataconnect": could not find dataconnect.yaml in `c:\Users\DevAI Studio\Documents\GitHub\PayMerch\dataconnect`
 {"metadata":{"emulator":{"name":"dataconnect"},"message":"E1111 12:46:55.794435    6988 watch.go:31] Failed to load config from \"c:\\\\Users\\\\DevAI Studio\\\\Documents\\\\GitHub\\\\PayMerch\\\\dataconnect\": could not find dataconnect.yaml in `c:\\Users\\DevAI Studio\\Documents\\GitHub\\PayMerch\\dataconnect`\n"}}
[debug] [2025-11-11T10:47:05.795Z] E1111 12:47:05.795845    6988 watch.go:31] Failed to load config from "c:\\Users\\DevAI Studio\\Documents\\GitHub\\PayMerch\\dataconnect": could not find dataconnect.yaml in `c:\Users\DevAI Studio\Documents\GitHub\PayMerch\dataconnect`
 {"metadata":{"emulator":{"name":"dataconnect"},"message":"E1111 12:47:05.795845    6988 watch.go:31] Failed to load config from \"c:\\\\Users\\\\DevAI Studio\\\\Documents\\\\GitHub\\\\PayMerch\\\\dataconnect\": could not find dataconnect.yaml in `c:\\Users\\DevAI Studio\\Documents\\GitHub\\PayMerch\\dataconnect`\n"}}
[debug] [2025-11-11T10:47:15.795Z] E1111 12:47:15.794989    6988 watch.go:31] Failed to load config from "c:\\Users\\DevAI Studio\\Documents\\GitHub\\PayMerch\\dataconnect": could not find dataconnect.yaml in `c:\Users\DevAI Studio\Documents\GitHub\PayMerch\dataconnect`
E1111 12:47:15.794989    6988 watch.go:102] watchAllDir unable to walk dir `c:\Users\DevAI Studio\Documents\GitHub\PayMerch\dataconnect`: CreateFile c:\Users\DevAI Studio\Documents\GitHub\PayMerch\dataconnect: The system cannot find the file specified.
 {"metadata":{"emulator":{"name":"dataconnect"},"message":"E1111 12:47:15.794989    6988 watch.go:31] Failed to load config from \"c:\\\\Users\\\\DevAI Studio\\\\Documents\\\\GitHub\\\\PayMerch\\\\dataconnect\": could not find dataconnect.yaml in `c:\\Users\\DevAI Studio\\Documents\\GitHub\\PayMerch\\dataconnect`\nE1111 12:47:15.794989    6988 watch.go:102] watchAllDir unable to walk dir `c:\\Users\\DevAI Studio\\Documents\\GitHub\\PayMerch\\dataconnect`: CreateFile c:\\Users\\DevAI Studio\\Documents\\GitHub\\PayMerch\\dataconnect: The system cannot find the file specified.\n"}}
[debug] [2025-11-11T10:47:25.794Z] E1111 12:47:25.793979    6988 watch.go:31] Failed to load config from "c:\\Users\\DevAI Studio\\Documents\\GitHub\\PayMerch\\dataconnect": could not find dataconnect.yaml in `c:\Users\DevAI Studio\Documents\GitHub\PayMerch\dataconnect`
 {"metadata":{"emulator":{"name":"dataconnect"},"message":"E1111 12:47:25.793979    6988 watch.go:31] Failed to load config from \"c:\\\\Users\\\\DevAI Studio\\\\Documents\\\\GitHub\\\\PayMerch\\\\dataconnect\": could not find dataconnect.yaml in `c:\\Users\\DevAI Studio\\Documents\\GitHub\\PayMerch\\dataconnect`\n"}}
[debug] [2025-11-11T10:47:35.794Z] E1111 12:47:35.794403    6988 watch.go:31] Failed to load config from "c:\\Users\\DevAI Studio\\Documents\\GitHub\\PayMerch\\dataconnect": could not find dataconnect.yaml in `c:\Users\DevAI Studio\Documents\GitHub\PayMerch\dataconnect`
 {"metadata":{"emulator":{"name":"dataconnect"},"message":"E1111 12:47:35.794403    6988 watch.go:31] Failed to load config from \"c:\\\\Users\\\\DevAI Studio\\\\Documents\\\\GitHub\\\\PayMerch\\\\dataconnect\": could not find dataconnect.yaml in `c:\\Users\\DevAI Studio\\Documents\\GitHub\\PayMerch\\dataconnect`\n"}}
[debug] [2025-11-11T10:47:45.794Z] E1111 12:47:45.793989    6988 watch.go:31] Failed to load config from "c:\\Users\\DevAI Studio\\Documents\\GitHub\\PayMerch\\dataconnect": could not find dataconnect.yaml in `c:\Users\DevAI Studio\Documents\GitHub\PayMerch\dataconnect`
 {"metadata":{"emulator":{"name":"dataconnect"},"message":"E1111 12:47:45.793989    6988 watch.go:31] Failed to load config from \"c:\\\\Users\\\\DevAI Studio\\\\Documents\\\\GitHub\\\\PayMerch\\\\dataconnect\": could not find dataconnect.yaml in `c:\\Users\\DevAI Studio\\Documents\\GitHub\\PayMerch\\dataconnect`\n"}}
[debug] [2025-11-11T10:47:55.795Z] E1111 12:47:55.794831    6988 watch.go:31] Failed to load config from "c:\\Users\\DevAI Studio\\Documents\\GitHub\\PayMerch\\dataconnect": could not find dataconnect.yaml in `c:\Users\DevAI Studio\Documents\GitHub\PayMerch\dataconnect`
 {"metadata":{"emulator":{"name":"dataconnect"},"message":"E1111 12:47:55.794831    6988 watch.go:31] Failed to load config from \"c:\\\\Users\\\\DevAI Studio\\\\Documents\\\\GitHub\\\\PayMerch\\\\dataconnect\": could not find dataconnect.yaml in `c:\\Users\\DevAI Studio\\Documents\\GitHub\\PayMerch\\dataconnect`\n"}}
[debug] [2025-11-11T10:48:05.794Z] E1111 12:48:05.794514    6988 watch.go:31] Failed to load config from "c:\\Users\\DevAI Studio\\Documents\\GitHub\\PayMerch\\dataconnect": could not find dataconnect.yaml in `c:\Users\DevAI Studio\Documents\GitHub\PayMerch\dataconnect`
 {"metadata":{"emulator":{"name":"dataconnect"},"message":"E1111 12:48:05.794514    6988 watch.go:31] Failed to load config from \"c:\\\\Users\\\\DevAI Studio\\\\Documents\\\\GitHub\\\\PayMerch\\\\dataconnect\": could not find dataconnect.yaml in `c:\\Users\\DevAI Studio\\Documents\\GitHub\\PayMerch\\dataconnect`\n"}}
[debug] [2025-11-11T10:48:15.794Z] E1111 12:48:15.794476    6988 watch.go:31] Failed to load config from "c:\\Users\\DevAI Studio\\Documents\\GitHub\\PayMerch\\dataconnect": could not find dataconnect.yaml in `c:\Users\DevAI Studio\Documents\GitHub\PayMerch\dataconnect`
 {"metadata":{"emulator":{"name":"dataconnect"},"message":"E1111 12:48:15.794476    6988 watch.go:31] Failed to load config from \"c:\\\\Users\\\\DevAI Studio\\\\Documents\\\\GitHub\\\\PayMerch\\\\dataconnect\": could not find dataconnect.yaml in `c:\\Users\\DevAI Studio\\Documents\\GitHub\\PayMerch\\dataconnect`\n"}}
[debug] [2025-11-11T10:48:25.794Z] E1111 12:48:25.794160    6988 watch.go:31] Failed to load config from "c:\\Users\\DevAI Studio\\Documents\\GitHub\\PayMerch\\dataconnect": could not find dataconnect.yaml in `c:\Users\DevAI Studio\Documents\GitHub\PayMerch\dataconnect`
 {"metadata":{"emulator":{"name":"dataconnect"},"message":"E1111 12:48:25.794160    6988 watch.go:31] Failed to load config from \"c:\\\\Users\\\\DevAI Studio\\\\Documents\\\\GitHub\\\\PayMerch\\\\dataconnect\": could not find dataconnect.yaml in `c:\\Users\\DevAI Studio\\Documents\\GitHub\\PayMerch\\dataconnect`\n"}}
[debug] [2025-11-11T10:48:35.794Z] E1111 12:48:35.794398    6988 watch.go:31] Failed to load config from "c:\\Users\\DevAI Studio\\Documents\\GitHub\\PayMerch\\dataconnect": could not find dataconnect.yaml in `c:\Users\DevAI Studio\Documents\GitHub\PayMerch\dataconnect`
 {"metadata":{"emulator":{"name":"dataconnect"},"message":"E1111 12:48:35.794398    6988 watch.go:31] Failed to load config from \"c:\\\\Users\\\\DevAI Studio\\\\Documents\\\\GitHub\\\\PayMerch\\\\dataconnect\": could not find dataconnect.yaml in `c:\\Users\\DevAI Studio\\Documents\\GitHub\\PayMerch\\dataconnect`\n"}}
[debug] [2025-11-11T10:48:45.795Z] E1111 12:48:45.794929    6988 watch.go:31] Failed to load config from "c:\\Users\\DevAI Studio\\Documents\\GitHub\\PayMerch\\dataconnect": could not find dataconnect.yaml in `c:\Users\DevAI Studio\Documents\GitHub\PayMerch\dataconnect`
 {"metadata":{"emulator":{"name":"dataconnect"},"message":"E1111 12:48:45.794929    6988 watch.go:31] Failed to load config from \"c:\\\\Users\\\\DevAI Studio\\\\Documents\\\\GitHub\\\\PayMerch\\\\dataconnect\": could not find dataconnect.yaml in `c:\\Users\\DevAI Studio\\Documents\\GitHub\\PayMerch\\dataconnect`\n"}}
[debug] [2025-11-11T10:48:55.795Z] E1111 12:48:55.795007    6988 watch.go:31] Failed to load config from "c:\\Users\\DevAI Studio\\Documents\\GitHub\\PayMerch\\dataconnect": could not find dataconnect.yaml in `c:\Users\DevAI Studio\Documents\GitHub\PayMerch\dataconnect`
 {"metadata":{"emulator":{"name":"dataconnect"},"message":"E1111 12:48:55.795007    6988 watch.go:31] Failed to load config from \"c:\\\\Users\\\\DevAI Studio\\\\Documents\\\\GitHub\\\\PayMerch\\\\dataconnect\": could not find dataconnect.yaml in `c:\\Users\\DevAI Studio\\Documents\\GitHub\\PayMerch\\dataconnect`\n"}}
[debug] [2025-11-11T10:49:05.796Z] E1111 12:49:05.795979    6988 watch.go:31] Failed to load config from "c:\\Users\\DevAI Studio\\Documents\\GitHub\\PayMerch\\dataconnect": could not find dataconnect.yaml in `c:\Users\DevAI Studio\Documents\GitHub\PayMerch\dataconnect`
 {"metadata":{"emulator":{"name":"dataconnect"},"message":"E1111 12:49:05.795979    6988 watch.go:31] Failed to load config from \"c:\\\\Users\\\\DevAI Studio\\\\Documents\\\\GitHub\\\\PayMerch\\\\dataconnect\": could not find dataconnect.yaml in `c:\\Users\\DevAI Studio\\Documents\\GitHub\\PayMerch\\dataconnect`\n"}}
[debug] [2025-11-11T10:49:15.795Z] E1111 12:49:15.794771    6988 watch.go:31] Failed to load config from "c:\\Users\\DevAI Studio\\Documents\\GitHub\\PayMerch\\dataconnect": could not find dataconnect.yaml in `c:\Users\DevAI Studio\Documents\GitHub\PayMerch\dataconnect`
E1111 12:49:15.794771    6988 watch.go:102] watchAllDir unable to walk dir `c:\Users\DevAI Studio\Documents\GitHub\PayMerch\dataconnect`: CreateFile c:\Users\DevAI Studio\Documents\GitHub\PayMerch\dataconnect: The system cannot find the file specified.
 {"metadata":{"emulator":{"name":"dataconnect"},"message":"E1111 12:49:15.794771    6988 watch.go:31] Failed to load config from \"c:\\\\Users\\\\DevAI Studio\\\\Documents\\\\GitHub\\\\PayMerch\\\\dataconnect\": could not find dataconnect.yaml in `c:\\Users\\DevAI Studio\\Documents\\GitHub\\PayMerch\\dataconnect`\nE1111 12:49:15.794771    6988 watch.go:102] watchAllDir unable to walk dir `c:\\Users\\DevAI Studio\\Documents\\GitHub\\PayMerch\\dataconnect`: CreateFile c:\\Users\\DevAI Studio\\Documents\\GitHub\\PayMerch\\dataconnect: The system cannot find the file specified.\n"}}
[debug] [2025-11-11T10:49:25.794Z] E1111 12:49:25.794478    6988 watch.go:31] Failed to load config from "c:\\Users\\DevAI Studio\\Documents\\GitHub\\PayMerch\\dataconnect": could not find dataconnect.yaml in `c:\Users\DevAI Studio\Documents\GitHub\PayMerch\dataconnect`
 {"metadata":{"emulator":{"name":"dataconnect"},"message":"E1111 12:49:25.794478    6988 watch.go:31] Failed to load config from \"c:\\\\Users\\\\DevAI Studio\\\\Documents\\\\GitHub\\\\PayMerch\\\\dataconnect\": could not find dataconnect.yaml in `c:\\Users\\DevAI Studio\\Documents\\GitHub\\PayMerch\\dataconnect`\n"}}
[debug] [2025-11-11T10:49:35.796Z] E1111 12:49:35.796012    6988 watch.go:31] Failed to load config from "c:\\Users\\DevAI Studio\\Documents\\GitHub\\PayMerch\\dataconnect": could not find dataconnect.yaml in `c:\Users\DevAI Studio\Documents\GitHub\PayMerch\dataconnect`
 {"metadata":{"emulator":{"name":"dataconnect"},"message":"E1111 12:49:35.796012    6988 watch.go:31] Failed to load config from \"c:\\\\Users\\\\DevAI Studio\\\\Documents\\\\GitHub\\\\PayMerch\\\\dataconnect\": could not find dataconnect.yaml in `c:\\Users\\DevAI Studio\\Documents\\GitHub\\PayMerch\\dataconnect`\n"}}
[debug] [2025-11-11T10:49:45.795Z] E1111 12:49:45.794773    6988 watch.go:31] Failed to load config from "c:\\Users\\DevAI Studio\\Documents\\GitHub\\PayMerch\\dataconnect": could not find dataconnect.yaml in `c:\Users\DevAI Studio\Documents\GitHub\PayMerch\dataconnect`
 {"metadata":{"emulator":{"name":"dataconnect"},"message":"E1111 12:49:45.794773    6988 watch.go:31] Failed to load config from \"c:\\\\Users\\\\DevAI Studio\\\\Documents\\\\GitHub\\\\PayMerch\\\\dataconnect\": could not find dataconnect.yaml in `c:\\Users\\DevAI Studio\\Documents\\GitHub\\PayMerch\\dataconnect`\n"}}
[debug] [2025-11-11T10:49:55.795Z] E1111 12:49:55.794430    6988 watch.go:31] Failed to load config from "c:\\Users\\DevAI Studio\\Documents\\GitHub\\PayMerch\\dataconnect": could not find dataconnect.yaml in `c:\Users\DevAI Studio\Documents\GitHub\PayMerch\dataconnect`
 {"metadata":{"emulator":{"name":"dataconnect"},"message":"E1111 12:49:55.794430    6988 watch.go:31] Failed to load config from \"c:\\\\Users\\\\DevAI Studio\\\\Documents\\\\GitHub\\\\PayMerch\\\\dataconnect\": could not find dataconnect.yaml in `c:\\Users\\DevAI Studio\\Documents\\GitHub\\PayMerch\\dataconnect`\n"}}
[debug] [2025-11-11T10:50:05.795Z] E1111 12:50:05.794978    6988 watch.go:31] Failed to load config from "c:\\Users\\DevAI Studio\\Documents\\GitHub\\PayMerch\\dataconnect": could not find dataconnect.yaml in `c:\Users\DevAI Studio\Documents\GitHub\PayMerch\dataconnect`
 {"metadata":{"emulator":{"name":"dataconnect"},"message":"E1111 12:50:05.794978    6988 watch.go:31] Failed to load config from \"c:\\\\Users\\\\DevAI Studio\\\\Documents\\\\GitHub\\\\PayMerch\\\\dataconnect\": could not find dataconnect.yaml in `c:\\Users\\DevAI Studio\\Documents\\GitHub\\PayMerch\\dataconnect`\n"}}
[debug] [2025-11-11T10:50:15.795Z] E1111 12:50:15.794598    6988 watch.go:31] Failed to load config from "c:\\Users\\DevAI Studio\\Documents\\GitHub\\PayMerch\\dataconnect": could not find dataconnect.yaml in `c:\Users\DevAI Studio\Documents\GitHub\PayMerch\dataconnect`
 {"metadata":{"emulator":{"name":"dataconnect"},"message":"E1111 12:50:15.794598    6988 watch.go:31] Failed to load config from \"c:\\\\Users\\\\DevAI Studio\\\\Documents\\\\GitHub\\\\PayMerch\\\\dataconnect\": could not find dataconnect.yaml in `c:\\Users\\DevAI Studio\\Documents\\GitHub\\PayMerch\\dataconnect`\n"}}
[debug] [2025-11-11T10:50:25.795Z] E1111 12:50:25.794531    6988 watch.go:31] Failed to load config from "c:\\Users\\DevAI Studio\\Documents\\GitHub\\PayMerch\\dataconnect": could not find dataconnect.yaml in `c:\Users\DevAI Studio\Documents\GitHub\PayMerch\dataconnect`
 {"metadata":{"emulator":{"name":"dataconnect"},"message":"E1111 12:50:25.794531    6988 watch.go:31] Failed to load config from \"c:\\\\Users\\\\DevAI Studio\\\\Documents\\\\GitHub\\\\PayMerch\\\\dataconnect\": could not find dataconnect.yaml in `c:\\Users\\DevAI Studio\\Documents\\GitHub\\PayMerch\\dataconnect`\n"}}
[debug] [2025-11-11T10:50:35.795Z] E1111 12:50:35.794467    6988 watch.go:31] Failed to load config from "c:\\Users\\DevAI Studio\\Documents\\GitHub\\PayMerch\\dataconnect": could not find dataconnect.yaml in `c:\Users\DevAI Studio\Documents\GitHub\PayMerch\dataconnect`
 {"metadata":{"emulator":{"name":"dataconnect"},"message":"E1111 12:50:35.794467    6988 watch.go:31] Failed to load config from \"c:\\\\Users\\\\DevAI Studio\\\\Documents\\\\GitHub\\\\PayMerch\\\\dataconnect\": could not find dataconnect.yaml in `c:\\Users\\DevAI Studio\\Documents\\GitHub\\PayMerch\\dataconnect`\n"}}
[debug] [2025-11-11T10:50:45.794Z] E1111 12:50:45.794364    6988 watch.go:31] Failed to load config from "c:\\Users\\DevAI Studio\\Documents\\GitHub\\PayMerch\\dataconnect": could not find dataconnect.yaml in `c:\Users\DevAI Studio\Documents\GitHub\PayMerch\dataconnect`
 {"metadata":{"emulator":{"name":"dataconnect"},"message":"E1111 12:50:45.794364    6988 watch.go:31] Failed to load config from \"c:\\\\Users\\\\DevAI Studio\\\\Documents\\\\GitHub\\\\PayMerch\\\\dataconnect\": could not find dataconnect.yaml in `c:\\Users\\DevAI Studio\\Documents\\GitHub\\PayMerch\\dataconnect`\n"}}
[debug] [2025-11-11T10:50:55.793Z] E1111 12:50:55.793758    6988 watch.go:31] Failed to load config from "c:\\Users\\DevAI Studio\\Documents\\GitHub\\PayMerch\\dataconnect": could not find dataconnect.yaml in `c:\Users\DevAI Studio\Documents\GitHub\PayMerch\dataconnect`
 {"metadata":{"emulator":{"name":"dataconnect"},"message":"E1111 12:50:55.793758    6988 watch.go:31] Failed to load config from \"c:\\\\Users\\\\DevAI Studio\\\\Documents\\\\GitHub\\\\PayMerch\\\\dataconnect\": could not find dataconnect.yaml in `c:\\Users\\DevAI Studio\\Documents\\GitHub\\PayMerch\\dataconnect`\n"}}
[debug] [2025-11-11T10:51:05.795Z] E1111 12:51:05.794534    6988 watch.go:31] Failed to load config from "c:\\Users\\DevAI Studio\\Documents\\GitHub\\PayMerch\\dataconnect": could not find dataconnect.yaml in `c:\Users\DevAI Studio\Documents\GitHub\PayMerch\dataconnect`
 {"metadata":{"emulator":{"name":"dataconnect"},"message":"E1111 12:51:05.794534    6988 watch.go:31] Failed to load config from \"c:\\\\Users\\\\DevAI Studio\\\\Documents\\\\GitHub\\\\PayMerch\\\\dataconnect\": could not find dataconnect.yaml in `c:\\Users\\DevAI Studio\\Documents\\GitHub\\PayMerch\\dataconnect`\n"}}
[debug] [2025-11-11T10:51:15.794Z] E1111 12:51:15.794428    6988 watch.go:31] Failed to load config from "c:\\Users\\DevAI Studio\\Documents\\GitHub\\PayMerch\\dataconnect": could not find dataconnect.yaml in `c:\Users\DevAI Studio\Documents\GitHub\PayMerch\dataconnect`
E1111 12:51:15.794428    6988 watch.go:102] watchAllDir unable to walk dir `c:\Users\DevAI Studio\Documents\GitHub\PayMerch\dataconnect`: CreateFile c:\Users\DevAI Studio\Documents\GitHub\PayMerch\dataconnect: The system cannot find the file specified.
 {"metadata":{"emulator":{"name":"dataconnect"},"message":"E1111 12:51:15.794428    6988 watch.go:31] Failed to load config from \"c:\\\\Users\\\\DevAI Studio\\\\Documents\\\\GitHub\\\\PayMerch\\\\dataconnect\": could not find dataconnect.yaml in `c:\\Users\\DevAI Studio\\Documents\\GitHub\\PayMerch\\dataconnect`\nE1111 12:51:15.794428    6988 watch.go:102] watchAllDir unable to walk dir `c:\\Users\\DevAI Studio\\Documents\\GitHub\\PayMerch\\dataconnect`: CreateFile c:\\Users\\DevAI Studio\\Documents\\GitHub\\PayMerch\\dataconnect: The system cannot find the file specified.\n"}}
[debug] [2025-11-11T10:51:25.794Z] E1111 12:51:25.793767    6988 watch.go:31] Failed to load config from "c:\\Users\\DevAI Studio\\Documents\\GitHub\\PayMerch\\dataconnect": could not find dataconnect.yaml in `c:\Users\DevAI Studio\Documents\GitHub\PayMerch\dataconnect`
 {"metadata":{"emulator":{"name":"dataconnect"},"message":"E1111 12:51:25.793767    6988 watch.go:31] Failed to load config from \"c:\\\\Users\\\\DevAI Studio\\\\Documents\\\\GitHub\\\\PayMerch\\\\dataconnect\": could not find dataconnect.yaml in `c:\\Users\\DevAI Studio\\Documents\\GitHub\\PayMerch\\dataconnect`\n"}}
[debug] [2025-11-11T10:51:35.795Z] E1111 12:51:35.794618    6988 watch.go:31] Failed to load config from "c:\\Users\\DevAI Studio\\Documents\\GitHub\\PayMerch\\dataconnect": could not find dataconnect.yaml in `c:\Users\DevAI Studio\Documents\GitHub\PayMerch\dataconnect`
 {"metadata":{"emulator":{"name":"dataconnect"},"message":"E1111 12:51:35.794618    6988 watch.go:31] Failed to load config from \"c:\\\\Users\\\\DevAI Studio\\\\Documents\\\\GitHub\\\\PayMerch\\\\dataconnect\": could not find dataconnect.yaml in `c:\\Users\\DevAI Studio\\Documents\\GitHub\\PayMerch\\dataconnect`\n"}}
[debug] [2025-11-11T10:51:45.795Z] E1111 12:51:45.795374    6988 watch.go:31] Failed to load config from "c:\\Users\\DevAI Studio\\Documents\\GitHub\\PayMerch\\dataconnect": could not find dataconnect.yaml in `c:\Users\DevAI Studio\Documents\GitHub\PayMerch\dataconnect`
 {"metadata":{"emulator":{"name":"dataconnect"},"message":"E1111 12:51:45.795374    6988 watch.go:31] Failed to load config from \"c:\\\\Users\\\\DevAI Studio\\\\Documents\\\\GitHub\\\\PayMerch\\\\dataconnect\": could not find dataconnect.yaml in `c:\\Users\\DevAI Studio\\Documents\\GitHub\\PayMerch\\dataconnect`\n"}}
[debug] [2025-11-11T10:51:55.795Z] E1111 12:51:55.794241    6988 watch.go:31] Failed to load config from "c:\\Users\\DevAI Studio\\Documents\\GitHub\\PayMerch\\dataconnect": could not find dataconnect.yaml in `c:\Users\DevAI Studio\Documents\GitHub\PayMerch\dataconnect`
 {"metadata":{"emulator":{"name":"dataconnect"},"message":"E1111 12:51:55.794241    6988 watch.go:31] Failed to load config from \"c:\\\\Users\\\\DevAI Studio\\\\Documents\\\\GitHub\\\\PayMerch\\\\dataconnect\": could not find dataconnect.yaml in `c:\\Users\\DevAI Studio\\Documents\\GitHub\\PayMerch\\dataconnect`\n"}}
[debug] [2025-11-11T10:52:05.795Z] E1111 12:52:05.794308    6988 watch.go:31] Failed to load config from "c:\\Users\\DevAI Studio\\Documents\\GitHub\\PayMerch\\dataconnect": could not find dataconnect.yaml in `c:\Users\DevAI Studio\Documents\GitHub\PayMerch\dataconnect`
 {"metadata":{"emulator":{"name":"dataconnect"},"message":"E1111 12:52:05.794308    6988 watch.go:31] Failed to load config from \"c:\\\\Users\\\\DevAI Studio\\\\Documents\\\\GitHub\\\\PayMerch\\\\dataconnect\": could not find dataconnect.yaml in `c:\\Users\\DevAI Studio\\Documents\\GitHub\\PayMerch\\dataconnect`\n"}}
[debug] [2025-11-11T10:52:15.794Z] E1111 12:52:15.794802    6988 watch.go:31] Failed to load config from "c:\\Users\\DevAI Studio\\Documents\\GitHub\\PayMerch\\dataconnect": could not find dataconnect.yaml in `c:\Users\DevAI Studio\Documents\GitHub\PayMerch\dataconnect`
 {"metadata":{"emulator":{"name":"dataconnect"},"message":"E1111 12:52:15.794802    6988 watch.go:31] Failed to load config from \"c:\\\\Users\\\\DevAI Studio\\\\Documents\\\\GitHub\\\\PayMerch\\\\dataconnect\": could not find dataconnect.yaml in `c:\\Users\\DevAI Studio\\Documents\\GitHub\\PayMerch\\dataconnect`\n"}}
[debug] [2025-11-11T10:52:25.794Z] E1111 12:52:25.794027    6988 watch.go:31] Failed to load config from "c:\\Users\\DevAI Studio\\Documents\\GitHub\\PayMerch\\dataconnect": could not find dataconnect.yaml in `c:\Users\DevAI Studio\Documents\GitHub\PayMerch\dataconnect`
 {"metadata":{"emulator":{"name":"dataconnect"},"message":"E1111 12:52:25.794027    6988 watch.go:31] Failed to load config from \"c:\\\\Users\\\\DevAI Studio\\\\Documents\\\\GitHub\\\\PayMerch\\\\dataconnect\": could not find dataconnect.yaml in `c:\\Users\\DevAI Studio\\Documents\\GitHub\\PayMerch\\dataconnect`\n"}}
[debug] [2025-11-11T10:52:35.795Z] E1111 12:52:35.795114    6988 watch.go:31] Failed to load config from "c:\\Users\\DevAI Studio\\Documents\\GitHub\\PayMerch\\dataconnect": could not find dataconnect.yaml in `c:\Users\DevAI Studio\Documents\GitHub\PayMerch\dataconnect`
 {"metadata":{"emulator":{"name":"dataconnect"},"message":"E1111 12:52:35.795114    6988 watch.go:31] Failed to load config from \"c:\\\\Users\\\\DevAI Studio\\\\Documents\\\\GitHub\\\\PayMerch\\\\dataconnect\": could not find dataconnect.yaml in `c:\\Users\\DevAI Studio\\Documents\\GitHub\\PayMerch\\dataconnect`\n"}}
[debug] [2025-11-11T10:52:45.795Z] E1111 12:52:45.795189    6988 watch.go:31] Failed to load config from "c:\\Users\\DevAI Studio\\Documents\\GitHub\\PayMerch\\dataconnect": could not find dataconnect.yaml in `c:\Users\DevAI Studio\Documents\GitHub\PayMerch\dataconnect`
 {"metadata":{"emulator":{"name":"dataconnect"},"message":"E1111 12:52:45.795189    6988 watch.go:31] Failed to load config from \"c:\\\\Users\\\\DevAI Studio\\\\Documents\\\\GitHub\\\\PayMerch\\\\dataconnect\": could not find dataconnect.yaml in `c:\\Users\\DevAI Studio\\Documents\\GitHub\\PayMerch\\dataconnect`\n"}}
[debug] [2025-11-11T10:52:55.795Z] E1111 12:52:55.794710    6988 watch.go:31] Failed to load config from "c:\\Users\\DevAI Studio\\Documents\\GitHub\\PayMerch\\dataconnect": could not find dataconnect.yaml in `c:\Users\DevAI Studio\Documents\GitHub\PayMerch\dataconnect`
 {"metadata":{"emulator":{"name":"dataconnect"},"message":"E1111 12:52:55.794710    6988 watch.go:31] Failed to load config from \"c:\\\\Users\\\\DevAI Studio\\\\Documents\\\\GitHub\\\\PayMerch\\\\dataconnect\": could not find dataconnect.yaml in `c:\\Users\\DevAI Studio\\Documents\\GitHub\\PayMerch\\dataconnect`\n"}}
[debug] [2025-11-11T10:53:05.795Z] E1111 12:53:05.794816    6988 watch.go:31] Failed to load config from "c:\\Users\\DevAI Studio\\Documents\\GitHub\\PayMerch\\dataconnect": could not find dataconnect.yaml in `c:\Users\DevAI Studio\Documents\GitHub\PayMerch\dataconnect`
 {"metadata":{"emulator":{"name":"dataconnect"},"message":"E1111 12:53:05.794816    6988 watch.go:31] Failed to load config from \"c:\\\\Users\\\\DevAI Studio\\\\Documents\\\\GitHub\\\\PayMerch\\\\dataconnect\": could not find dataconnect.yaml in `c:\\Users\\DevAI Studio\\Documents\\GitHub\\PayMerch\\dataconnect`\n"}}
[debug] [2025-11-11T10:53:15.794Z] E1111 12:53:15.794330    6988 watch.go:31] Failed to load config from "c:\\Users\\DevAI Studio\\Documents\\GitHub\\PayMerch\\dataconnect": could not find dataconnect.yaml in `c:\Users\DevAI Studio\Documents\GitHub\PayMerch\dataconnect`
E1111 12:53:15.794330    6988 watch.go:102] watchAllDir unable to walk dir `c:\Users\DevAI Studio\Documents\GitHub\PayMerch\dataconnect`: CreateFile c:\Users\DevAI Studio\Documents\GitHub\PayMerch\dataconnect: The system cannot find the file specified.
 {"metadata":{"emulator":{"name":"dataconnect"},"message":"E1111 12:53:15.794330    6988 watch.go:31] Failed to load config from \"c:\\\\Users\\\\DevAI Studio\\\\Documents\\\\GitHub\\\\PayMerch\\\\dataconnect\": could not find dataconnect.yaml in `c:\\Users\\DevAI Studio\\Documents\\GitHub\\PayMerch\\dataconnect`\nE1111 12:53:15.794330    6988 watch.go:102] watchAllDir unable to walk dir `c:\\Users\\DevAI Studio\\Documents\\GitHub\\PayMerch\\dataconnect`: CreateFile c:\\Users\\DevAI Studio\\Documents\\GitHub\\PayMerch\\dataconnect: The system cannot find the file specified.\n"}}
[debug] [2025-11-11T10:53:25.796Z] E1111 12:53:25.795308    6988 watch.go:31] Failed to load config from "c:\\Users\\DevAI Studio\\Documents\\GitHub\\PayMerch\\dataconnect": could not find dataconnect.yaml in `c:\Users\DevAI Studio\Documents\GitHub\PayMerch\dataconnect`
 {"metadata":{"emulator":{"name":"dataconnect"},"message":"E1111 12:53:25.795308    6988 watch.go:31] Failed to load config from \"c:\\\\Users\\\\DevAI Studio\\\\Documents\\\\GitHub\\\\PayMerch\\\\dataconnect\": could not find dataconnect.yaml in `c:\\Users\\DevAI Studio\\Documents\\GitHub\\PayMerch\\dataconnect`\n"}}
[debug] [2025-11-11T10:53:35.794Z] E1111 12:53:35.794048    6988 watch.go:31] Failed to load config from "c:\\Users\\DevAI Studio\\Documents\\GitHub\\PayMerch\\dataconnect": could not find dataconnect.yaml in `c:\Users\DevAI Studio\Documents\GitHub\PayMerch\dataconnect`
 {"metadata":{"emulator":{"name":"dataconnect"},"message":"E1111 12:53:35.794048    6988 watch.go:31] Failed to load config from \"c:\\\\Users\\\\DevAI Studio\\\\Documents\\\\GitHub\\\\PayMerch\\\\dataconnect\": could not find dataconnect.yaml in `c:\\Users\\DevAI Studio\\Documents\\GitHub\\PayMerch\\dataconnect`\n"}}
[debug] [2025-11-11T10:53:45.794Z] E1111 12:53:45.794121    6988 watch.go:31] Failed to load config from "c:\\Users\\DevAI Studio\\Documents\\GitHub\\PayMerch\\dataconnect": could not find dataconnect.yaml in `c:\Users\DevAI Studio\Documents\GitHub\PayMerch\dataconnect`
 {"metadata":{"emulator":{"name":"dataconnect"},"message":"E1111 12:53:45.794121    6988 watch.go:31] Failed to load config from \"c:\\\\Users\\\\DevAI Studio\\\\Documents\\\\GitHub\\\\PayMerch\\\\dataconnect\": could not find dataconnect.yaml in `c:\\Users\\DevAI Studio\\Documents\\GitHub\\PayMerch\\dataconnect`\n"}}
[debug] [2025-11-11T10:53:55.794Z] E1111 12:53:55.795004    6988 watch.go:31] Failed to load config from "c:\\Users\\DevAI Studio\\Documents\\GitHub\\PayMerch\\dataconnect": could not find dataconnect.yaml in `c:\Users\DevAI Studio\Documents\GitHub\PayMerch\dataconnect`
 {"metadata":{"emulator":{"name":"dataconnect"},"message":"E1111 12:53:55.795004    6988 watch.go:31] Failed to load config from \"c:\\\\Users\\\\DevAI Studio\\\\Documents\\\\GitHub\\\\PayMerch\\\\dataconnect\": could not find dataconnect.yaml in `c:\\Users\\DevAI Studio\\Documents\\GitHub\\PayMerch\\dataconnect`\n"}}
[debug] [2025-11-11T10:54:05.794Z] E1111 12:54:05.793926    6988 watch.go:31] Failed to load config from "c:\\Users\\DevAI Studio\\Documents\\GitHub\\PayMerch\\dataconnect": could not find dataconnect.yaml in `c:\Users\DevAI Studio\Documents\GitHub\PayMerch\dataconnect`
 {"metadata":{"emulator":{"name":"dataconnect"},"message":"E1111 12:54:05.793926    6988 watch.go:31] Failed to load config from \"c:\\\\Users\\\\DevAI Studio\\\\Documents\\\\GitHub\\\\PayMerch\\\\dataconnect\": could not find dataconnect.yaml in `c:\\Users\\DevAI Studio\\Documents\\GitHub\\PayMerch\\dataconnect`\n"}}
[debug] [2025-11-11T10:54:15.796Z] E1111 12:54:15.796040    6988 watch.go:31] Failed to load config from "c:\\Users\\DevAI Studio\\Documents\\GitHub\\PayMerch\\dataconnect": could not find dataconnect.yaml in `c:\Users\DevAI Studio\Documents\GitHub\PayMerch\dataconnect`
 {"metadata":{"emulator":{"name":"dataconnect"},"message":"E1111 12:54:15.796040    6988 watch.go:31] Failed to load config from \"c:\\\\Users\\\\DevAI Studio\\\\Documents\\\\GitHub\\\\PayMerch\\\\dataconnect\": could not find dataconnect.yaml in `c:\\Users\\DevAI Studio\\Documents\\GitHub\\PayMerch\\dataconnect`\n"}}
[debug] [2025-11-11T10:54:25.794Z] E1111 12:54:25.794357    6988 watch.go:31] Failed to load config from "c:\\Users\\DevAI Studio\\Documents\\GitHub\\PayMerch\\dataconnect": could not find dataconnect.yaml in `c:\Users\DevAI Studio\Documents\GitHub\PayMerch\dataconnect`
 {"metadata":{"emulator":{"name":"dataconnect"},"message":"E1111 12:54:25.794357    6988 watch.go:31] Failed to load config from \"c:\\\\Users\\\\DevAI Studio\\\\Documents\\\\GitHub\\\\PayMerch\\\\dataconnect\": could not find dataconnect.yaml in `c:\\Users\\DevAI Studio\\Documents\\GitHub\\PayMerch\\dataconnect`\n"}}
[debug] [2025-11-11T10:54:35.795Z] E1111 12:54:35.795225    6988 watch.go:31] Failed to load config from "c:\\Users\\DevAI Studio\\Documents\\GitHub\\PayMerch\\dataconnect": could not find dataconnect.yaml in `c:\Users\DevAI Studio\Documents\GitHub\PayMerch\dataconnect`
 {"metadata":{"emulator":{"name":"dataconnect"},"message":"E1111 12:54:35.795225    6988 watch.go:31] Failed to load config from \"c:\\\\Users\\\\DevAI Studio\\\\Documents\\\\GitHub\\\\PayMerch\\\\dataconnect\": could not find dataconnect.yaml in `c:\\Users\\DevAI Studio\\Documents\\GitHub\\PayMerch\\dataconnect`\n"}}
[debug] [2025-11-11T10:54:45.795Z] E1111 12:54:45.794669    6988 watch.go:31] Failed to load config from "c:\\Users\\DevAI Studio\\Documents\\GitHub\\PayMerch\\dataconnect": could not find dataconnect.yaml in `c:\Users\DevAI Studio\Documents\GitHub\PayMerch\dataconnect`
 {"metadata":{"emulator":{"name":"dataconnect"},"message":"E1111 12:54:45.794669    6988 watch.go:31] Failed to load config from \"c:\\\\Users\\\\DevAI Studio\\\\Documents\\\\GitHub\\\\PayMerch\\\\dataconnect\": could not find dataconnect.yaml in `c:\\Users\\DevAI Studio\\Documents\\GitHub\\PayMerch\\dataconnect`\n"}}
[debug] [2025-11-11T10:54:55.794Z] E1111 12:54:55.793927    6988 watch.go:31] Failed to load config from "c:\\Users\\DevAI Studio\\Documents\\GitHub\\PayMerch\\dataconnect": could not find dataconnect.yaml in `c:\Users\DevAI Studio\Documents\GitHub\PayMerch\dataconnect`
 {"metadata":{"emulator":{"name":"dataconnect"},"message":"E1111 12:54:55.793927    6988 watch.go:31] Failed to load config from \"c:\\\\Users\\\\DevAI Studio\\\\Documents\\\\GitHub\\\\PayMerch\\\\dataconnect\": could not find dataconnect.yaml in `c:\\Users\\DevAI Studio\\Documents\\GitHub\\PayMerch\\dataconnect`\n"}}
[debug] [2025-11-11T10:55:05.794Z] E1111 12:55:05.794703    6988 watch.go:31] Failed to load config from "c:\\Users\\DevAI Studio\\Documents\\GitHub\\PayMerch\\dataconnect": could not find dataconnect.yaml in `c:\Users\DevAI Studio\Documents\GitHub\PayMerch\dataconnect`
 {"metadata":{"emulator":{"name":"dataconnect"},"message":"E1111 12:55:05.794703    6988 watch.go:31] Failed to load config from \"c:\\\\Users\\\\DevAI Studio\\\\Documents\\\\GitHub\\\\PayMerch\\\\dataconnect\": could not find dataconnect.yaml in `c:\\Users\\DevAI Studio\\Documents\\GitHub\\PayMerch\\dataconnect`\n"}}
[debug] [2025-11-11T10:55:15.795Z] E1111 12:55:15.794522    6988 watch.go:31] Failed to load config from "c:\\Users\\DevAI Studio\\Documents\\GitHub\\PayMerch\\dataconnect": could not find dataconnect.yaml in `c:\Users\DevAI Studio\Documents\GitHub\PayMerch\dataconnect`
E1111 12:55:15.794522    6988 watch.go:102] watchAllDir unable to walk dir `c:\Users\DevAI Studio\Documents\GitHub\PayMerch\dataconnect`: CreateFile c:\Users\DevAI Studio\Documents\GitHub\PayMerch\dataconnect: The system cannot find the file specified.
 {"metadata":{"emulator":{"name":"dataconnect"},"message":"E1111 12:55:15.794522    6988 watch.go:31] Failed to load config from \"c:\\\\Users\\\\DevAI Studio\\\\Documents\\\\GitHub\\\\PayMerch\\\\dataconnect\": could not find dataconnect.yaml in `c:\\Users\\DevAI Studio\\Documents\\GitHub\\PayMerch\\dataconnect`\nE1111 12:55:15.794522    6988 watch.go:102] watchAllDir unable to walk dir `c:\\Users\\DevAI Studio\\Documents\\GitHub\\PayMerch\\dataconnect`: CreateFile c:\\Users\\DevAI Studio\\Documents\\GitHub\\PayMerch\\dataconnect: The system cannot find the file specified.\n"}}
[debug] [2025-11-11T10:55:25.794Z] E1111 12:55:25.794019    6988 watch.go:31] Failed to load config from "c:\\Users\\DevAI Studio\\Documents\\GitHub\\PayMerch\\dataconnect": could not find dataconnect.yaml in `c:\Users\DevAI Studio\Documents\GitHub\PayMerch\dataconnect`
 {"metadata":{"emulator":{"name":"dataconnect"},"message":"E1111 12:55:25.794019    6988 watch.go:31] Failed to load config from \"c:\\\\Users\\\\DevAI Studio\\\\Documents\\\\GitHub\\\\PayMerch\\\\dataconnect\": could not find dataconnect.yaml in `c:\\Users\\DevAI Studio\\Documents\\GitHub\\PayMerch\\dataconnect`\n"}}
[debug] [2025-11-11T10:55:35.794Z] E1111 12:55:35.794334    6988 watch.go:31] Failed to load config from "c:\\Users\\DevAI Studio\\Documents\\GitHub\\PayMerch\\dataconnect": could not find dataconnect.yaml in `c:\Users\DevAI Studio\Documents\GitHub\PayMerch\dataconnect`
 {"metadata":{"emulator":{"name":"dataconnect"},"message":"E1111 12:55:35.794334    6988 watch.go:31] Failed to load config from \"c:\\\\Users\\\\DevAI Studio\\\\Documents\\\\GitHub\\\\PayMerch\\\\dataconnect\": could not find dataconnect.yaml in `c:\\Users\\DevAI Studio\\Documents\\GitHub\\PayMerch\\dataconnect`\n"}}
[debug] [2025-11-11T10:55:45.795Z] E1111 12:55:45.795117    6988 watch.go:31] Failed to load config from "c:\\Users\\DevAI Studio\\Documents\\GitHub\\PayMerch\\dataconnect": could not find dataconnect.yaml in `c:\Users\DevAI Studio\Documents\GitHub\PayMerch\dataconnect`
 {"metadata":{"emulator":{"name":"dataconnect"},"message":"E1111 12:55:45.795117    6988 watch.go:31] Failed to load config from \"c:\\\\Users\\\\DevAI Studio\\\\Documents\\\\GitHub\\\\PayMerch\\\\dataconnect\": could not find dataconnect.yaml in `c:\\Users\\DevAI Studio\\Documents\\GitHub\\PayMerch\\dataconnect`\n"}}
[debug] [2025-11-11T10:55:55.795Z] E1111 12:55:55.794965    6988 watch.go:31] Failed to load config from "c:\\Users\\DevAI Studio\\Documents\\GitHub\\PayMerch\\dataconnect": could not find dataconnect.yaml in `c:\Users\DevAI Studio\Documents\GitHub\PayMerch\dataconnect`
 {"metadata":{"emulator":{"name":"dataconnect"},"message":"E1111 12:55:55.794965    6988 watch.go:31] Failed to load config from \"c:\\\\Users\\\\DevAI Studio\\\\Documents\\\\GitHub\\\\PayMerch\\\\dataconnect\": could not find dataconnect.yaml in `c:\\Users\\DevAI Studio\\Documents\\GitHub\\PayMerch\\dataconnect`\n"}}
[debug] [2025-11-11T10:56:05.794Z] E1111 12:56:05.794186    6988 watch.go:31] Failed to load config from "c:\\Users\\DevAI Studio\\Documents\\GitHub\\PayMerch\\dataconnect": could not find dataconnect.yaml in `c:\Users\DevAI Studio\Documents\GitHub\PayMerch\dataconnect`
 {"metadata":{"emulator":{"name":"dataconnect"},"message":"E1111 12:56:05.794186    6988 watch.go:31] Failed to load config from \"c:\\\\Users\\\\DevAI Studio\\\\Documents\\\\GitHub\\\\PayMerch\\\\dataconnect\": could not find dataconnect.yaml in `c:\\Users\\DevAI Studio\\Documents\\GitHub\\PayMerch\\dataconnect`\n"}}
[debug] [2025-11-11T10:56:15.795Z] E1111 12:56:15.794848    6988 watch.go:31] Failed to load config from "c:\\Users\\DevAI Studio\\Documents\\GitHub\\PayMerch\\dataconnect": could not find dataconnect.yaml in `c:\Users\DevAI Studio\Documents\GitHub\PayMerch\dataconnect`
 {"metadata":{"emulator":{"name":"dataconnect"},"message":"E1111 12:56:15.794848    6988 watch.go:31] Failed to load config from \"c:\\\\Users\\\\DevAI Studio\\\\Documents\\\\GitHub\\\\PayMerch\\\\dataconnect\": could not find dataconnect.yaml in `c:\\Users\\DevAI Studio\\Documents\\GitHub\\PayMerch\\dataconnect`\n"}}
[debug] [2025-11-11T10:56:25.794Z] E1111 12:56:25.794652    6988 watch.go:31] Failed to load config from "c:\\Users\\DevAI Studio\\Documents\\GitHub\\PayMerch\\dataconnect": could not find dataconnect.yaml in `c:\Users\DevAI Studio\Documents\GitHub\PayMerch\dataconnect`
 {"metadata":{"emulator":{"name":"dataconnect"},"message":"E1111 12:56:25.794652    6988 watch.go:31] Failed to load config from \"c:\\\\Users\\\\DevAI Studio\\\\Documents\\\\GitHub\\\\PayMerch\\\\dataconnect\": could not find dataconnect.yaml in `c:\\Users\\DevAI Studio\\Documents\\GitHub\\PayMerch\\dataconnect`\n"}}
[debug] [2025-11-11T10:56:35.795Z] E1111 12:56:35.795412    6988 watch.go:31] Failed to load config from "c:\\Users\\DevAI Studio\\Documents\\GitHub\\PayMerch\\dataconnect": could not find dataconnect.yaml in `c:\Users\DevAI Studio\Documents\GitHub\PayMerch\dataconnect`
 {"metadata":{"emulator":{"name":"dataconnect"},"message":"E1111 12:56:35.795412    6988 watch.go:31] Failed to load config from \"c:\\\\Users\\\\DevAI Studio\\\\Documents\\\\GitHub\\\\PayMerch\\\\dataconnect\": could not find dataconnect.yaml in `c:\\Users\\DevAI Studio\\Documents\\GitHub\\PayMerch\\dataconnect`\n"}}
[debug] [2025-11-11T10:56:45.794Z] E1111 12:56:45.794744    6988 watch.go:31] Failed to load config from "c:\\Users\\DevAI Studio\\Documents\\GitHub\\PayMerch\\dataconnect": could not find dataconnect.yaml in `c:\Users\DevAI Studio\Documents\GitHub\PayMerch\dataconnect`
 {"metadata":{"emulator":{"name":"dataconnect"},"message":"E1111 12:56:45.794744    6988 watch.go:31] Failed to load config from \"c:\\\\Users\\\\DevAI Studio\\\\Documents\\\\GitHub\\\\PayMerch\\\\dataconnect\": could not find dataconnect.yaml in `c:\\Users\\DevAI Studio\\Documents\\GitHub\\PayMerch\\dataconnect`\n"}}
[debug] [2025-11-11T10:56:55.795Z] E1111 12:56:55.794403    6988 watch.go:31] Failed to load config from "c:\\Users\\DevAI Studio\\Documents\\GitHub\\PayMerch\\dataconnect": could not find dataconnect.yaml in `c:\Users\DevAI Studio\Documents\GitHub\PayMerch\dataconnect`
 {"metadata":{"emulator":{"name":"dataconnect"},"message":"E1111 12:56:55.794403    6988 watch.go:31] Failed to load config from \"c:\\\\Users\\\\DevAI Studio\\\\Documents\\\\GitHub\\\\PayMerch\\\\dataconnect\": could not find dataconnect.yaml in `c:\\Users\\DevAI Studio\\Documents\\GitHub\\PayMerch\\dataconnect`\n"}}
[debug] [2025-11-11T10:57:05.795Z] E1111 12:57:05.794454    6988 watch.go:31] Failed to load config from "c:\\Users\\DevAI Studio\\Documents\\GitHub\\PayMerch\\dataconnect": could not find dataconnect.yaml in `c:\Users\DevAI Studio\Documents\GitHub\PayMerch\dataconnect`
 {"metadata":{"emulator":{"name":"dataconnect"},"message":"E1111 12:57:05.794454    6988 watch.go:31] Failed to load config from \"c:\\\\Users\\\\DevAI Studio\\\\Documents\\\\GitHub\\\\PayMerch\\\\dataconnect\": could not find dataconnect.yaml in `c:\\Users\\DevAI Studio\\Documents\\GitHub\\PayMerch\\dataconnect`\n"}}
[debug] [2025-11-11T10:57:15.796Z] E1111 12:57:15.795465    6988 watch.go:31] Failed to load config from "c:\\Users\\DevAI Studio\\Documents\\GitHub\\PayMerch\\dataconnect": could not find dataconnect.yaml in `c:\Users\DevAI Studio\Documents\GitHub\PayMerch\dataconnect`
E1111 12:57:15.795627    6988 watch.go:102] watchAllDir unable to walk dir `c:\Users\DevAI Studio\Documents\GitHub\PayMerch\dataconnect`: CreateFile c:\Users\DevAI Studio\Documents\GitHub\PayMerch\dataconnect: The system cannot find the file specified.
 {"metadata":{"emulator":{"name":"dataconnect"},"message":"E1111 12:57:15.795465    6988 watch.go:31] Failed to load config from \"c:\\\\Users\\\\DevAI Studio\\\\Documents\\\\GitHub\\\\PayMerch\\\\dataconnect\": could not find dataconnect.yaml in `c:\\Users\\DevAI Studio\\Documents\\GitHub\\PayMerch\\dataconnect`\nE1111 12:57:15.795627    6988 watch.go:102] watchAllDir unable to walk dir `c:\\Users\\DevAI Studio\\Documents\\GitHub\\PayMerch\\dataconnect`: CreateFile c:\\Users\\DevAI Studio\\Documents\\GitHub\\PayMerch\\dataconnect: The system cannot find the file specified.\n"}}
[debug] [2025-11-11T10:57:25.803Z] E1111 12:57:25.803390    6988 watch.go:31] Failed to load config from "c:\\Users\\DevAI Studio\\Documents\\GitHub\\PayMerch\\dataconnect": could not find dataconnect.yaml in `c:\Users\DevAI Studio\Documents\GitHub\PayMerch\dataconnect`
 {"metadata":{"emulator":{"name":"dataconnect"},"message":"E1111 12:57:25.803390    6988 watch.go:31] Failed to load config from \"c:\\\\Users\\\\DevAI Studio\\\\Documents\\\\GitHub\\\\PayMerch\\\\dataconnect\": could not find dataconnect.yaml in `c:\\Users\\DevAI Studio\\Documents\\GitHub\\PayMerch\\dataconnect`\n"}}
[debug] [2025-11-11T10:57:35.794Z] E1111 12:57:35.794555    6988 watch.go:31] Failed to load config from "c:\\Users\\DevAI Studio\\Documents\\GitHub\\PayMerch\\dataconnect": could not find dataconnect.yaml in `c:\Users\DevAI Studio\Documents\GitHub\PayMerch\dataconnect`
 {"metadata":{"emulator":{"name":"dataconnect"},"message":"E1111 12:57:35.794555    6988 watch.go:31] Failed to load config from \"c:\\\\Users\\\\DevAI Studio\\\\Documents\\\\GitHub\\\\PayMerch\\\\dataconnect\": could not find dataconnect.yaml in `c:\\Users\\DevAI Studio\\Documents\\GitHub\\PayMerch\\dataconnect`\n"}}
[debug] [2025-11-11T10:57:45.795Z] E1111 12:57:45.794527    6988 watch.go:31] Failed to load config from "c:\\Users\\DevAI Studio\\Documents\\GitHub\\PayMerch\\dataconnect": could not find dataconnect.yaml in `c:\Users\DevAI Studio\Documents\GitHub\PayMerch\dataconnect`
 {"metadata":{"emulator":{"name":"dataconnect"},"message":"E1111 12:57:45.794527    6988 watch.go:31] Failed to load config from \"c:\\\\Users\\\\DevAI Studio\\\\Documents\\\\GitHub\\\\PayMerch\\\\dataconnect\": could not find dataconnect.yaml in `c:\\Users\\DevAI Studio\\Documents\\GitHub\\PayMerch\\dataconnect`\n"}}
[debug] [2025-11-11T10:57:55.794Z] E1111 12:57:55.794575    6988 watch.go:31] Failed to load config from "c:\\Users\\DevAI Studio\\Documents\\GitHub\\PayMerch\\dataconnect": could not find dataconnect.yaml in `c:\Users\DevAI Studio\Documents\GitHub\PayMerch\dataconnect`
 {"metadata":{"emulator":{"name":"dataconnect"},"message":"E1111 12:57:55.794575    6988 watch.go:31] Failed to load config from \"c:\\\\Users\\\\DevAI Studio\\\\Documents\\\\GitHub\\\\PayMerch\\\\dataconnect\": could not find dataconnect.yaml in `c:\\Users\\DevAI Studio\\Documents\\GitHub\\PayMerch\\dataconnect`\n"}}
[debug] [2025-11-11T10:58:05.795Z] E1111 12:58:05.794867    6988 watch.go:31] Failed to load config from "c:\\Users\\DevAI Studio\\Documents\\GitHub\\PayMerch\\dataconnect": could not find dataconnect.yaml in `c:\Users\DevAI Studio\Documents\GitHub\PayMerch\dataconnect`
 {"metadata":{"emulator":{"name":"dataconnect"},"message":"E1111 12:58:05.794867    6988 watch.go:31] Failed to load config from \"c:\\\\Users\\\\DevAI Studio\\\\Documents\\\\GitHub\\\\PayMerch\\\\dataconnect\": could not find dataconnect.yaml in `c:\\Users\\DevAI Studio\\Documents\\GitHub\\PayMerch\\dataconnect`\n"}}
[debug] [2025-11-11T10:58:15.795Z] E1111 12:58:15.795059    6988 watch.go:31] Failed to load config from "c:\\Users\\DevAI Studio\\Documents\\GitHub\\PayMerch\\dataconnect": could not find dataconnect.yaml in `c:\Users\DevAI Studio\Documents\GitHub\PayMerch\dataconnect`
 {"metadata":{"emulator":{"name":"dataconnect"},"message":"E1111 12:58:15.795059    6988 watch.go:31] Failed to load config from \"c:\\\\Users\\\\DevAI Studio\\\\Documents\\\\GitHub\\\\PayMerch\\\\dataconnect\": could not find dataconnect.yaml in `c:\\Users\\DevAI Studio\\Documents\\GitHub\\PayMerch\\dataconnect`\n"}}
[debug] [2025-11-11T10:58:25.796Z] E1111 12:58:25.795331    6988 watch.go:31] Failed to load config from "c:\\Users\\DevAI Studio\\Documents\\GitHub\\PayMerch\\dataconnect": could not find dataconnect.yaml in `c:\Users\DevAI Studio\Documents\GitHub\PayMerch\dataconnect`
 {"metadata":{"emulator":{"name":"dataconnect"},"message":"E1111 12:58:25.795331    6988 watch.go:31] Failed to load config from \"c:\\\\Users\\\\DevAI Studio\\\\Documents\\\\GitHub\\\\PayMerch\\\\dataconnect\": could not find dataconnect.yaml in `c:\\Users\\DevAI Studio\\Documents\\GitHub\\PayMerch\\dataconnect`\n"}}
[debug] [2025-11-11T10:58:35.796Z] E1111 12:58:35.796222    6988 watch.go:31] Failed to load config from "c:\\Users\\DevAI Studio\\Documents\\GitHub\\PayMerch\\dataconnect": could not find dataconnect.yaml in `c:\Users\DevAI Studio\Documents\GitHub\PayMerch\dataconnect`
 {"metadata":{"emulator":{"name":"dataconnect"},"message":"E1111 12:58:35.796222    6988 watch.go:31] Failed to load config from \"c:\\\\Users\\\\DevAI Studio\\\\Documents\\\\GitHub\\\\PayMerch\\\\dataconnect\": could not find dataconnect.yaml in `c:\\Users\\DevAI Studio\\Documents\\GitHub\\PayMerch\\dataconnect`\n"}}
[debug] [2025-11-11T10:58:45.795Z] E1111 12:58:45.794934    6988 watch.go:31] Failed to load config from "c:\\Users\\DevAI Studio\\Documents\\GitHub\\PayMerch\\dataconnect": could not find dataconnect.yaml in `c:\Users\DevAI Studio\Documents\GitHub\PayMerch\dataconnect`
 {"metadata":{"emulator":{"name":"dataconnect"},"message":"E1111 12:58:45.794934    6988 watch.go:31] Failed to load config from \"c:\\\\Users\\\\DevAI Studio\\\\Documents\\\\GitHub\\\\PayMerch\\\\dataconnect\": could not find dataconnect.yaml in `c:\\Users\\DevAI Studio\\Documents\\GitHub\\PayMerch\\dataconnect`\n"}}
[debug] [2025-11-11T10:58:55.795Z] E1111 12:58:55.795174    6988 watch.go:31] Failed to load config from "c:\\Users\\DevAI Studio\\Documents\\GitHub\\PayMerch\\dataconnect": could not find dataconnect.yaml in `c:\Users\DevAI Studio\Documents\GitHub\PayMerch\dataconnect`
 {"metadata":{"emulator":{"name":"dataconnect"},"message":"E1111 12:58:55.795174    6988 watch.go:31] Failed to load config from \"c:\\\\Users\\\\DevAI Studio\\\\Documents\\\\GitHub\\\\PayMerch\\\\dataconnect\": could not find dataconnect.yaml in `c:\\Users\\DevAI Studio\\Documents\\GitHub\\PayMerch\\dataconnect`\n"}}
[debug] [2025-11-11T10:59:05.794Z] E1111 12:59:05.794135    6988 watch.go:31] Failed to load config from "c:\\Users\\DevAI Studio\\Documents\\GitHub\\PayMerch\\dataconnect": could not find dataconnect.yaml in `c:\Users\DevAI Studio\Documents\GitHub\PayMerch\dataconnect`
 {"metadata":{"emulator":{"name":"dataconnect"},"message":"E1111 12:59:05.794135    6988 watch.go:31] Failed to load config from \"c:\\\\Users\\\\DevAI Studio\\\\Documents\\\\GitHub\\\\PayMerch\\\\dataconnect\": could not find dataconnect.yaml in `c:\\Users\\DevAI Studio\\Documents\\GitHub\\PayMerch\\dataconnect`\n"}}
[debug] [2025-11-11T10:59:15.795Z] E1111 12:59:15.795534    6988 watch.go:31] Failed to load config from "c:\\Users\\DevAI Studio\\Documents\\GitHub\\PayMerch\\dataconnect": could not find dataconnect.yaml in `c:\Users\DevAI Studio\Documents\GitHub\PayMerch\dataconnect`
E1111 12:59:15.795832    6988 watch.go:102] watchAllDir unable to walk dir `c:\Users\DevAI Studio\Documents\GitHub\PayMerch\dataconnect`: CreateFile c:\Users\DevAI Studio\Documents\GitHub\PayMerch\dataconnect: The system cannot find the file specified.
 {"metadata":{"emulator":{"name":"dataconnect"},"message":"E1111 12:59:15.795534    6988 watch.go:31] Failed to load config from \"c:\\\\Users\\\\DevAI Studio\\\\Documents\\\\GitHub\\\\PayMerch\\\\dataconnect\": could not find dataconnect.yaml in `c:\\Users\\DevAI Studio\\Documents\\GitHub\\PayMerch\\dataconnect`\nE1111 12:59:15.795832    6988 watch.go:102] watchAllDir unable to walk dir `c:\\Users\\DevAI Studio\\Documents\\GitHub\\PayMerch\\dataconnect`: CreateFile c:\\Users\\DevAI Studio\\Documents\\GitHub\\PayMerch\\dataconnect: The system cannot find the file specified.\n"}}
[debug] [2025-11-11T10:59:25.794Z] E1111 12:59:25.794710    6988 watch.go:31] Failed to load config from "c:\\Users\\DevAI Studio\\Documents\\GitHub\\PayMerch\\dataconnect": could not find dataconnect.yaml in `c:\Users\DevAI Studio\Documents\GitHub\PayMerch\dataconnect`
 {"metadata":{"emulator":{"name":"dataconnect"},"message":"E1111 12:59:25.794710    6988 watch.go:31] Failed to load config from \"c:\\\\Users\\\\DevAI Studio\\\\Documents\\\\GitHub\\\\PayMerch\\\\dataconnect\": could not find dataconnect.yaml in `c:\\Users\\DevAI Studio\\Documents\\GitHub\\PayMerch\\dataconnect`\n"}}
[debug] [2025-11-11T10:59:35.795Z] E1111 12:59:35.794953    6988 watch.go:31] Failed to load config from "c:\\Users\\DevAI Studio\\Documents\\GitHub\\PayMerch\\dataconnect": could not find dataconnect.yaml in `c:\Users\DevAI Studio\Documents\GitHub\PayMerch\dataconnect`
 {"metadata":{"emulator":{"name":"dataconnect"},"message":"E1111 12:59:35.794953    6988 watch.go:31] Failed to load config from \"c:\\\\Users\\\\DevAI Studio\\\\Documents\\\\GitHub\\\\PayMerch\\\\dataconnect\": could not find dataconnect.yaml in `c:\\Users\\DevAI Studio\\Documents\\GitHub\\PayMerch\\dataconnect`\n"}}
[debug] [2025-11-11T10:59:45.794Z] E1111 12:59:45.793861    6988 watch.go:31] Failed to load config from "c:\\Users\\DevAI Studio\\Documents\\GitHub\\PayMerch\\dataconnect": could not find dataconnect.yaml in `c:\Users\DevAI Studio\Documents\GitHub\PayMerch\dataconnect`
 {"metadata":{"emulator":{"name":"dataconnect"},"message":"E1111 12:59:45.793861    6988 watch.go:31] Failed to load config from \"c:\\\\Users\\\\DevAI Studio\\\\Documents\\\\GitHub\\\\PayMerch\\\\dataconnect\": could not find dataconnect.yaml in `c:\\Users\\DevAI Studio\\Documents\\GitHub\\PayMerch\\dataconnect`\n"}}
[debug] [2025-11-11T10:59:55.793Z] E1111 12:59:55.794246    6988 watch.go:31] Failed to load config from "c:\\Users\\DevAI Studio\\Documents\\GitHub\\PayMerch\\dataconnect": could not find dataconnect.yaml in `c:\Users\DevAI Studio\Documents\GitHub\PayMerch\dataconnect`
 {"metadata":{"emulator":{"name":"dataconnect"},"message":"E1111 12:59:55.794246    6988 watch.go:31] Failed to load config from \"c:\\\\Users\\\\DevAI Studio\\\\Documents\\\\GitHub\\\\PayMerch\\\\dataconnect\": could not find dataconnect.yaml in `c:\\Users\\DevAI Studio\\Documents\\GitHub\\PayMerch\\dataconnect`\n"}}
[debug] [2025-11-11T11:00:05.794Z] E1111 13:00:05.794277    6988 watch.go:31] Failed to load config from "c:\\Users\\DevAI Studio\\Documents\\GitHub\\PayMerch\\dataconnect": could not find dataconnect.yaml in `c:\Users\DevAI Studio\Documents\GitHub\PayMerch\dataconnect`
 {"metadata":{"emulator":{"name":"dataconnect"},"message":"E1111 13:00:05.794277    6988 watch.go:31] Failed to load config from \"c:\\\\Users\\\\DevAI Studio\\\\Documents\\\\GitHub\\\\PayMerch\\\\dataconnect\": could not find dataconnect.yaml in `c:\\Users\\DevAI Studio\\Documents\\GitHub\\PayMerch\\dataconnect`\n"}}
[debug] [2025-11-11T11:00:15.794Z] E1111 13:00:15.794432    6988 watch.go:31] Failed to load config from "c:\\Users\\DevAI Studio\\Documents\\GitHub\\PayMerch\\dataconnect": could not find dataconnect.yaml in `c:\Users\DevAI Studio\Documents\GitHub\PayMerch\dataconnect`
 {"metadata":{"emulator":{"name":"dataconnect"},"message":"E1111 13:00:15.794432    6988 watch.go:31] Failed to load config from \"c:\\\\Users\\\\DevAI Studio\\\\Documents\\\\GitHub\\\\PayMerch\\\\dataconnect\": could not find dataconnect.yaml in `c:\\Users\\DevAI Studio\\Documents\\GitHub\\PayMerch\\dataconnect`\n"}}
[debug] [2025-11-11T11:00:25.794Z] E1111 13:00:25.794061    6988 watch.go:31] Failed to load config from "c:\\Users\\DevAI Studio\\Documents\\GitHub\\PayMerch\\dataconnect": could not find dataconnect.yaml in `c:\Users\DevAI Studio\Documents\GitHub\PayMerch\dataconnect`
 {"metadata":{"emulator":{"name":"dataconnect"},"message":"E1111 13:00:25.794061    6988 watch.go:31] Failed to load config from \"c:\\\\Users\\\\DevAI Studio\\\\Documents\\\\GitHub\\\\PayMerch\\\\dataconnect\": could not find dataconnect.yaml in `c:\\Users\\DevAI Studio\\Documents\\GitHub\\PayMerch\\dataconnect`\n"}}
[debug] [2025-11-11T11:00:35.795Z] E1111 13:00:35.794005    6988 watch.go:31] Failed to load config from "c:\\Users\\DevAI Studio\\Documents\\GitHub\\PayMerch\\dataconnect": could not find dataconnect.yaml in `c:\Users\DevAI Studio\Documents\GitHub\PayMerch\dataconnect`
 {"metadata":{"emulator":{"name":"dataconnect"},"message":"E1111 13:00:35.794005    6988 watch.go:31] Failed to load config from \"c:\\\\Users\\\\DevAI Studio\\\\Documents\\\\GitHub\\\\PayMerch\\\\dataconnect\": could not find dataconnect.yaml in `c:\\Users\\DevAI Studio\\Documents\\GitHub\\PayMerch\\dataconnect`\n"}}
[debug] [2025-11-11T11:00:45.795Z] E1111 13:00:45.794635    6988 watch.go:31] Failed to load config from "c:\\Users\\DevAI Studio\\Documents\\GitHub\\PayMerch\\dataconnect": could not find dataconnect.yaml in `c:\Users\DevAI Studio\Documents\GitHub\PayMerch\dataconnect`
 {"metadata":{"emulator":{"name":"dataconnect"},"message":"E1111 13:00:45.794635    6988 watch.go:31] Failed to load config from \"c:\\\\Users\\\\DevAI Studio\\\\Documents\\\\GitHub\\\\PayMerch\\\\dataconnect\": could not find dataconnect.yaml in `c:\\Users\\DevAI Studio\\Documents\\GitHub\\PayMerch\\dataconnect`\n"}}
[debug] [2025-11-11T11:00:55.794Z] E1111 13:00:55.794224    6988 watch.go:31] Failed to load config from "c:\\Users\\DevAI Studio\\Documents\\GitHub\\PayMerch\\dataconnect": could not find dataconnect.yaml in `c:\Users\DevAI Studio\Documents\GitHub\PayMerch\dataconnect`
 {"metadata":{"emulator":{"name":"dataconnect"},"message":"E1111 13:00:55.794224    6988 watch.go:31] Failed to load config from \"c:\\\\Users\\\\DevAI Studio\\\\Documents\\\\GitHub\\\\PayMerch\\\\dataconnect\": could not find dataconnect.yaml in `c:\\Users\\DevAI Studio\\Documents\\GitHub\\PayMerch\\dataconnect`\n"}}
[debug] [2025-11-11T11:01:05.795Z] E1111 13:01:05.793876    6988 watch.go:31] Failed to load config from "c:\\Users\\DevAI Studio\\Documents\\GitHub\\PayMerch\\dataconnect": could not find dataconnect.yaml in `c:\Users\DevAI Studio\Documents\GitHub\PayMerch\dataconnect`
 {"metadata":{"emulator":{"name":"dataconnect"},"message":"E1111 13:01:05.793876    6988 watch.go:31] Failed to load config from \"c:\\\\Users\\\\DevAI Studio\\\\Documents\\\\GitHub\\\\PayMerch\\\\dataconnect\": could not find dataconnect.yaml in `c:\\Users\\DevAI Studio\\Documents\\GitHub\\PayMerch\\dataconnect`\n"}}
[debug] [2025-11-11T11:01:15.796Z] E1111 13:01:15.795662    6988 watch.go:31] Failed to load config from "c:\\Users\\DevAI Studio\\Documents\\GitHub\\PayMerch\\dataconnect": could not find dataconnect.yaml in `c:\Users\DevAI Studio\Documents\GitHub\PayMerch\dataconnect`
 {"metadata":{"emulator":{"name":"dataconnect"},"message":"E1111 13:01:15.795662    6988 watch.go:31] Failed to load config from \"c:\\\\Users\\\\DevAI Studio\\\\Documents\\\\GitHub\\\\PayMerch\\\\dataconnect\": could not find dataconnect.yaml in `c:\\Users\\DevAI Studio\\Documents\\GitHub\\PayMerch\\dataconnect`\n"}}
[debug] [2025-11-11T11:01:15.797Z] E1111 13:01:15.796204    6988 watch.go:102] watchAllDir unable to walk dir `c:\Users\DevAI Studio\Documents\GitHub\PayMerch\dataconnect`: CreateFile c:\Users\DevAI Studio\Documents\GitHub\PayMerch\dataconnect: The system cannot find the file specified.
 {"metadata":{"emulator":{"name":"dataconnect"},"message":"E1111 13:01:15.796204    6988 watch.go:102] watchAllDir unable to walk dir `c:\\Users\\DevAI Studio\\Documents\\GitHub\\PayMerch\\dataconnect`: CreateFile c:\\Users\\DevAI Studio\\Documents\\GitHub\\PayMerch\\dataconnect: The system cannot find the file specified.\n"}}
[debug] [2025-11-11T11:01:25.795Z] E1111 13:01:25.794760    6988 watch.go:31] Failed to load config from "c:\\Users\\DevAI Studio\\Documents\\GitHub\\PayMerch\\dataconnect": could not find dataconnect.yaml in `c:\Users\DevAI Studio\Documents\GitHub\PayMerch\dataconnect`
 {"metadata":{"emulator":{"name":"dataconnect"},"message":"E1111 13:01:25.794760    6988 watch.go:31] Failed to load config from \"c:\\\\Users\\\\DevAI Studio\\\\Documents\\\\GitHub\\\\PayMerch\\\\dataconnect\": could not find dataconnect.yaml in `c:\\Users\\DevAI Studio\\Documents\\GitHub\\PayMerch\\dataconnect`\n"}}
[debug] [2025-11-11T11:01:35.796Z] E1111 13:01:35.795556    6988 watch.go:31] Failed to load config from "c:\\Users\\DevAI Studio\\Documents\\GitHub\\PayMerch\\dataconnect": could not find dataconnect.yaml in `c:\Users\DevAI Studio\Documents\GitHub\PayMerch\dataconnect`
 {"metadata":{"emulator":{"name":"dataconnect"},"message":"E1111 13:01:35.795556    6988 watch.go:31] Failed to load config from \"c:\\\\Users\\\\DevAI Studio\\\\Documents\\\\GitHub\\\\PayMerch\\\\dataconnect\": could not find dataconnect.yaml in `c:\\Users\\DevAI Studio\\Documents\\GitHub\\PayMerch\\dataconnect`\n"}}
[debug] [2025-11-11T11:01:45.794Z] E1111 13:01:45.794640    6988 watch.go:31] Failed to load config from "c:\\Users\\DevAI Studio\\Documents\\GitHub\\PayMerch\\dataconnect": could not find dataconnect.yaml in `c:\Users\DevAI Studio\Documents\GitHub\PayMerch\dataconnect`
 {"metadata":{"emulator":{"name":"dataconnect"},"message":"E1111 13:01:45.794640    6988 watch.go:31] Failed to load config from \"c:\\\\Users\\\\DevAI Studio\\\\Documents\\\\GitHub\\\\PayMerch\\\\dataconnect\": could not find dataconnect.yaml in `c:\\Users\\DevAI Studio\\Documents\\GitHub\\PayMerch\\dataconnect`\n"}}
[debug] [2025-11-11T11:01:55.794Z] E1111 13:01:55.794042    6988 watch.go:31] Failed to load config from "c:\\Users\\DevAI Studio\\Documents\\GitHub\\PayMerch\\dataconnect": could not find dataconnect.yaml in `c:\Users\DevAI Studio\Documents\GitHub\PayMerch\dataconnect`
 {"metadata":{"emulator":{"name":"dataconnect"},"message":"E1111 13:01:55.794042    6988 watch.go:31] Failed to load config from \"c:\\\\Users\\\\DevAI Studio\\\\Documents\\\\GitHub\\\\PayMerch\\\\dataconnect\": could not find dataconnect.yaml in `c:\\Users\\DevAI Studio\\Documents\\GitHub\\PayMerch\\dataconnect`\n"}}
[debug] [2025-11-11T11:02:05.794Z] E1111 13:02:05.794681    6988 watch.go:31] Failed to load config from "c:\\Users\\DevAI Studio\\Documents\\GitHub\\PayMerch\\dataconnect": could not find dataconnect.yaml in `c:\Users\DevAI Studio\Documents\GitHub\PayMerch\dataconnect`
 {"metadata":{"emulator":{"name":"dataconnect"},"message":"E1111 13:02:05.794681    6988 watch.go:31] Failed to load config from \"c:\\\\Users\\\\DevAI Studio\\\\Documents\\\\GitHub\\\\PayMerch\\\\dataconnect\": could not find dataconnect.yaml in `c:\\Users\\DevAI Studio\\Documents\\GitHub\\PayMerch\\dataconnect`\n"}}
[debug] [2025-11-11T11:02:15.795Z] E1111 13:02:15.795369    6988 watch.go:31] Failed to load config from "c:\\Users\\DevAI Studio\\Documents\\GitHub\\PayMerch\\dataconnect": could not find dataconnect.yaml in `c:\Users\DevAI Studio\Documents\GitHub\PayMerch\dataconnect`
 {"metadata":{"emulator":{"name":"dataconnect"},"message":"E1111 13:02:15.795369    6988 watch.go:31] Failed to load config from \"c:\\\\Users\\\\DevAI Studio\\\\Documents\\\\GitHub\\\\PayMerch\\\\dataconnect\": could not find dataconnect.yaml in `c:\\Users\\DevAI Studio\\Documents\\GitHub\\PayMerch\\dataconnect`\n"}}
[debug] [2025-11-11T11:02:25.794Z] E1111 13:02:25.794307    6988 watch.go:31] Failed to load config from "c:\\Users\\DevAI Studio\\Documents\\GitHub\\PayMerch\\dataconnect": could not find dataconnect.yaml in `c:\Users\DevAI Studio\Documents\GitHub\PayMerch\dataconnect`
 {"metadata":{"emulator":{"name":"dataconnect"},"message":"E1111 13:02:25.794307    6988 watch.go:31] Failed to load config from \"c:\\\\Users\\\\DevAI Studio\\\\Documents\\\\GitHub\\\\PayMerch\\\\dataconnect\": could not find dataconnect.yaml in `c:\\Users\\DevAI Studio\\Documents\\GitHub\\PayMerch\\dataconnect`\n"}}
[debug] [2025-11-11T11:02:35.795Z] E1111 13:02:35.794772    6988 watch.go:31] Failed to load config from "c:\\Users\\DevAI Studio\\Documents\\GitHub\\PayMerch\\dataconnect": could not find dataconnect.yaml in `c:\Users\DevAI Studio\Documents\GitHub\PayMerch\dataconnect`
 {"metadata":{"emulator":{"name":"dataconnect"},"message":"E1111 13:02:35.794772    6988 watch.go:31] Failed to load config from \"c:\\\\Users\\\\DevAI Studio\\\\Documents\\\\GitHub\\\\PayMerch\\\\dataconnect\": could not find dataconnect.yaml in `c:\\Users\\DevAI Studio\\Documents\\GitHub\\PayMerch\\dataconnect`\n"}}
[debug] [2025-11-11T11:02:45.806Z] E1111 13:02:45.806008    6988 watch.go:31] Failed to load config from "c:\\Users\\DevAI Studio\\Documents\\GitHub\\PayMerch\\dataconnect": could not find dataconnect.yaml in `c:\Users\DevAI Studio\Documents\GitHub\PayMerch\dataconnect`
 {"metadata":{"emulator":{"name":"dataconnect"},"message":"E1111 13:02:45.806008    6988 watch.go:31] Failed to load config from \"c:\\\\Users\\\\DevAI Studio\\\\Documents\\\\GitHub\\\\PayMerch\\\\dataconnect\": could not find dataconnect.yaml in `c:\\Users\\DevAI Studio\\Documents\\GitHub\\PayMerch\\dataconnect`\n"}}
[debug] [2025-11-11T11:02:55.794Z] E1111 13:02:55.794605    6988 watch.go:31] Failed to load config from "c:\\Users\\DevAI Studio\\Documents\\GitHub\\PayMerch\\dataconnect": could not find dataconnect.yaml in `c:\Users\DevAI Studio\Documents\GitHub\PayMerch\dataconnect`
 {"metadata":{"emulator":{"name":"dataconnect"},"message":"E1111 13:02:55.794605    6988 watch.go:31] Failed to load config from \"c:\\\\Users\\\\DevAI Studio\\\\Documents\\\\GitHub\\\\PayMerch\\\\dataconnect\": could not find dataconnect.yaml in `c:\\Users\\DevAI Studio\\Documents\\GitHub\\PayMerch\\dataconnect`\n"}}
[debug] [2025-11-11T11:03:05.795Z] E1111 13:03:05.794703    6988 watch.go:31] Failed to load config from "c:\\Users\\DevAI Studio\\Documents\\GitHub\\PayMerch\\dataconnect": could not find dataconnect.yaml in `c:\Users\DevAI Studio\Documents\GitHub\PayMerch\dataconnect`
 {"metadata":{"emulator":{"name":"dataconnect"},"message":"E1111 13:03:05.794703    6988 watch.go:31] Failed to load config from \"c:\\\\Users\\\\DevAI Studio\\\\Documents\\\\GitHub\\\\PayMerch\\\\dataconnect\": could not find dataconnect.yaml in `c:\\Users\\DevAI Studio\\Documents\\GitHub\\PayMerch\\dataconnect`\n"}}
[debug] [2025-11-11T11:03:15.795Z] E1111 13:03:15.795356    6988 watch.go:31] Failed to load config from "c:\\Users\\DevAI Studio\\Documents\\GitHub\\PayMerch\\dataconnect": could not find dataconnect.yaml in `c:\Users\DevAI Studio\Documents\GitHub\PayMerch\dataconnect`
E1111 13:03:15.795481    6988 watch.go:102] watchAllDir unable to walk dir `c:\Users\DevAI Studio\Documents\GitHub\PayMerch\dataconnect`: CreateFile c:\Users\DevAI Studio\Documents\GitHub\PayMerch\dataconnect: The system cannot find the file specified.
 {"metadata":{"emulator":{"name":"dataconnect"},"message":"E1111 13:03:15.795356    6988 watch.go:31] Failed to load config from \"c:\\\\Users\\\\DevAI Studio\\\\Documents\\\\GitHub\\\\PayMerch\\\\dataconnect\": could not find dataconnect.yaml in `c:\\Users\\DevAI Studio\\Documents\\GitHub\\PayMerch\\dataconnect`\nE1111 13:03:15.795481    6988 watch.go:102] watchAllDir unable to walk dir `c:\\Users\\DevAI Studio\\Documents\\GitHub\\PayMerch\\dataconnect`: CreateFile c:\\Users\\DevAI Studio\\Documents\\GitHub\\PayMerch\\dataconnect: The system cannot find the file specified.\n"}}
[debug] [2025-11-11T11:03:25.795Z] E1111 13:03:25.795364    6988 watch.go:31] Failed to load config from "c:\\Users\\DevAI Studio\\Documents\\GitHub\\PayMerch\\dataconnect": could not find dataconnect.yaml in `c:\Users\DevAI Studio\Documents\GitHub\PayMerch\dataconnect`
 {"metadata":{"emulator":{"name":"dataconnect"},"message":"E1111 13:03:25.795364    6988 watch.go:31] Failed to load config from \"c:\\\\Users\\\\DevAI Studio\\\\Documents\\\\GitHub\\\\PayMerch\\\\dataconnect\": could not find dataconnect.yaml in `c:\\Users\\DevAI Studio\\Documents\\GitHub\\PayMerch\\dataconnect`\n"}}
[debug] [2025-11-11T11:03:35.796Z] E1111 13:03:35.795651    6988 watch.go:31] Failed to load config from "c:\\Users\\DevAI Studio\\Documents\\GitHub\\PayMerch\\dataconnect": could not find dataconnect.yaml in `c:\Users\DevAI Studio\Documents\GitHub\PayMerch\dataconnect`
 {"metadata":{"emulator":{"name":"dataconnect"},"message":"E1111 13:03:35.795651    6988 watch.go:31] Failed to load config from \"c:\\\\Users\\\\DevAI Studio\\\\Documents\\\\GitHub\\\\PayMerch\\\\dataconnect\": could not find dataconnect.yaml in `c:\\Users\\DevAI Studio\\Documents\\GitHub\\PayMerch\\dataconnect`\n"}}
[debug] [2025-11-11T11:03:45.804Z] E1111 13:03:45.804205    6988 watch.go:31] Failed to load config from "c:\\Users\\DevAI Studio\\Documents\\GitHub\\PayMerch\\dataconnect": could not find dataconnect.yaml in `c:\Users\DevAI Studio\Documents\GitHub\PayMerch\dataconnect`
 {"metadata":{"emulator":{"name":"dataconnect"},"message":"E1111 13:03:45.804205    6988 watch.go:31] Failed to load config from \"c:\\\\Users\\\\DevAI Studio\\\\Documents\\\\GitHub\\\\PayMerch\\\\dataconnect\": could not find dataconnect.yaml in `c:\\Users\\DevAI Studio\\Documents\\GitHub\\PayMerch\\dataconnect`\n"}}
[debug] [2025-11-11T11:03:55.795Z] E1111 13:03:55.794398    6988 watch.go:31] Failed to load config from "c:\\Users\\DevAI Studio\\Documents\\GitHub\\PayMerch\\dataconnect": could not find dataconnect.yaml in `c:\Users\DevAI Studio\Documents\GitHub\PayMerch\dataconnect`
 {"metadata":{"emulator":{"name":"dataconnect"},"message":"E1111 13:03:55.794398    6988 watch.go:31] Failed to load config from \"c:\\\\Users\\\\DevAI Studio\\\\Documents\\\\GitHub\\\\PayMerch\\\\dataconnect\": could not find dataconnect.yaml in `c:\\Users\\DevAI Studio\\Documents\\GitHub\\PayMerch\\dataconnect`\n"}}
[debug] [2025-11-11T11:04:05.795Z] E1111 13:04:05.795533    6988 watch.go:31] Failed to load config from "c:\\Users\\DevAI Studio\\Documents\\GitHub\\PayMerch\\dataconnect": could not find dataconnect.yaml in `c:\Users\DevAI Studio\Documents\GitHub\PayMerch\dataconnect`
 {"metadata":{"emulator":{"name":"dataconnect"},"message":"E1111 13:04:05.795533    6988 watch.go:31] Failed to load config from \"c:\\\\Users\\\\DevAI Studio\\\\Documents\\\\GitHub\\\\PayMerch\\\\dataconnect\": could not find dataconnect.yaml in `c:\\Users\\DevAI Studio\\Documents\\GitHub\\PayMerch\\dataconnect`\n"}}
[debug] [2025-11-11T11:04:15.794Z] E1111 13:04:15.793824    6988 watch.go:31] Failed to load config from "c:\\Users\\DevAI Studio\\Documents\\GitHub\\PayMerch\\dataconnect": could not find dataconnect.yaml in `c:\Users\DevAI Studio\Documents\GitHub\PayMerch\dataconnect`
 {"metadata":{"emulator":{"name":"dataconnect"},"message":"E1111 13:04:15.793824    6988 watch.go:31] Failed to load config from \"c:\\\\Users\\\\DevAI Studio\\\\Documents\\\\GitHub\\\\PayMerch\\\\dataconnect\": could not find dataconnect.yaml in `c:\\Users\\DevAI Studio\\Documents\\GitHub\\PayMerch\\dataconnect`\n"}}
[debug] [2025-11-11T11:04:25.795Z] E1111 13:04:25.794792    6988 watch.go:31] Failed to load config from "c:\\Users\\DevAI Studio\\Documents\\GitHub\\PayMerch\\dataconnect": could not find dataconnect.yaml in `c:\Users\DevAI Studio\Documents\GitHub\PayMerch\dataconnect`
 {"metadata":{"emulator":{"name":"dataconnect"},"message":"E1111 13:04:25.794792    6988 watch.go:31] Failed to load config from \"c:\\\\Users\\\\DevAI Studio\\\\Documents\\\\GitHub\\\\PayMerch\\\\dataconnect\": could not find dataconnect.yaml in `c:\\Users\\DevAI Studio\\Documents\\GitHub\\PayMerch\\dataconnect`\n"}}
[debug] [2025-11-11T11:04:35.795Z] E1111 13:04:35.794903    6988 watch.go:31] Failed to load config from "c:\\Users\\DevAI Studio\\Documents\\GitHub\\PayMerch\\dataconnect": could not find dataconnect.yaml in `c:\Users\DevAI Studio\Documents\GitHub\PayMerch\dataconnect`
 {"metadata":{"emulator":{"name":"dataconnect"},"message":"E1111 13:04:35.794903    6988 watch.go:31] Failed to load config from \"c:\\\\Users\\\\DevAI Studio\\\\Documents\\\\GitHub\\\\PayMerch\\\\dataconnect\": could not find dataconnect.yaml in `c:\\Users\\DevAI Studio\\Documents\\GitHub\\PayMerch\\dataconnect`\n"}}
[debug] [2025-11-11T11:04:45.794Z] E1111 13:04:45.793996    6988 watch.go:31] Failed to load config from "c:\\Users\\DevAI Studio\\Documents\\GitHub\\PayMerch\\dataconnect": could not find dataconnect.yaml in `c:\Users\DevAI Studio\Documents\GitHub\PayMerch\dataconnect`
 {"metadata":{"emulator":{"name":"dataconnect"},"message":"E1111 13:04:45.793996    6988 watch.go:31] Failed to load config from \"c:\\\\Users\\\\DevAI Studio\\\\Documents\\\\GitHub\\\\PayMerch\\\\dataconnect\": could not find dataconnect.yaml in `c:\\Users\\DevAI Studio\\Documents\\GitHub\\PayMerch\\dataconnect`\n"}}
[debug] [2025-11-11T11:04:55.796Z] E1111 13:04:55.796628    6988 watch.go:31] Failed to load config from "c:\\Users\\DevAI Studio\\Documents\\GitHub\\PayMerch\\dataconnect": could not find dataconnect.yaml in `c:\Users\DevAI Studio\Documents\GitHub\PayMerch\dataconnect`
 {"metadata":{"emulator":{"name":"dataconnect"},"message":"E1111 13:04:55.796628    6988 watch.go:31] Failed to load config from \"c:\\\\Users\\\\DevAI Studio\\\\Documents\\\\GitHub\\\\PayMerch\\\\dataconnect\": could not find dataconnect.yaml in `c:\\Users\\DevAI Studio\\Documents\\GitHub\\PayMerch\\dataconnect`\n"}}
[debug] [2025-11-11T11:05:05.795Z] E1111 13:05:05.795357    6988 watch.go:31] Failed to load config from "c:\\Users\\DevAI Studio\\Documents\\GitHub\\PayMerch\\dataconnect": could not find dataconnect.yaml in `c:\Users\DevAI Studio\Documents\GitHub\PayMerch\dataconnect`
 {"metadata":{"emulator":{"name":"dataconnect"},"message":"E1111 13:05:05.795357    6988 watch.go:31] Failed to load config from \"c:\\\\Users\\\\DevAI Studio\\\\Documents\\\\GitHub\\\\PayMerch\\\\dataconnect\": could not find dataconnect.yaml in `c:\\Users\\DevAI Studio\\Documents\\GitHub\\PayMerch\\dataconnect`\n"}}
[debug] [2025-11-11T11:05:15.795Z] E1111 13:05:15.794706    6988 watch.go:31] Failed to load config from "c:\\Users\\DevAI Studio\\Documents\\GitHub\\PayMerch\\dataconnect": could not find dataconnect.yaml in `c:\Users\DevAI Studio\Documents\GitHub\PayMerch\dataconnect`
E1111 13:05:15.795226    6988 watch.go:102] watchAllDir unable to walk dir `c:\Users\DevAI Studio\Documents\GitHub\PayMerch\dataconnect`: CreateFile c:\Users\DevAI Studio\Documents\GitHub\PayMerch\dataconnect: The system cannot find the file specified.
 {"metadata":{"emulator":{"name":"dataconnect"},"message":"E1111 13:05:15.794706    6988 watch.go:31] Failed to load config from \"c:\\\\Users\\\\DevAI Studio\\\\Documents\\\\GitHub\\\\PayMerch\\\\dataconnect\": could not find dataconnect.yaml in `c:\\Users\\DevAI Studio\\Documents\\GitHub\\PayMerch\\dataconnect`\nE1111 13:05:15.795226    6988 watch.go:102] watchAllDir unable to walk dir `c:\\Users\\DevAI Studio\\Documents\\GitHub\\PayMerch\\dataconnect`: CreateFile c:\\Users\\DevAI Studio\\Documents\\GitHub\\PayMerch\\dataconnect: The system cannot find the file specified.\n"}}
[debug] [2025-11-11T11:05:25.794Z] E1111 13:05:25.794684    6988 watch.go:31] Failed to load config from "c:\\Users\\DevAI Studio\\Documents\\GitHub\\PayMerch\\dataconnect": could not find dataconnect.yaml in `c:\Users\DevAI Studio\Documents\GitHub\PayMerch\dataconnect`
 {"metadata":{"emulator":{"name":"dataconnect"},"message":"E1111 13:05:25.794684    6988 watch.go:31] Failed to load config from \"c:\\\\Users\\\\DevAI Studio\\\\Documents\\\\GitHub\\\\PayMerch\\\\dataconnect\": could not find dataconnect.yaml in `c:\\Users\\DevAI Studio\\Documents\\GitHub\\PayMerch\\dataconnect`\n"}}
[debug] [2025-11-11T11:05:35.795Z] E1111 13:05:35.795502    6988 watch.go:31] Failed to load config from "c:\\Users\\DevAI Studio\\Documents\\GitHub\\PayMerch\\dataconnect": could not find dataconnect.yaml in `c:\Users\DevAI Studio\Documents\GitHub\PayMerch\dataconnect`
 {"metadata":{"emulator":{"name":"dataconnect"},"message":"E1111 13:05:35.795502    6988 watch.go:31] Failed to load config from \"c:\\\\Users\\\\DevAI Studio\\\\Documents\\\\GitHub\\\\PayMerch\\\\dataconnect\": could not find dataconnect.yaml in `c:\\Users\\DevAI Studio\\Documents\\GitHub\\PayMerch\\dataconnect`\n"}}
[debug] [2025-11-11T11:05:45.795Z] E1111 13:05:45.795205    6988 watch.go:31] Failed to load config from "c:\\Users\\DevAI Studio\\Documents\\GitHub\\PayMerch\\dataconnect": could not find dataconnect.yaml in `c:\Users\DevAI Studio\Documents\GitHub\PayMerch\dataconnect`
 {"metadata":{"emulator":{"name":"dataconnect"},"message":"E1111 13:05:45.795205    6988 watch.go:31] Failed to load config from \"c:\\\\Users\\\\DevAI Studio\\\\Documents\\\\GitHub\\\\PayMerch\\\\dataconnect\": could not find dataconnect.yaml in `c:\\Users\\DevAI Studio\\Documents\\GitHub\\PayMerch\\dataconnect`\n"}}
[debug] [2025-11-11T11:05:55.794Z] E1111 13:05:55.794242    6988 watch.go:31] Failed to load config from "c:\\Users\\DevAI Studio\\Documents\\GitHub\\PayMerch\\dataconnect": could not find dataconnect.yaml in `c:\Users\DevAI Studio\Documents\GitHub\PayMerch\dataconnect`
 {"metadata":{"emulator":{"name":"dataconnect"},"message":"E1111 13:05:55.794242    6988 watch.go:31] Failed to load config from \"c:\\\\Users\\\\DevAI Studio\\\\Documents\\\\GitHub\\\\PayMerch\\\\dataconnect\": could not find dataconnect.yaml in `c:\\Users\\DevAI Studio\\Documents\\GitHub\\PayMerch\\dataconnect`\n"}}
[debug] [2025-11-11T11:06:05.795Z] E1111 13:06:05.795041    6988 watch.go:31] Failed to load config from "c:\\Users\\DevAI Studio\\Documents\\GitHub\\PayMerch\\dataconnect": could not find dataconnect.yaml in `c:\Users\DevAI Studio\Documents\GitHub\PayMerch\dataconnect`
 {"metadata":{"emulator":{"name":"dataconnect"},"message":"E1111 13:06:05.795041    6988 watch.go:31] Failed to load config from \"c:\\\\Users\\\\DevAI Studio\\\\Documents\\\\GitHub\\\\PayMerch\\\\dataconnect\": could not find dataconnect.yaml in `c:\\Users\\DevAI Studio\\Documents\\GitHub\\PayMerch\\dataconnect`\n"}}
[debug] [2025-11-11T11:06:15.794Z] E1111 13:06:15.794170    6988 watch.go:31] Failed to load config from "c:\\Users\\DevAI Studio\\Documents\\GitHub\\PayMerch\\dataconnect": could not find dataconnect.yaml in `c:\Users\DevAI Studio\Documents\GitHub\PayMerch\dataconnect`
 {"metadata":{"emulator":{"name":"dataconnect"},"message":"E1111 13:06:15.794170    6988 watch.go:31] Failed to load config from \"c:\\\\Users\\\\DevAI Studio\\\\Documents\\\\GitHub\\\\PayMerch\\\\dataconnect\": could not find dataconnect.yaml in `c:\\Users\\DevAI Studio\\Documents\\GitHub\\PayMerch\\dataconnect`\n"}}
[debug] [2025-11-11T11:06:25.794Z] E1111 13:06:25.795024    6988 watch.go:31] Failed to load config from "c:\\Users\\DevAI Studio\\Documents\\GitHub\\PayMerch\\dataconnect": could not find dataconnect.yaml in `c:\Users\DevAI Studio\Documents\GitHub\PayMerch\dataconnect`
 {"metadata":{"emulator":{"name":"dataconnect"},"message":"E1111 13:06:25.795024    6988 watch.go:31] Failed to load config from \"c:\\\\Users\\\\DevAI Studio\\\\Documents\\\\GitHub\\\\PayMerch\\\\dataconnect\": could not find dataconnect.yaml in `c:\\Users\\DevAI Studio\\Documents\\GitHub\\PayMerch\\dataconnect`\n"}}
[debug] [2025-11-11T11:06:35.794Z] E1111 13:06:35.793961    6988 watch.go:31] Failed to load config from "c:\\Users\\DevAI Studio\\Documents\\GitHub\\PayMerch\\dataconnect": could not find dataconnect.yaml in `c:\Users\DevAI Studio\Documents\GitHub\PayMerch\dataconnect`
 {"metadata":{"emulator":{"name":"dataconnect"},"message":"E1111 13:06:35.793961    6988 watch.go:31] Failed to load config from \"c:\\\\Users\\\\DevAI Studio\\\\Documents\\\\GitHub\\\\PayMerch\\\\dataconnect\": could not find dataconnect.yaml in `c:\\Users\\DevAI Studio\\Documents\\GitHub\\PayMerch\\dataconnect`\n"}}
[debug] [2025-11-11T11:06:45.794Z] E1111 13:06:45.794300    6988 watch.go:31] Failed to load config from "c:\\Users\\DevAI Studio\\Documents\\GitHub\\PayMerch\\dataconnect": could not find dataconnect.yaml in `c:\Users\DevAI Studio\Documents\GitHub\PayMerch\dataconnect`
 {"metadata":{"emulator":{"name":"dataconnect"},"message":"E1111 13:06:45.794300    6988 watch.go:31] Failed to load config from \"c:\\\\Users\\\\DevAI Studio\\\\Documents\\\\GitHub\\\\PayMerch\\\\dataconnect\": could not find dataconnect.yaml in `c:\\Users\\DevAI Studio\\Documents\\GitHub\\PayMerch\\dataconnect`\n"}}
[debug] [2025-11-11T11:06:55.795Z] E1111 13:06:55.794566    6988 watch.go:31] Failed to load config from "c:\\Users\\DevAI Studio\\Documents\\GitHub\\PayMerch\\dataconnect": could not find dataconnect.yaml in `c:\Users\DevAI Studio\Documents\GitHub\PayMerch\dataconnect`
 {"metadata":{"emulator":{"name":"dataconnect"},"message":"E1111 13:06:55.794566    6988 watch.go:31] Failed to load config from \"c:\\\\Users\\\\DevAI Studio\\\\Documents\\\\GitHub\\\\PayMerch\\\\dataconnect\": could not find dataconnect.yaml in `c:\\Users\\DevAI Studio\\Documents\\GitHub\\PayMerch\\dataconnect`\n"}}
[debug] [2025-11-11T11:07:05.796Z] E1111 13:07:05.796716    6988 watch.go:31] Failed to load config from "c:\\Users\\DevAI Studio\\Documents\\GitHub\\PayMerch\\dataconnect": could not find dataconnect.yaml in `c:\Users\DevAI Studio\Documents\GitHub\PayMerch\dataconnect`
 {"metadata":{"emulator":{"name":"dataconnect"},"message":"E1111 13:07:05.796716    6988 watch.go:31] Failed to load config from \"c:\\\\Users\\\\DevAI Studio\\\\Documents\\\\GitHub\\\\PayMerch\\\\dataconnect\": could not find dataconnect.yaml in `c:\\Users\\DevAI Studio\\Documents\\GitHub\\PayMerch\\dataconnect`\n"}}
[debug] [2025-11-11T11:07:15.794Z] E1111 13:07:15.794073    6988 watch.go:31] Failed to load config from "c:\\Users\\DevAI Studio\\Documents\\GitHub\\PayMerch\\dataconnect": could not find dataconnect.yaml in `c:\Users\DevAI Studio\Documents\GitHub\PayMerch\dataconnect`
E1111 13:07:15.794073    6988 watch.go:102] watchAllDir unable to walk dir `c:\Users\DevAI Studio\Documents\GitHub\PayMerch\dataconnect`: CreateFile c:\Users\DevAI Studio\Documents\GitHub\PayMerch\dataconnect: The system cannot find the file specified.
 {"metadata":{"emulator":{"name":"dataconnect"},"message":"E1111 13:07:15.794073    6988 watch.go:31] Failed to load config from \"c:\\\\Users\\\\DevAI Studio\\\\Documents\\\\GitHub\\\\PayMerch\\\\dataconnect\": could not find dataconnect.yaml in `c:\\Users\\DevAI Studio\\Documents\\GitHub\\PayMerch\\dataconnect`\nE1111 13:07:15.794073    6988 watch.go:102] watchAllDir unable to walk dir `c:\\Users\\DevAI Studio\\Documents\\GitHub\\PayMerch\\dataconnect`: CreateFile c:\\Users\\DevAI Studio\\Documents\\GitHub\\PayMerch\\dataconnect: The system cannot find the file specified.\n"}}
[debug] [2025-11-11T11:07:25.795Z] E1111 13:07:25.794744    6988 watch.go:31] Failed to load config from "c:\\Users\\DevAI Studio\\Documents\\GitHub\\PayMerch\\dataconnect": could not find dataconnect.yaml in `c:\Users\DevAI Studio\Documents\GitHub\PayMerch\dataconnect`
 {"metadata":{"emulator":{"name":"dataconnect"},"message":"E1111 13:07:25.794744    6988 watch.go:31] Failed to load config from \"c:\\\\Users\\\\DevAI Studio\\\\Documents\\\\GitHub\\\\PayMerch\\\\dataconnect\": could not find dataconnect.yaml in `c:\\Users\\DevAI Studio\\Documents\\GitHub\\PayMerch\\dataconnect`\n"}}
[debug] [2025-11-11T11:07:35.795Z] E1111 13:07:35.795292    6988 watch.go:31] Failed to load config from "c:\\Users\\DevAI Studio\\Documents\\GitHub\\PayMerch\\dataconnect": could not find dataconnect.yaml in `c:\Users\DevAI Studio\Documents\GitHub\PayMerch\dataconnect`
 {"metadata":{"emulator":{"name":"dataconnect"},"message":"E1111 13:07:35.795292    6988 watch.go:31] Failed to load config from \"c:\\\\Users\\\\DevAI Studio\\\\Documents\\\\GitHub\\\\PayMerch\\\\dataconnect\": could not find dataconnect.yaml in `c:\\Users\\DevAI Studio\\Documents\\GitHub\\PayMerch\\dataconnect`\n"}}
[debug] [2025-11-11T11:07:45.795Z] E1111 13:07:45.795193    6988 watch.go:31] Failed to load config from "c:\\Users\\DevAI Studio\\Documents\\GitHub\\PayMerch\\dataconnect": could not find dataconnect.yaml in `c:\Users\DevAI Studio\Documents\GitHub\PayMerch\dataconnect`
 {"metadata":{"emulator":{"name":"dataconnect"},"message":"E1111 13:07:45.795193    6988 watch.go:31] Failed to load config from \"c:\\\\Users\\\\DevAI Studio\\\\Documents\\\\GitHub\\\\PayMerch\\\\dataconnect\": could not find dataconnect.yaml in `c:\\Users\\DevAI Studio\\Documents\\GitHub\\PayMerch\\dataconnect`\n"}}
[debug] [2025-11-11T11:07:55.795Z] E1111 13:07:55.795093    6988 watch.go:31] Failed to load config from "c:\\Users\\DevAI Studio\\Documents\\GitHub\\PayMerch\\dataconnect": could not find dataconnect.yaml in `c:\Users\DevAI Studio\Documents\GitHub\PayMerch\dataconnect`
 {"metadata":{"emulator":{"name":"dataconnect"},"message":"E1111 13:07:55.795093    6988 watch.go:31] Failed to load config from \"c:\\\\Users\\\\DevAI Studio\\\\Documents\\\\GitHub\\\\PayMerch\\\\dataconnect\": could not find dataconnect.yaml in `c:\\Users\\DevAI Studio\\Documents\\GitHub\\PayMerch\\dataconnect`\n"}}
[debug] [2025-11-11T11:08:05.795Z] E1111 13:08:05.795307    6988 watch.go:31] Failed to load config from "c:\\Users\\DevAI Studio\\Documents\\GitHub\\PayMerch\\dataconnect": could not find dataconnect.yaml in `c:\Users\DevAI Studio\Documents\GitHub\PayMerch\dataconnect`
 {"metadata":{"emulator":{"name":"dataconnect"},"message":"E1111 13:08:05.795307    6988 watch.go:31] Failed to load config from \"c:\\\\Users\\\\DevAI Studio\\\\Documents\\\\GitHub\\\\PayMerch\\\\dataconnect\": could not find dataconnect.yaml in `c:\\Users\\DevAI Studio\\Documents\\GitHub\\PayMerch\\dataconnect`\n"}}
[debug] [2025-11-11T11:08:15.794Z] E1111 13:08:15.794607    6988 watch.go:31] Failed to load config from "c:\\Users\\DevAI Studio\\Documents\\GitHub\\PayMerch\\dataconnect": could not find dataconnect.yaml in `c:\Users\DevAI Studio\Documents\GitHub\PayMerch\dataconnect`
 {"metadata":{"emulator":{"name":"dataconnect"},"message":"E1111 13:08:15.794607    6988 watch.go:31] Failed to load config from \"c:\\\\Users\\\\DevAI Studio\\\\Documents\\\\GitHub\\\\PayMerch\\\\dataconnect\": could not find dataconnect.yaml in `c:\\Users\\DevAI Studio\\Documents\\GitHub\\PayMerch\\dataconnect`\n"}}
[debug] [2025-11-11T11:08:25.795Z] E1111 13:08:25.795380    6988 watch.go:31] Failed to load config from "c:\\Users\\DevAI Studio\\Documents\\GitHub\\PayMerch\\dataconnect": could not find dataconnect.yaml in `c:\Users\DevAI Studio\Documents\GitHub\PayMerch\dataconnect`
 {"metadata":{"emulator":{"name":"dataconnect"},"message":"E1111 13:08:25.795380    6988 watch.go:31] Failed to load config from \"c:\\\\Users\\\\DevAI Studio\\\\Documents\\\\GitHub\\\\PayMerch\\\\dataconnect\": could not find dataconnect.yaml in `c:\\Users\\DevAI Studio\\Documents\\GitHub\\PayMerch\\dataconnect`\n"}}
[debug] [2025-11-11T11:08:35.794Z] E1111 13:08:35.794781    6988 watch.go:31] Failed to load config from "c:\\Users\\DevAI Studio\\Documents\\GitHub\\PayMerch\\dataconnect": could not find dataconnect.yaml in `c:\Users\DevAI Studio\Documents\GitHub\PayMerch\dataconnect`
 {"metadata":{"emulator":{"name":"dataconnect"},"message":"E1111 13:08:35.794781    6988 watch.go:31] Failed to load config from \"c:\\\\Users\\\\DevAI Studio\\\\Documents\\\\GitHub\\\\PayMerch\\\\dataconnect\": could not find dataconnect.yaml in `c:\\Users\\DevAI Studio\\Documents\\GitHub\\PayMerch\\dataconnect`\n"}}
[debug] [2025-11-11T11:08:45.794Z] E1111 13:08:45.794513    6988 watch.go:31] Failed to load config from "c:\\Users\\DevAI Studio\\Documents\\GitHub\\PayMerch\\dataconnect": could not find dataconnect.yaml in `c:\Users\DevAI Studio\Documents\GitHub\PayMerch\dataconnect`
 {"metadata":{"emulator":{"name":"dataconnect"},"message":"E1111 13:08:45.794513    6988 watch.go:31] Failed to load config from \"c:\\\\Users\\\\DevAI Studio\\\\Documents\\\\GitHub\\\\PayMerch\\\\dataconnect\": could not find dataconnect.yaml in `c:\\Users\\DevAI Studio\\Documents\\GitHub\\PayMerch\\dataconnect`\n"}}
[debug] [2025-11-11T11:08:55.795Z] E1111 13:08:55.794845    6988 watch.go:31] Failed to load config from "c:\\Users\\DevAI Studio\\Documents\\GitHub\\PayMerch\\dataconnect": could not find dataconnect.yaml in `c:\Users\DevAI Studio\Documents\GitHub\PayMerch\dataconnect`
 {"metadata":{"emulator":{"name":"dataconnect"},"message":"E1111 13:08:55.794845    6988 watch.go:31] Failed to load config from \"c:\\\\Users\\\\DevAI Studio\\\\Documents\\\\GitHub\\\\PayMerch\\\\dataconnect\": could not find dataconnect.yaml in `c:\\Users\\DevAI Studio\\Documents\\GitHub\\PayMerch\\dataconnect`\n"}}
[debug] [2025-11-11T11:09:05.794Z] E1111 13:09:05.794541    6988 watch.go:31] Failed to load config from "c:\\Users\\DevAI Studio\\Documents\\GitHub\\PayMerch\\dataconnect": could not find dataconnect.yaml in `c:\Users\DevAI Studio\Documents\GitHub\PayMerch\dataconnect`
 {"metadata":{"emulator":{"name":"dataconnect"},"message":"E1111 13:09:05.794541    6988 watch.go:31] Failed to load config from \"c:\\\\Users\\\\DevAI Studio\\\\Documents\\\\GitHub\\\\PayMerch\\\\dataconnect\": could not find dataconnect.yaml in `c:\\Users\\DevAI Studio\\Documents\\GitHub\\PayMerch\\dataconnect`\n"}}
[debug] [2025-11-11T11:09:15.795Z] E1111 13:09:15.795453    6988 watch.go:31] Failed to load config from "c:\\Users\\DevAI Studio\\Documents\\GitHub\\PayMerch\\dataconnect": could not find dataconnect.yaml in `c:\Users\DevAI Studio\Documents\GitHub\PayMerch\dataconnect`
E1111 13:09:15.795453    6988 watch.go:102] watchAllDir unable to walk dir `c:\Users\DevAI Studio\Documents\GitHub\PayMerch\dataconnect`: CreateFile c:\Users\DevAI Studio\Documents\GitHub\PayMerch\dataconnect: The system cannot find the file specified.
 {"metadata":{"emulator":{"name":"dataconnect"},"message":"E1111 13:09:15.795453    6988 watch.go:31] Failed to load config from \"c:\\\\Users\\\\DevAI Studio\\\\Documents\\\\GitHub\\\\PayMerch\\\\dataconnect\": could not find dataconnect.yaml in `c:\\Users\\DevAI Studio\\Documents\\GitHub\\PayMerch\\dataconnect`\nE1111 13:09:15.795453    6988 watch.go:102] watchAllDir unable to walk dir `c:\\Users\\DevAI Studio\\Documents\\GitHub\\PayMerch\\dataconnect`: CreateFile c:\\Users\\DevAI Studio\\Documents\\GitHub\\PayMerch\\dataconnect: The system cannot find the file specified.\n"}}
[debug] [2025-11-11T11:09:25.795Z] E1111 13:09:25.794525    6988 watch.go:31] Failed to load config from "c:\\Users\\DevAI Studio\\Documents\\GitHub\\PayMerch\\dataconnect": could not find dataconnect.yaml in `c:\Users\DevAI Studio\Documents\GitHub\PayMerch\dataconnect`
 {"metadata":{"emulator":{"name":"dataconnect"},"message":"E1111 13:09:25.794525    6988 watch.go:31] Failed to load config from \"c:\\\\Users\\\\DevAI Studio\\\\Documents\\\\GitHub\\\\PayMerch\\\\dataconnect\": could not find dataconnect.yaml in `c:\\Users\\DevAI Studio\\Documents\\GitHub\\PayMerch\\dataconnect`\n"}}
[debug] [2025-11-11T11:09:35.795Z] E1111 13:09:35.794661    6988 watch.go:31] Failed to load config from "c:\\Users\\DevAI Studio\\Documents\\GitHub\\PayMerch\\dataconnect": could not find dataconnect.yaml in `c:\Users\DevAI Studio\Documents\GitHub\PayMerch\dataconnect`
 {"metadata":{"emulator":{"name":"dataconnect"},"message":"E1111 13:09:35.794661    6988 watch.go:31] Failed to load config from \"c:\\\\Users\\\\DevAI Studio\\\\Documents\\\\GitHub\\\\PayMerch\\\\dataconnect\": could not find dataconnect.yaml in `c:\\Users\\DevAI Studio\\Documents\\GitHub\\PayMerch\\dataconnect`\n"}}
[debug] [2025-11-11T11:09:45.794Z] E1111 13:09:45.794497    6988 watch.go:31] Failed to load config from "c:\\Users\\DevAI Studio\\Documents\\GitHub\\PayMerch\\dataconnect": could not find dataconnect.yaml in `c:\Users\DevAI Studio\Documents\GitHub\PayMerch\dataconnect`
 {"metadata":{"emulator":{"name":"dataconnect"},"message":"E1111 13:09:45.794497    6988 watch.go:31] Failed to load config from \"c:\\\\Users\\\\DevAI Studio\\\\Documents\\\\GitHub\\\\PayMerch\\\\dataconnect\": could not find dataconnect.yaml in `c:\\Users\\DevAI Studio\\Documents\\GitHub\\PayMerch\\dataconnect`\n"}}
[debug] [2025-11-11T11:09:55.794Z] E1111 13:09:55.795011    6988 watch.go:31] Failed to load config from "c:\\Users\\DevAI Studio\\Documents\\GitHub\\PayMerch\\dataconnect": could not find dataconnect.yaml in `c:\Users\DevAI Studio\Documents\GitHub\PayMerch\dataconnect`
 {"metadata":{"emulator":{"name":"dataconnect"},"message":"E1111 13:09:55.795011    6988 watch.go:31] Failed to load config from \"c:\\\\Users\\\\DevAI Studio\\\\Documents\\\\GitHub\\\\PayMerch\\\\dataconnect\": could not find dataconnect.yaml in `c:\\Users\\DevAI Studio\\Documents\\GitHub\\PayMerch\\dataconnect`\n"}}
[debug] [2025-11-11T11:10:05.793Z] E1111 13:10:05.793660    6988 watch.go:31] Failed to load config from "c:\\Users\\DevAI Studio\\Documents\\GitHub\\PayMerch\\dataconnect": could not find dataconnect.yaml in `c:\Users\DevAI Studio\Documents\GitHub\PayMerch\dataconnect`
 {"metadata":{"emulator":{"name":"dataconnect"},"message":"E1111 13:10:05.793660    6988 watch.go:31] Failed to load config from \"c:\\\\Users\\\\DevAI Studio\\\\Documents\\\\GitHub\\\\PayMerch\\\\dataconnect\": could not find dataconnect.yaml in `c:\\Users\\DevAI Studio\\Documents\\GitHub\\PayMerch\\dataconnect`\n"}}
[debug] [2025-11-11T11:10:15.794Z] E1111 13:10:15.794006    6988 watch.go:31] Failed to load config from "c:\\Users\\DevAI Studio\\Documents\\GitHub\\PayMerch\\dataconnect": could not find dataconnect.yaml in `c:\Users\DevAI Studio\Documents\GitHub\PayMerch\dataconnect`
 {"metadata":{"emulator":{"name":"dataconnect"},"message":"E1111 13:10:15.794006    6988 watch.go:31] Failed to load config from \"c:\\\\Users\\\\DevAI Studio\\\\Documents\\\\GitHub\\\\PayMerch\\\\dataconnect\": could not find dataconnect.yaml in `c:\\Users\\DevAI Studio\\Documents\\GitHub\\PayMerch\\dataconnect`\n"}}
[debug] [2025-11-11T11:10:25.794Z] E1111 13:10:25.794238    6988 watch.go:31] Failed to load config from "c:\\Users\\DevAI Studio\\Documents\\GitHub\\PayMerch\\dataconnect": could not find dataconnect.yaml in `c:\Users\DevAI Studio\Documents\GitHub\PayMerch\dataconnect`
 {"metadata":{"emulator":{"name":"dataconnect"},"message":"E1111 13:10:25.794238    6988 watch.go:31] Failed to load config from \"c:\\\\Users\\\\DevAI Studio\\\\Documents\\\\GitHub\\\\PayMerch\\\\dataconnect\": could not find dataconnect.yaml in `c:\\Users\\DevAI Studio\\Documents\\GitHub\\PayMerch\\dataconnect`\n"}}
[debug] [2025-11-11T11:10:35.794Z] E1111 13:10:35.794465    6988 watch.go:31] Failed to load config from "c:\\Users\\DevAI Studio\\Documents\\GitHub\\PayMerch\\dataconnect": could not find dataconnect.yaml in `c:\Users\DevAI Studio\Documents\GitHub\PayMerch\dataconnect`
 {"metadata":{"emulator":{"name":"dataconnect"},"message":"E1111 13:10:35.794465    6988 watch.go:31] Failed to load config from \"c:\\\\Users\\\\DevAI Studio\\\\Documents\\\\GitHub\\\\PayMerch\\\\dataconnect\": could not find dataconnect.yaml in `c:\\Users\\DevAI Studio\\Documents\\GitHub\\PayMerch\\dataconnect`\n"}}
[debug] [2025-11-11T11:10:45.795Z] E1111 13:10:45.794383    6988 watch.go:31] Failed to load config from "c:\\Users\\DevAI Studio\\Documents\\GitHub\\PayMerch\\dataconnect": could not find dataconnect.yaml in `c:\Users\DevAI Studio\Documents\GitHub\PayMerch\dataconnect`
 {"metadata":{"emulator":{"name":"dataconnect"},"message":"E1111 13:10:45.794383    6988 watch.go:31] Failed to load config from \"c:\\\\Users\\\\DevAI Studio\\\\Documents\\\\GitHub\\\\PayMerch\\\\dataconnect\": could not find dataconnect.yaml in `c:\\Users\\DevAI Studio\\Documents\\GitHub\\PayMerch\\dataconnect`\n"}}
[debug] [2025-11-11T11:10:55.795Z] E1111 13:10:55.794363    6988 watch.go:31] Failed to load config from "c:\\Users\\DevAI Studio\\Documents\\GitHub\\PayMerch\\dataconnect": could not find dataconnect.yaml in `c:\Users\DevAI Studio\Documents\GitHub\PayMerch\dataconnect`
 {"metadata":{"emulator":{"name":"dataconnect"},"message":"E1111 13:10:55.794363    6988 watch.go:31] Failed to load config from \"c:\\\\Users\\\\DevAI Studio\\\\Documents\\\\GitHub\\\\PayMerch\\\\dataconnect\": could not find dataconnect.yaml in `c:\\Users\\DevAI Studio\\Documents\\GitHub\\PayMerch\\dataconnect`\n"}}
[debug] [2025-11-11T11:11:05.795Z] E1111 13:11:05.795018    6988 watch.go:31] Failed to load config from "c:\\Users\\DevAI Studio\\Documents\\GitHub\\PayMerch\\dataconnect": could not find dataconnect.yaml in `c:\Users\DevAI Studio\Documents\GitHub\PayMerch\dataconnect`
 {"metadata":{"emulator":{"name":"dataconnect"},"message":"E1111 13:11:05.795018    6988 watch.go:31] Failed to load config from \"c:\\\\Users\\\\DevAI Studio\\\\Documents\\\\GitHub\\\\PayMerch\\\\dataconnect\": could not find dataconnect.yaml in `c:\\Users\\DevAI Studio\\Documents\\GitHub\\PayMerch\\dataconnect`\n"}}
[debug] [2025-11-11T11:11:15.796Z] E1111 13:11:15.795616    6988 watch.go:31] Failed to load config from "c:\\Users\\DevAI Studio\\Documents\\GitHub\\PayMerch\\dataconnect": could not find dataconnect.yaml in `c:\Users\DevAI Studio\Documents\GitHub\PayMerch\dataconnect`
 {"metadata":{"emulator":{"name":"dataconnect"},"message":"E1111 13:11:15.795616    6988 watch.go:31] Failed to load config from \"c:\\\\Users\\\\DevAI Studio\\\\Documents\\\\GitHub\\\\PayMerch\\\\dataconnect\": could not find dataconnect.yaml in `c:\\Users\\DevAI Studio\\Documents\\GitHub\\PayMerch\\dataconnect`\n"}}
[debug] [2025-11-11T11:11:15.798Z] E1111 13:11:15.796398    6988 watch.go:102] watchAllDir unable to walk dir `c:\Users\DevAI Studio\Documents\GitHub\PayMerch\dataconnect`: CreateFile c:\Users\DevAI Studio\Documents\GitHub\PayMerch\dataconnect: The system cannot find the file specified.
 {"metadata":{"emulator":{"name":"dataconnect"},"message":"E1111 13:11:15.796398    6988 watch.go:102] watchAllDir unable to walk dir `c:\\Users\\DevAI Studio\\Documents\\GitHub\\PayMerch\\dataconnect`: CreateFile c:\\Users\\DevAI Studio\\Documents\\GitHub\\PayMerch\\dataconnect: The system cannot find the file specified.\n"}}
[debug] [2025-11-11T11:11:25.795Z] E1111 13:11:25.794880    6988 watch.go:31] Failed to load config from "c:\\Users\\DevAI Studio\\Documents\\GitHub\\PayMerch\\dataconnect": could not find dataconnect.yaml in `c:\Users\DevAI Studio\Documents\GitHub\PayMerch\dataconnect`
 {"metadata":{"emulator":{"name":"dataconnect"},"message":"E1111 13:11:25.794880    6988 watch.go:31] Failed to load config from \"c:\\\\Users\\\\DevAI Studio\\\\Documents\\\\GitHub\\\\PayMerch\\\\dataconnect\": could not find dataconnect.yaml in `c:\\Users\\DevAI Studio\\Documents\\GitHub\\PayMerch\\dataconnect`\n"}}
[debug] [2025-11-11T11:11:35.796Z] E1111 13:11:35.795546    6988 watch.go:31] Failed to load config from "c:\\Users\\DevAI Studio\\Documents\\GitHub\\PayMerch\\dataconnect": could not find dataconnect.yaml in `c:\Users\DevAI Studio\Documents\GitHub\PayMerch\dataconnect`
 {"metadata":{"emulator":{"name":"dataconnect"},"message":"E1111 13:11:35.795546    6988 watch.go:31] Failed to load config from \"c:\\\\Users\\\\DevAI Studio\\\\Documents\\\\GitHub\\\\PayMerch\\\\dataconnect\": could not find dataconnect.yaml in `c:\\Users\\DevAI Studio\\Documents\\GitHub\\PayMerch\\dataconnect`\n"}}
[debug] [2025-11-11T11:11:45.796Z] E1111 13:11:45.795386    6988 watch.go:31] Failed to load config from "c:\\Users\\DevAI Studio\\Documents\\GitHub\\PayMerch\\dataconnect": could not find dataconnect.yaml in `c:\Users\DevAI Studio\Documents\GitHub\PayMerch\dataconnect`
 {"metadata":{"emulator":{"name":"dataconnect"},"message":"E1111 13:11:45.795386    6988 watch.go:31] Failed to load config from \"c:\\\\Users\\\\DevAI Studio\\\\Documents\\\\GitHub\\\\PayMerch\\\\dataconnect\": could not find dataconnect.yaml in `c:\\Users\\DevAI Studio\\Documents\\GitHub\\PayMerch\\dataconnect`\n"}}
[debug] [2025-11-11T11:11:55.795Z] E1111 13:11:55.795470    6988 watch.go:31] Failed to load config from "c:\\Users\\DevAI Studio\\Documents\\GitHub\\PayMerch\\dataconnect": could not find dataconnect.yaml in `c:\Users\DevAI Studio\Documents\GitHub\PayMerch\dataconnect`
 {"metadata":{"emulator":{"name":"dataconnect"},"message":"E1111 13:11:55.795470    6988 watch.go:31] Failed to load config from \"c:\\\\Users\\\\DevAI Studio\\\\Documents\\\\GitHub\\\\PayMerch\\\\dataconnect\": could not find dataconnect.yaml in `c:\\Users\\DevAI Studio\\Documents\\GitHub\\PayMerch\\dataconnect`\n"}}
[debug] [2025-11-11T11:12:05.795Z] E1111 13:12:05.795816    6988 watch.go:31] Failed to load config from "c:\\Users\\DevAI Studio\\Documents\\GitHub\\PayMerch\\dataconnect": could not find dataconnect.yaml in `c:\Users\DevAI Studio\Documents\GitHub\PayMerch\dataconnect`
 {"metadata":{"emulator":{"name":"dataconnect"},"message":"E1111 13:12:05.795816    6988 watch.go:31] Failed to load config from \"c:\\\\Users\\\\DevAI Studio\\\\Documents\\\\GitHub\\\\PayMerch\\\\dataconnect\": could not find dataconnect.yaml in `c:\\Users\\DevAI Studio\\Documents\\GitHub\\PayMerch\\dataconnect`\n"}}
[debug] [2025-11-11T11:12:15.794Z] E1111 13:12:15.794208    6988 watch.go:31] Failed to load config from "c:\\Users\\DevAI Studio\\Documents\\GitHub\\PayMerch\\dataconnect": could not find dataconnect.yaml in `c:\Users\DevAI Studio\Documents\GitHub\PayMerch\dataconnect`
 {"metadata":{"emulator":{"name":"dataconnect"},"message":"E1111 13:12:15.794208    6988 watch.go:31] Failed to load config from \"c:\\\\Users\\\\DevAI Studio\\\\Documents\\\\GitHub\\\\PayMerch\\\\dataconnect\": could not find dataconnect.yaml in `c:\\Users\\DevAI Studio\\Documents\\GitHub\\PayMerch\\dataconnect`\n"}}
[debug] [2025-11-11T11:12:25.795Z] E1111 13:12:25.795067    6988 watch.go:31] Failed to load config from "c:\\Users\\DevAI Studio\\Documents\\GitHub\\PayMerch\\dataconnect": could not find dataconnect.yaml in `c:\Users\DevAI Studio\Documents\GitHub\PayMerch\dataconnect`
 {"metadata":{"emulator":{"name":"dataconnect"},"message":"E1111 13:12:25.795067    6988 watch.go:31] Failed to load config from \"c:\\\\Users\\\\DevAI Studio\\\\Documents\\\\GitHub\\\\PayMerch\\\\dataconnect\": could not find dataconnect.yaml in `c:\\Users\\DevAI Studio\\Documents\\GitHub\\PayMerch\\dataconnect`\n"}}
[debug] [2025-11-11T11:12:35.795Z] E1111 13:12:35.794335    6988 watch.go:31] Failed to load config from "c:\\Users\\DevAI Studio\\Documents\\GitHub\\PayMerch\\dataconnect": could not find dataconnect.yaml in `c:\Users\DevAI Studio\Documents\GitHub\PayMerch\dataconnect`
 {"metadata":{"emulator":{"name":"dataconnect"},"message":"E1111 13:12:35.794335    6988 watch.go:31] Failed to load config from \"c:\\\\Users\\\\DevAI Studio\\\\Documents\\\\GitHub\\\\PayMerch\\\\dataconnect\": could not find dataconnect.yaml in `c:\\Users\\DevAI Studio\\Documents\\GitHub\\PayMerch\\dataconnect`\n"}}
[debug] [2025-11-11T11:12:45.794Z] E1111 13:12:45.794267    6988 watch.go:31] Failed to load config from "c:\\Users\\DevAI Studio\\Documents\\GitHub\\PayMerch\\dataconnect": could not find dataconnect.yaml in `c:\Users\DevAI Studio\Documents\GitHub\PayMerch\dataconnect`
 {"metadata":{"emulator":{"name":"dataconnect"},"message":"E1111 13:12:45.794267    6988 watch.go:31] Failed to load config from \"c:\\\\Users\\\\DevAI Studio\\\\Documents\\\\GitHub\\\\PayMerch\\\\dataconnect\": could not find dataconnect.yaml in `c:\\Users\\DevAI Studio\\Documents\\GitHub\\PayMerch\\dataconnect`\n"}}
[debug] [2025-11-11T11:12:55.796Z] E1111 13:12:55.795968    6988 watch.go:31] Failed to load config from "c:\\Users\\DevAI Studio\\Documents\\GitHub\\PayMerch\\dataconnect": could not find dataconnect.yaml in `c:\Users\DevAI Studio\Documents\GitHub\PayMerch\dataconnect`
 {"metadata":{"emulator":{"name":"dataconnect"},"message":"E1111 13:12:55.795968    6988 watch.go:31] Failed to load config from \"c:\\\\Users\\\\DevAI Studio\\\\Documents\\\\GitHub\\\\PayMerch\\\\dataconnect\": could not find dataconnect.yaml in `c:\\Users\\DevAI Studio\\Documents\\GitHub\\PayMerch\\dataconnect`\n"}}
[debug] [2025-11-11T11:13:05.795Z] E1111 13:13:05.794803    6988 watch.go:31] Failed to load config from "c:\\Users\\DevAI Studio\\Documents\\GitHub\\PayMerch\\dataconnect": could not find dataconnect.yaml in `c:\Users\DevAI Studio\Documents\GitHub\PayMerch\dataconnect`
 {"metadata":{"emulator":{"name":"dataconnect"},"message":"E1111 13:13:05.794803    6988 watch.go:31] Failed to load config from \"c:\\\\Users\\\\DevAI Studio\\\\Documents\\\\GitHub\\\\PayMerch\\\\dataconnect\": could not find dataconnect.yaml in `c:\\Users\\DevAI Studio\\Documents\\GitHub\\PayMerch\\dataconnect`\n"}}
[debug] [2025-11-11T11:13:15.794Z] E1111 13:13:15.794119    6988 watch.go:31] Failed to load config from "c:\\Users\\DevAI Studio\\Documents\\GitHub\\PayMerch\\dataconnect": could not find dataconnect.yaml in `c:\Users\DevAI Studio\Documents\GitHub\PayMerch\dataconnect`
E1111 13:13:15.794119    6988 watch.go:102] watchAllDir unable to walk dir `c:\Users\DevAI Studio\Documents\GitHub\PayMerch\dataconnect`: CreateFile c:\Users\DevAI Studio\Documents\GitHub\PayMerch\dataconnect: The system cannot find the file specified.
 {"metadata":{"emulator":{"name":"dataconnect"},"message":"E1111 13:13:15.794119    6988 watch.go:31] Failed to load config from \"c:\\\\Users\\\\DevAI Studio\\\\Documents\\\\GitHub\\\\PayMerch\\\\dataconnect\": could not find dataconnect.yaml in `c:\\Users\\DevAI Studio\\Documents\\GitHub\\PayMerch\\dataconnect`\nE1111 13:13:15.794119    6988 watch.go:102] watchAllDir unable to walk dir `c:\\Users\\DevAI Studio\\Documents\\GitHub\\PayMerch\\dataconnect`: CreateFile c:\\Users\\DevAI Studio\\Documents\\GitHub\\PayMerch\\dataconnect: The system cannot find the file specified.\n"}}
[debug] [2025-11-11T11:13:25.795Z] E1111 13:13:25.795551    6988 watch.go:31] Failed to load config from "c:\\Users\\DevAI Studio\\Documents\\GitHub\\PayMerch\\dataconnect": could not find dataconnect.yaml in `c:\Users\DevAI Studio\Documents\GitHub\PayMerch\dataconnect`
 {"metadata":{"emulator":{"name":"dataconnect"},"message":"E1111 13:13:25.795551    6988 watch.go:31] Failed to load config from \"c:\\\\Users\\\\DevAI Studio\\\\Documents\\\\GitHub\\\\PayMerch\\\\dataconnect\": could not find dataconnect.yaml in `c:\\Users\\DevAI Studio\\Documents\\GitHub\\PayMerch\\dataconnect`\n"}}
[debug] [2025-11-11T11:13:35.794Z] E1111 13:13:35.794158    6988 watch.go:31] Failed to load config from "c:\\Users\\DevAI Studio\\Documents\\GitHub\\PayMerch\\dataconnect": could not find dataconnect.yaml in `c:\Users\DevAI Studio\Documents\GitHub\PayMerch\dataconnect`
 {"metadata":{"emulator":{"name":"dataconnect"},"message":"E1111 13:13:35.794158    6988 watch.go:31] Failed to load config from \"c:\\\\Users\\\\DevAI Studio\\\\Documents\\\\GitHub\\\\PayMerch\\\\dataconnect\": could not find dataconnect.yaml in `c:\\Users\\DevAI Studio\\Documents\\GitHub\\PayMerch\\dataconnect`\n"}}
[debug] [2025-11-11T11:13:45.794Z] E1111 13:13:45.794670    6988 watch.go:31] Failed to load config from "c:\\Users\\DevAI Studio\\Documents\\GitHub\\PayMerch\\dataconnect": could not find dataconnect.yaml in `c:\Users\DevAI Studio\Documents\GitHub\PayMerch\dataconnect`
 {"metadata":{"emulator":{"name":"dataconnect"},"message":"E1111 13:13:45.794670    6988 watch.go:31] Failed to load config from \"c:\\\\Users\\\\DevAI Studio\\\\Documents\\\\GitHub\\\\PayMerch\\\\dataconnect\": could not find dataconnect.yaml in `c:\\Users\\DevAI Studio\\Documents\\GitHub\\PayMerch\\dataconnect`\n"}}
[debug] [2025-11-11T11:13:55.795Z] E1111 13:13:55.794969    6988 watch.go:31] Failed to load config from "c:\\Users\\DevAI Studio\\Documents\\GitHub\\PayMerch\\dataconnect": could not find dataconnect.yaml in `c:\Users\DevAI Studio\Documents\GitHub\PayMerch\dataconnect`
 {"metadata":{"emulator":{"name":"dataconnect"},"message":"E1111 13:13:55.794969    6988 watch.go:31] Failed to load config from \"c:\\\\Users\\\\DevAI Studio\\\\Documents\\\\GitHub\\\\PayMerch\\\\dataconnect\": could not find dataconnect.yaml in `c:\\Users\\DevAI Studio\\Documents\\GitHub\\PayMerch\\dataconnect`\n"}}
[debug] [2025-11-11T11:14:05.795Z] E1111 13:14:05.794824    6988 watch.go:31] Failed to load config from "c:\\Users\\DevAI Studio\\Documents\\GitHub\\PayMerch\\dataconnect": could not find dataconnect.yaml in `c:\Users\DevAI Studio\Documents\GitHub\PayMerch\dataconnect`
 {"metadata":{"emulator":{"name":"dataconnect"},"message":"E1111 13:14:05.794824    6988 watch.go:31] Failed to load config from \"c:\\\\Users\\\\DevAI Studio\\\\Documents\\\\GitHub\\\\PayMerch\\\\dataconnect\": could not find dataconnect.yaml in `c:\\Users\\DevAI Studio\\Documents\\GitHub\\PayMerch\\dataconnect`\n"}}
[debug] [2025-11-11T11:14:15.795Z] E1111 13:14:15.795094    6988 watch.go:31] Failed to load config from "c:\\Users\\DevAI Studio\\Documents\\GitHub\\PayMerch\\dataconnect": could not find dataconnect.yaml in `c:\Users\DevAI Studio\Documents\GitHub\PayMerch\dataconnect`
 {"metadata":{"emulator":{"name":"dataconnect"},"message":"E1111 13:14:15.795094    6988 watch.go:31] Failed to load config from \"c:\\\\Users\\\\DevAI Studio\\\\Documents\\\\GitHub\\\\PayMerch\\\\dataconnect\": could not find dataconnect.yaml in `c:\\Users\\DevAI Studio\\Documents\\GitHub\\PayMerch\\dataconnect`\n"}}
[debug] [2025-11-11T11:14:25.795Z] E1111 13:14:25.794715    6988 watch.go:31] Failed to load config from "c:\\Users\\DevAI Studio\\Documents\\GitHub\\PayMerch\\dataconnect": could not find dataconnect.yaml in `c:\Users\DevAI Studio\Documents\GitHub\PayMerch\dataconnect`
 {"metadata":{"emulator":{"name":"dataconnect"},"message":"E1111 13:14:25.794715    6988 watch.go:31] Failed to load config from \"c:\\\\Users\\\\DevAI Studio\\\\Documents\\\\GitHub\\\\PayMerch\\\\dataconnect\": could not find dataconnect.yaml in `c:\\Users\\DevAI Studio\\Documents\\GitHub\\PayMerch\\dataconnect`\n"}}
[debug] [2025-11-11T11:14:35.795Z] E1111 13:14:35.794720    6988 watch.go:31] Failed to load config from "c:\\Users\\DevAI Studio\\Documents\\GitHub\\PayMerch\\dataconnect": could not find dataconnect.yaml in `c:\Users\DevAI Studio\Documents\GitHub\PayMerch\dataconnect`
 {"metadata":{"emulator":{"name":"dataconnect"},"message":"E1111 13:14:35.794720    6988 watch.go:31] Failed to load config from \"c:\\\\Users\\\\DevAI Studio\\\\Documents\\\\GitHub\\\\PayMerch\\\\dataconnect\": could not find dataconnect.yaml in `c:\\Users\\DevAI Studio\\Documents\\GitHub\\PayMerch\\dataconnect`\n"}}
[debug] [2025-11-11T11:14:45.794Z] E1111 13:14:45.794675    6988 watch.go:31] Failed to load config from "c:\\Users\\DevAI Studio\\Documents\\GitHub\\PayMerch\\dataconnect": could not find dataconnect.yaml in `c:\Users\DevAI Studio\Documents\GitHub\PayMerch\dataconnect`
 {"metadata":{"emulator":{"name":"dataconnect"},"message":"E1111 13:14:45.794675    6988 watch.go:31] Failed to load config from \"c:\\\\Users\\\\DevAI Studio\\\\Documents\\\\GitHub\\\\PayMerch\\\\dataconnect\": could not find dataconnect.yaml in `c:\\Users\\DevAI Studio\\Documents\\GitHub\\PayMerch\\dataconnect`\n"}}
[debug] [2025-11-11T11:14:55.795Z] E1111 13:14:55.795144    6988 watch.go:31] Failed to load config from "c:\\Users\\DevAI Studio\\Documents\\GitHub\\PayMerch\\dataconnect": could not find dataconnect.yaml in `c:\Users\DevAI Studio\Documents\GitHub\PayMerch\dataconnect`
 {"metadata":{"emulator":{"name":"dataconnect"},"message":"E1111 13:14:55.795144    6988 watch.go:31] Failed to load config from \"c:\\\\Users\\\\DevAI Studio\\\\Documents\\\\GitHub\\\\PayMerch\\\\dataconnect\": could not find dataconnect.yaml in `c:\\Users\\DevAI Studio\\Documents\\GitHub\\PayMerch\\dataconnect`\n"}}
[debug] [2025-11-11T11:15:05.795Z] E1111 13:15:05.795006    6988 watch.go:31] Failed to load config from "c:\\Users\\DevAI Studio\\Documents\\GitHub\\PayMerch\\dataconnect": could not find dataconnect.yaml in `c:\Users\DevAI Studio\Documents\GitHub\PayMerch\dataconnect`
 {"metadata":{"emulator":{"name":"dataconnect"},"message":"E1111 13:15:05.795006    6988 watch.go:31] Failed to load config from \"c:\\\\Users\\\\DevAI Studio\\\\Documents\\\\GitHub\\\\PayMerch\\\\dataconnect\": could not find dataconnect.yaml in `c:\\Users\\DevAI Studio\\Documents\\GitHub\\PayMerch\\dataconnect`\n"}}
[debug] [2025-11-11T11:15:15.794Z] E1111 13:15:15.794462    6988 watch.go:31] Failed to load config from "c:\\Users\\DevAI Studio\\Documents\\GitHub\\PayMerch\\dataconnect": could not find dataconnect.yaml in `c:\Users\DevAI Studio\Documents\GitHub\PayMerch\dataconnect`
E1111 13:15:15.794462    6988 watch.go:102] watchAllDir unable to walk dir `c:\Users\DevAI Studio\Documents\GitHub\PayMerch\dataconnect`: CreateFile c:\Users\DevAI Studio\Documents\GitHub\PayMerch\dataconnect: The system cannot find the file specified.
 {"metadata":{"emulator":{"name":"dataconnect"},"message":"E1111 13:15:15.794462    6988 watch.go:31] Failed to load config from \"c:\\\\Users\\\\DevAI Studio\\\\Documents\\\\GitHub\\\\PayMerch\\\\dataconnect\": could not find dataconnect.yaml in `c:\\Users\\DevAI Studio\\Documents\\GitHub\\PayMerch\\dataconnect`\nE1111 13:15:15.794462    6988 watch.go:102] watchAllDir unable to walk dir `c:\\Users\\DevAI Studio\\Documents\\GitHub\\PayMerch\\dataconnect`: CreateFile c:\\Users\\DevAI Studio\\Documents\\GitHub\\PayMerch\\dataconnect: The system cannot find the file specified.\n"}}
[debug] [2025-11-11T11:15:25.796Z] E1111 13:15:25.796581    6988 watch.go:31] Failed to load config from "c:\\Users\\DevAI Studio\\Documents\\GitHub\\PayMerch\\dataconnect": could not find dataconnect.yaml in `c:\Users\DevAI Studio\Documents\GitHub\PayMerch\dataconnect`
 {"metadata":{"emulator":{"name":"dataconnect"},"message":"E1111 13:15:25.796581    6988 watch.go:31] Failed to load config from \"c:\\\\Users\\\\DevAI Studio\\\\Documents\\\\GitHub\\\\PayMerch\\\\dataconnect\": could not find dataconnect.yaml in `c:\\Users\\DevAI Studio\\Documents\\GitHub\\PayMerch\\dataconnect`\n"}}
[debug] [2025-11-11T11:15:35.796Z] E1111 13:15:35.796361    6988 watch.go:31] Failed to load config from "c:\\Users\\DevAI Studio\\Documents\\GitHub\\PayMerch\\dataconnect": could not find dataconnect.yaml in `c:\Users\DevAI Studio\Documents\GitHub\PayMerch\dataconnect`
 {"metadata":{"emulator":{"name":"dataconnect"},"message":"E1111 13:15:35.796361    6988 watch.go:31] Failed to load config from \"c:\\\\Users\\\\DevAI Studio\\\\Documents\\\\GitHub\\\\PayMerch\\\\dataconnect\": could not find dataconnect.yaml in `c:\\Users\\DevAI Studio\\Documents\\GitHub\\PayMerch\\dataconnect`\n"}}
[debug] [2025-11-11T11:15:45.794Z] E1111 13:15:45.794584    6988 watch.go:31] Failed to load config from "c:\\Users\\DevAI Studio\\Documents\\GitHub\\PayMerch\\dataconnect": could not find dataconnect.yaml in `c:\Users\DevAI Studio\Documents\GitHub\PayMerch\dataconnect`
 {"metadata":{"emulator":{"name":"dataconnect"},"message":"E1111 13:15:45.794584    6988 watch.go:31] Failed to load config from \"c:\\\\Users\\\\DevAI Studio\\\\Documents\\\\GitHub\\\\PayMerch\\\\dataconnect\": could not find dataconnect.yaml in `c:\\Users\\DevAI Studio\\Documents\\GitHub\\PayMerch\\dataconnect`\n"}}
[debug] [2025-11-11T11:15:55.780Z] E1111 13:15:55.794479    6988 watch.go:31] Failed to load config from "c:\\Users\\DevAI Studio\\Documents\\GitHub\\PayMerch\\dataconnect": could not find dataconnect.yaml in `c:\Users\DevAI Studio\Documents\GitHub\PayMerch\dataconnect`
 {"metadata":{"emulator":{"name":"dataconnect"},"message":"E1111 13:15:55.794479    6988 watch.go:31] Failed to load config from \"c:\\\\Users\\\\DevAI Studio\\\\Documents\\\\GitHub\\\\PayMerch\\\\dataconnect\": could not find dataconnect.yaml in `c:\\Users\\DevAI Studio\\Documents\\GitHub\\PayMerch\\dataconnect`\n"}}
[debug] [2025-11-11T11:16:05.781Z] E1111 13:16:05.795446    6988 watch.go:31] Failed to load config from "c:\\Users\\DevAI Studio\\Documents\\GitHub\\PayMerch\\dataconnect": could not find dataconnect.yaml in `c:\Users\DevAI Studio\Documents\GitHub\PayMerch\dataconnect`
 {"metadata":{"emulator":{"name":"dataconnect"},"message":"E1111 13:16:05.795446    6988 watch.go:31] Failed to load config from \"c:\\\\Users\\\\DevAI Studio\\\\Documents\\\\GitHub\\\\PayMerch\\\\dataconnect\": could not find dataconnect.yaml in `c:\\Users\\DevAI Studio\\Documents\\GitHub\\PayMerch\\dataconnect`\n"}}
[debug] [2025-11-11T11:16:15.781Z] E1111 13:16:15.794905    6988 watch.go:31] Failed to load config from "c:\\Users\\DevAI Studio\\Documents\\GitHub\\PayMerch\\dataconnect": could not find dataconnect.yaml in `c:\Users\DevAI Studio\Documents\GitHub\PayMerch\dataconnect`
 {"metadata":{"emulator":{"name":"dataconnect"},"message":"E1111 13:16:15.794905    6988 watch.go:31] Failed to load config from \"c:\\\\Users\\\\DevAI Studio\\\\Documents\\\\GitHub\\\\PayMerch\\\\dataconnect\": could not find dataconnect.yaml in `c:\\Users\\DevAI Studio\\Documents\\GitHub\\PayMerch\\dataconnect`\n"}}
[debug] [2025-11-11T11:16:25.781Z] E1111 13:16:25.794905    6988 watch.go:31] Failed to load config from "c:\\Users\\DevAI Studio\\Documents\\GitHub\\PayMerch\\dataconnect": could not find dataconnect.yaml in `c:\Users\DevAI Studio\Documents\GitHub\PayMerch\dataconnect`
 {"metadata":{"emulator":{"name":"dataconnect"},"message":"E1111 13:16:25.794905    6988 watch.go:31] Failed to load config from \"c:\\\\Users\\\\DevAI Studio\\\\Documents\\\\GitHub\\\\PayMerch\\\\dataconnect\": could not find dataconnect.yaml in `c:\\Users\\DevAI Studio\\Documents\\GitHub\\PayMerch\\dataconnect`\n"}}
[debug] [2025-11-11T11:16:35.781Z] E1111 13:16:35.794995    6988 watch.go:31] Failed to load config from "c:\\Users\\DevAI Studio\\Documents\\GitHub\\PayMerch\\dataconnect": could not find dataconnect.yaml in `c:\Users\DevAI Studio\Documents\GitHub\PayMerch\dataconnect`
 {"metadata":{"emulator":{"name":"dataconnect"},"message":"E1111 13:16:35.794995    6988 watch.go:31] Failed to load config from \"c:\\\\Users\\\\DevAI Studio\\\\Documents\\\\GitHub\\\\PayMerch\\\\dataconnect\": could not find dataconnect.yaml in `c:\\Users\\DevAI Studio\\Documents\\GitHub\\PayMerch\\dataconnect`\n"}}
[debug] [2025-11-11T11:16:45.780Z] E1111 13:16:45.795250    6988 watch.go:31] Failed to load config from "c:\\Users\\DevAI Studio\\Documents\\GitHub\\PayMerch\\dataconnect": could not find dataconnect.yaml in `c:\Users\DevAI Studio\Documents\GitHub\PayMerch\dataconnect`
 {"metadata":{"emulator":{"name":"dataconnect"},"message":"E1111 13:16:45.795250    6988 watch.go:31] Failed to load config from \"c:\\\\Users\\\\DevAI Studio\\\\Documents\\\\GitHub\\\\PayMerch\\\\dataconnect\": could not find dataconnect.yaml in `c:\\Users\\DevAI Studio\\Documents\\GitHub\\PayMerch\\dataconnect`\n"}}
[debug] [2025-11-11T11:16:55.795Z] E1111 13:16:55.795388    6988 watch.go:31] Failed to load config from "c:\\Users\\DevAI Studio\\Documents\\GitHub\\PayMerch\\dataconnect": could not find dataconnect.yaml in `c:\Users\DevAI Studio\Documents\GitHub\PayMerch\dataconnect`
 {"metadata":{"emulator":{"name":"dataconnect"},"message":"E1111 13:16:55.795388    6988 watch.go:31] Failed to load config from \"c:\\\\Users\\\\DevAI Studio\\\\Documents\\\\GitHub\\\\PayMerch\\\\dataconnect\": could not find dataconnect.yaml in `c:\\Users\\DevAI Studio\\Documents\\GitHub\\PayMerch\\dataconnect`\n"}}
[debug] [2025-11-11T11:17:05.795Z] E1111 13:17:05.795052    6988 watch.go:31] Failed to load config from "c:\\Users\\DevAI Studio\\Documents\\GitHub\\PayMerch\\dataconnect": could not find dataconnect.yaml in `c:\Users\DevAI Studio\Documents\GitHub\PayMerch\dataconnect`
 {"metadata":{"emulator":{"name":"dataconnect"},"message":"E1111 13:17:05.795052    6988 watch.go:31] Failed to load config from \"c:\\\\Users\\\\DevAI Studio\\\\Documents\\\\GitHub\\\\PayMerch\\\\dataconnect\": could not find dataconnect.yaml in `c:\\Users\\DevAI Studio\\Documents\\GitHub\\PayMerch\\dataconnect`\n"}}
[debug] [2025-11-11T11:17:15.796Z] E1111 13:17:15.795713    6988 watch.go:31] Failed to load config from "c:\\Users\\DevAI Studio\\Documents\\GitHub\\PayMerch\\dataconnect": could not find dataconnect.yaml in `c:\Users\DevAI Studio\Documents\GitHub\PayMerch\dataconnect`
E1111 13:17:15.795713    6988 watch.go:102] watchAllDir unable to walk dir `c:\Users\DevAI Studio\Documents\GitHub\PayMerch\dataconnect`: CreateFile c:\Users\DevAI Studio\Documents\GitHub\PayMerch\dataconnect: The system cannot find the file specified.
 {"metadata":{"emulator":{"name":"dataconnect"},"message":"E1111 13:17:15.795713    6988 watch.go:31] Failed to load config from \"c:\\\\Users\\\\DevAI Studio\\\\Documents\\\\GitHub\\\\PayMerch\\\\dataconnect\": could not find dataconnect.yaml in `c:\\Users\\DevAI Studio\\Documents\\GitHub\\PayMerch\\dataconnect`\nE1111 13:17:15.795713    6988 watch.go:102] watchAllDir unable to walk dir `c:\\Users\\DevAI Studio\\Documents\\GitHub\\PayMerch\\dataconnect`: CreateFile c:\\Users\\DevAI Studio\\Documents\\GitHub\\PayMerch\\dataconnect: The system cannot find the file specified.\n"}}
[debug] [2025-11-11T11:17:25.794Z] E1111 13:17:25.794764    6988 watch.go:31] Failed to load config from "c:\\Users\\DevAI Studio\\Documents\\GitHub\\PayMerch\\dataconnect": could not find dataconnect.yaml in `c:\Users\DevAI Studio\Documents\GitHub\PayMerch\dataconnect`
 {"metadata":{"emulator":{"name":"dataconnect"},"message":"E1111 13:17:25.794764    6988 watch.go:31] Failed to load config from \"c:\\\\Users\\\\DevAI Studio\\\\Documents\\\\GitHub\\\\PayMerch\\\\dataconnect\": could not find dataconnect.yaml in `c:\\Users\\DevAI Studio\\Documents\\GitHub\\PayMerch\\dataconnect`\n"}}
[debug] [2025-11-11T11:17:35.795Z] E1111 13:17:35.794815    6988 watch.go:31] Failed to load config from "c:\\Users\\DevAI Studio\\Documents\\GitHub\\PayMerch\\dataconnect": could not find dataconnect.yaml in `c:\Users\DevAI Studio\Documents\GitHub\PayMerch\dataconnect`
 {"metadata":{"emulator":{"name":"dataconnect"},"message":"E1111 13:17:35.794815    6988 watch.go:31] Failed to load config from \"c:\\\\Users\\\\DevAI Studio\\\\Documents\\\\GitHub\\\\PayMerch\\\\dataconnect\": could not find dataconnect.yaml in `c:\\Users\\DevAI Studio\\Documents\\GitHub\\PayMerch\\dataconnect`\n"}}
[debug] [2025-11-11T11:17:45.795Z] E1111 13:17:45.794695    6988 watch.go:31] Failed to load config from "c:\\Users\\DevAI Studio\\Documents\\GitHub\\PayMerch\\dataconnect": could not find dataconnect.yaml in `c:\Users\DevAI Studio\Documents\GitHub\PayMerch\dataconnect`
 {"metadata":{"emulator":{"name":"dataconnect"},"message":"E1111 13:17:45.794695    6988 watch.go:31] Failed to load config from \"c:\\\\Users\\\\DevAI Studio\\\\Documents\\\\GitHub\\\\PayMerch\\\\dataconnect\": could not find dataconnect.yaml in `c:\\Users\\DevAI Studio\\Documents\\GitHub\\PayMerch\\dataconnect`\n"}}
[debug] [2025-11-11T11:17:55.795Z] E1111 13:17:55.795081    6988 watch.go:31] Failed to load config from "c:\\Users\\DevAI Studio\\Documents\\GitHub\\PayMerch\\dataconnect": could not find dataconnect.yaml in `c:\Users\DevAI Studio\Documents\GitHub\PayMerch\dataconnect`
 {"metadata":{"emulator":{"name":"dataconnect"},"message":"E1111 13:17:55.795081    6988 watch.go:31] Failed to load config from \"c:\\\\Users\\\\DevAI Studio\\\\Documents\\\\GitHub\\\\PayMerch\\\\dataconnect\": could not find dataconnect.yaml in `c:\\Users\\DevAI Studio\\Documents\\GitHub\\PayMerch\\dataconnect`\n"}}
[debug] [2025-11-11T11:18:05.794Z] E1111 13:18:05.794198    6988 watch.go:31] Failed to load config from "c:\\Users\\DevAI Studio\\Documents\\GitHub\\PayMerch\\dataconnect": could not find dataconnect.yaml in `c:\Users\DevAI Studio\Documents\GitHub\PayMerch\dataconnect`
 {"metadata":{"emulator":{"name":"dataconnect"},"message":"E1111 13:18:05.794198    6988 watch.go:31] Failed to load config from \"c:\\\\Users\\\\DevAI Studio\\\\Documents\\\\GitHub\\\\PayMerch\\\\dataconnect\": could not find dataconnect.yaml in `c:\\Users\\DevAI Studio\\Documents\\GitHub\\PayMerch\\dataconnect`\n"}}
[debug] [2025-11-11T11:18:16.399Z] E1111 13:18:15.794416    6988 watch.go:31] Failed to load config from "c:\\Users\\DevAI Studio\\Documents\\GitHub\\PayMerch\\dataconnect": could not find dataconnect.yaml in `c:\Users\DevAI Studio\Documents\GitHub\PayMerch\dataconnect`
 {"metadata":{"emulator":{"name":"dataconnect"},"message":"E1111 13:18:15.794416    6988 watch.go:31] Failed to load config from \"c:\\\\Users\\\\DevAI Studio\\\\Documents\\\\GitHub\\\\PayMerch\\\\dataconnect\": could not find dataconnect.yaml in `c:\\Users\\DevAI Studio\\Documents\\GitHub\\PayMerch\\dataconnect`\n"}}
[debug] [2025-11-11T11:18:25.794Z] E1111 13:18:25.794476    6988 watch.go:31] Failed to load config from "c:\\Users\\DevAI Studio\\Documents\\GitHub\\PayMerch\\dataconnect": could not find dataconnect.yaml in `c:\Users\DevAI Studio\Documents\GitHub\PayMerch\dataconnect`
 {"metadata":{"emulator":{"name":"dataconnect"},"message":"E1111 13:18:25.794476    6988 watch.go:31] Failed to load config from \"c:\\\\Users\\\\DevAI Studio\\\\Documents\\\\GitHub\\\\PayMerch\\\\dataconnect\": could not find dataconnect.yaml in `c:\\Users\\DevAI Studio\\Documents\\GitHub\\PayMerch\\dataconnect`\n"}}
[debug] [2025-11-11T11:18:35.795Z] E1111 13:18:35.795335    6988 watch.go:31] Failed to load config from "c:\\Users\\DevAI Studio\\Documents\\GitHub\\PayMerch\\dataconnect": could not find dataconnect.yaml in `c:\Users\DevAI Studio\Documents\GitHub\PayMerch\dataconnect`
 {"metadata":{"emulator":{"name":"dataconnect"},"message":"E1111 13:18:35.795335    6988 watch.go:31] Failed to load config from \"c:\\\\Users\\\\DevAI Studio\\\\Documents\\\\GitHub\\\\PayMerch\\\\dataconnect\": could not find dataconnect.yaml in `c:\\Users\\DevAI Studio\\Documents\\GitHub\\PayMerch\\dataconnect`\n"}}
[debug] [2025-11-11T11:18:45.796Z] E1111 13:18:45.794453    6988 watch.go:31] Failed to load config from "c:\\Users\\DevAI Studio\\Documents\\GitHub\\PayMerch\\dataconnect": could not find dataconnect.yaml in `c:\Users\DevAI Studio\Documents\GitHub\PayMerch\dataconnect`
 {"metadata":{"emulator":{"name":"dataconnect"},"message":"E1111 13:18:45.794453    6988 watch.go:31] Failed to load config from \"c:\\\\Users\\\\DevAI Studio\\\\Documents\\\\GitHub\\\\PayMerch\\\\dataconnect\": could not find dataconnect.yaml in `c:\\Users\\DevAI Studio\\Documents\\GitHub\\PayMerch\\dataconnect`\n"}}
[debug] [2025-11-11T11:18:55.795Z] E1111 13:18:55.794768    6988 watch.go:31] Failed to load config from "c:\\Users\\DevAI Studio\\Documents\\GitHub\\PayMerch\\dataconnect": could not find dataconnect.yaml in `c:\Users\DevAI Studio\Documents\GitHub\PayMerch\dataconnect`
 {"metadata":{"emulator":{"name":"dataconnect"},"message":"E1111 13:18:55.794768    6988 watch.go:31] Failed to load config from \"c:\\\\Users\\\\DevAI Studio\\\\Documents\\\\GitHub\\\\PayMerch\\\\dataconnect\": could not find dataconnect.yaml in `c:\\Users\\DevAI Studio\\Documents\\GitHub\\PayMerch\\dataconnect`\n"}}
[debug] [2025-11-11T11:19:05.795Z] E1111 13:19:05.795053    6988 watch.go:31] Failed to load config from "c:\\Users\\DevAI Studio\\Documents\\GitHub\\PayMerch\\dataconnect": could not find dataconnect.yaml in `c:\Users\DevAI Studio\Documents\GitHub\PayMerch\dataconnect`
 {"metadata":{"emulator":{"name":"dataconnect"},"message":"E1111 13:19:05.795053    6988 watch.go:31] Failed to load config from \"c:\\\\Users\\\\DevAI Studio\\\\Documents\\\\GitHub\\\\PayMerch\\\\dataconnect\": could not find dataconnect.yaml in `c:\\Users\\DevAI Studio\\Documents\\GitHub\\PayMerch\\dataconnect`\n"}}
[debug] [2025-11-11T11:19:15.794Z] E1111 13:19:15.794761    6988 watch.go:31] Failed to load config from "c:\\Users\\DevAI Studio\\Documents\\GitHub\\PayMerch\\dataconnect": could not find dataconnect.yaml in `c:\Users\DevAI Studio\Documents\GitHub\PayMerch\dataconnect`
E1111 13:19:15.794761    6988 watch.go:102] watchAllDir unable to walk dir `c:\Users\DevAI Studio\Documents\GitHub\PayMerch\dataconnect`: CreateFile c:\Users\DevAI Studio\Documents\GitHub\PayMerch\dataconnect: The system cannot find the file specified.
 {"metadata":{"emulator":{"name":"dataconnect"},"message":"E1111 13:19:15.794761    6988 watch.go:31] Failed to load config from \"c:\\\\Users\\\\DevAI Studio\\\\Documents\\\\GitHub\\\\PayMerch\\\\dataconnect\": could not find dataconnect.yaml in `c:\\Users\\DevAI Studio\\Documents\\GitHub\\PayMerch\\dataconnect`\nE1111 13:19:15.794761    6988 watch.go:102] watchAllDir unable to walk dir `c:\\Users\\DevAI Studio\\Documents\\GitHub\\PayMerch\\dataconnect`: CreateFile c:\\Users\\DevAI Studio\\Documents\\GitHub\\PayMerch\\dataconnect: The system cannot find the file specified.\n"}}
[debug] [2025-11-11T11:19:25.795Z] E1111 13:19:25.795324    6988 watch.go:31] Failed to load config from "c:\\Users\\DevAI Studio\\Documents\\GitHub\\PayMerch\\dataconnect": could not find dataconnect.yaml in `c:\Users\DevAI Studio\Documents\GitHub\PayMerch\dataconnect`
 {"metadata":{"emulator":{"name":"dataconnect"},"message":"E1111 13:19:25.795324    6988 watch.go:31] Failed to load config from \"c:\\\\Users\\\\DevAI Studio\\\\Documents\\\\GitHub\\\\PayMerch\\\\dataconnect\": could not find dataconnect.yaml in `c:\\Users\\DevAI Studio\\Documents\\GitHub\\PayMerch\\dataconnect`\n"}}
[debug] [2025-11-11T11:19:35.794Z] E1111 13:19:35.794471    6988 watch.go:31] Failed to load config from "c:\\Users\\DevAI Studio\\Documents\\GitHub\\PayMerch\\dataconnect": could not find dataconnect.yaml in `c:\Users\DevAI Studio\Documents\GitHub\PayMerch\dataconnect`
 {"metadata":{"emulator":{"name":"dataconnect"},"message":"E1111 13:19:35.794471    6988 watch.go:31] Failed to load config from \"c:\\\\Users\\\\DevAI Studio\\\\Documents\\\\GitHub\\\\PayMerch\\\\dataconnect\": could not find dataconnect.yaml in `c:\\Users\\DevAI Studio\\Documents\\GitHub\\PayMerch\\dataconnect`\n"}}
[debug] [2025-11-11T11:19:45.795Z] E1111 13:19:45.795886    6988 watch.go:31] Failed to load config from "c:\\Users\\DevAI Studio\\Documents\\GitHub\\PayMerch\\dataconnect": could not find dataconnect.yaml in `c:\Users\DevAI Studio\Documents\GitHub\PayMerch\dataconnect`
 {"metadata":{"emulator":{"name":"dataconnect"},"message":"E1111 13:19:45.795886    6988 watch.go:31] Failed to load config from \"c:\\\\Users\\\\DevAI Studio\\\\Documents\\\\GitHub\\\\PayMerch\\\\dataconnect\": could not find dataconnect.yaml in `c:\\Users\\DevAI Studio\\Documents\\GitHub\\PayMerch\\dataconnect`\n"}}
[debug] [2025-11-11T11:19:55.795Z] E1111 13:19:55.794819    6988 watch.go:31] Failed to load config from "c:\\Users\\DevAI Studio\\Documents\\GitHub\\PayMerch\\dataconnect": could not find dataconnect.yaml in `c:\Users\DevAI Studio\Documents\GitHub\PayMerch\dataconnect`
 {"metadata":{"emulator":{"name":"dataconnect"},"message":"E1111 13:19:55.794819    6988 watch.go:31] Failed to load config from \"c:\\\\Users\\\\DevAI Studio\\\\Documents\\\\GitHub\\\\PayMerch\\\\dataconnect\": could not find dataconnect.yaml in `c:\\Users\\DevAI Studio\\Documents\\GitHub\\PayMerch\\dataconnect`\n"}}
[debug] [2025-11-11T11:20:05.794Z] E1111 13:20:05.794980    6988 watch.go:31] Failed to load config from "c:\\Users\\DevAI Studio\\Documents\\GitHub\\PayMerch\\dataconnect": could not find dataconnect.yaml in `c:\Users\DevAI Studio\Documents\GitHub\PayMerch\dataconnect`
 {"metadata":{"emulator":{"name":"dataconnect"},"message":"E1111 13:20:05.794980    6988 watch.go:31] Failed to load config from \"c:\\\\Users\\\\DevAI Studio\\\\Documents\\\\GitHub\\\\PayMerch\\\\dataconnect\": could not find dataconnect.yaml in `c:\\Users\\DevAI Studio\\Documents\\GitHub\\PayMerch\\dataconnect`\n"}}
[debug] [2025-11-11T11:20:15.795Z] E1111 13:20:15.795148    6988 watch.go:31] Failed to load config from "c:\\Users\\DevAI Studio\\Documents\\GitHub\\PayMerch\\dataconnect": could not find dataconnect.yaml in `c:\Users\DevAI Studio\Documents\GitHub\PayMerch\dataconnect`
 {"metadata":{"emulator":{"name":"dataconnect"},"message":"E1111 13:20:15.795148    6988 watch.go:31] Failed to load config from \"c:\\\\Users\\\\DevAI Studio\\\\Documents\\\\GitHub\\\\PayMerch\\\\dataconnect\": could not find dataconnect.yaml in `c:\\Users\\DevAI Studio\\Documents\\GitHub\\PayMerch\\dataconnect`\n"}}
[debug] [2025-11-11T11:20:25.795Z] E1111 13:20:25.794717    6988 watch.go:31] Failed to load config from "c:\\Users\\DevAI Studio\\Documents\\GitHub\\PayMerch\\dataconnect": could not find dataconnect.yaml in `c:\Users\DevAI Studio\Documents\GitHub\PayMerch\dataconnect`
 {"metadata":{"emulator":{"name":"dataconnect"},"message":"E1111 13:20:25.794717    6988 watch.go:31] Failed to load config from \"c:\\\\Users\\\\DevAI Studio\\\\Documents\\\\GitHub\\\\PayMerch\\\\dataconnect\": could not find dataconnect.yaml in `c:\\Users\\DevAI Studio\\Documents\\GitHub\\PayMerch\\dataconnect`\n"}}
[debug] [2025-11-11T11:20:35.794Z] E1111 13:20:35.794591    6988 watch.go:31] Failed to load config from "c:\\Users\\DevAI Studio\\Documents\\GitHub\\PayMerch\\dataconnect": could not find dataconnect.yaml in `c:\Users\DevAI Studio\Documents\GitHub\PayMerch\dataconnect`
 {"metadata":{"emulator":{"name":"dataconnect"},"message":"E1111 13:20:35.794591    6988 watch.go:31] Failed to load config from \"c:\\\\Users\\\\DevAI Studio\\\\Documents\\\\GitHub\\\\PayMerch\\\\dataconnect\": could not find dataconnect.yaml in `c:\\Users\\DevAI Studio\\Documents\\GitHub\\PayMerch\\dataconnect`\n"}}
[debug] [2025-11-11T11:20:45.795Z] E1111 13:20:45.794971    6988 watch.go:31] Failed to load config from "c:\\Users\\DevAI Studio\\Documents\\GitHub\\PayMerch\\dataconnect": could not find dataconnect.yaml in `c:\Users\DevAI Studio\Documents\GitHub\PayMerch\dataconnect`
 {"metadata":{"emulator":{"name":"dataconnect"},"message":"E1111 13:20:45.794971    6988 watch.go:31] Failed to load config from \"c:\\\\Users\\\\DevAI Studio\\\\Documents\\\\GitHub\\\\PayMerch\\\\dataconnect\": could not find dataconnect.yaml in `c:\\Users\\DevAI Studio\\Documents\\GitHub\\PayMerch\\dataconnect`\n"}}
[debug] [2025-11-11T11:20:55.795Z] E1111 13:20:55.794664    6988 watch.go:31] Failed to load config from "c:\\Users\\DevAI Studio\\Documents\\GitHub\\PayMerch\\dataconnect": could not find dataconnect.yaml in `c:\Users\DevAI Studio\Documents\GitHub\PayMerch\dataconnect`
 {"metadata":{"emulator":{"name":"dataconnect"},"message":"E1111 13:20:55.794664    6988 watch.go:31] Failed to load config from \"c:\\\\Users\\\\DevAI Studio\\\\Documents\\\\GitHub\\\\PayMerch\\\\dataconnect\": could not find dataconnect.yaml in `c:\\Users\\DevAI Studio\\Documents\\GitHub\\PayMerch\\dataconnect`\n"}}
[debug] [2025-11-11T11:21:05.795Z] E1111 13:21:05.794686    6988 watch.go:31] Failed to load config from "c:\\Users\\DevAI Studio\\Documents\\GitHub\\PayMerch\\dataconnect": could not find dataconnect.yaml in `c:\Users\DevAI Studio\Documents\GitHub\PayMerch\dataconnect`
 {"metadata":{"emulator":{"name":"dataconnect"},"message":"E1111 13:21:05.794686    6988 watch.go:31] Failed to load config from \"c:\\\\Users\\\\DevAI Studio\\\\Documents\\\\GitHub\\\\PayMerch\\\\dataconnect\": could not find dataconnect.yaml in `c:\\Users\\DevAI Studio\\Documents\\GitHub\\PayMerch\\dataconnect`\n"}}
[debug] [2025-11-11T11:21:15.795Z] E1111 13:21:15.795294    6988 watch.go:31] Failed to load config from "c:\\Users\\DevAI Studio\\Documents\\GitHub\\PayMerch\\dataconnect": could not find dataconnect.yaml in `c:\Users\DevAI Studio\Documents\GitHub\PayMerch\dataconnect`
E1111 13:21:15.795294    6988 watch.go:102] watchAllDir unable to walk dir `c:\Users\DevAI Studio\Documents\GitHub\PayMerch\dataconnect`: CreateFile c:\Users\DevAI Studio\Documents\GitHub\PayMerch\dataconnect: The system cannot find the file specified.
 {"metadata":{"emulator":{"name":"dataconnect"},"message":"E1111 13:21:15.795294    6988 watch.go:31] Failed to load config from \"c:\\\\Users\\\\DevAI Studio\\\\Documents\\\\GitHub\\\\PayMerch\\\\dataconnect\": could not find dataconnect.yaml in `c:\\Users\\DevAI Studio\\Documents\\GitHub\\PayMerch\\dataconnect`\nE1111 13:21:15.795294    6988 watch.go:102] watchAllDir unable to walk dir `c:\\Users\\DevAI Studio\\Documents\\GitHub\\PayMerch\\dataconnect`: CreateFile c:\\Users\\DevAI Studio\\Documents\\GitHub\\PayMerch\\dataconnect: The system cannot find the file specified.\n"}}
[debug] [2025-11-11T11:21:25.795Z] E1111 13:21:25.795073    6988 watch.go:31] Failed to load config from "c:\\Users\\DevAI Studio\\Documents\\GitHub\\PayMerch\\dataconnect": could not find dataconnect.yaml in `c:\Users\DevAI Studio\Documents\GitHub\PayMerch\dataconnect`
 {"metadata":{"emulator":{"name":"dataconnect"},"message":"E1111 13:21:25.795073    6988 watch.go:31] Failed to load config from \"c:\\\\Users\\\\DevAI Studio\\\\Documents\\\\GitHub\\\\PayMerch\\\\dataconnect\": could not find dataconnect.yaml in `c:\\Users\\DevAI Studio\\Documents\\GitHub\\PayMerch\\dataconnect`\n"}}
[debug] [2025-11-11T11:21:35.795Z] E1111 13:21:35.795035    6988 watch.go:31] Failed to load config from "c:\\Users\\DevAI Studio\\Documents\\GitHub\\PayMerch\\dataconnect": could not find dataconnect.yaml in `c:\Users\DevAI Studio\Documents\GitHub\PayMerch\dataconnect`
 {"metadata":{"emulator":{"name":"dataconnect"},"message":"E1111 13:21:35.795035    6988 watch.go:31] Failed to load config from \"c:\\\\Users\\\\DevAI Studio\\\\Documents\\\\GitHub\\\\PayMerch\\\\dataconnect\": could not find dataconnect.yaml in `c:\\Users\\DevAI Studio\\Documents\\GitHub\\PayMerch\\dataconnect`\n"}}
[debug] [2025-11-11T11:21:45.794Z] E1111 13:21:45.794489    6988 watch.go:31] Failed to load config from "c:\\Users\\DevAI Studio\\Documents\\GitHub\\PayMerch\\dataconnect": could not find dataconnect.yaml in `c:\Users\DevAI Studio\Documents\GitHub\PayMerch\dataconnect`
 {"metadata":{"emulator":{"name":"dataconnect"},"message":"E1111 13:21:45.794489    6988 watch.go:31] Failed to load config from \"c:\\\\Users\\\\DevAI Studio\\\\Documents\\\\GitHub\\\\PayMerch\\\\dataconnect\": could not find dataconnect.yaml in `c:\\Users\\DevAI Studio\\Documents\\GitHub\\PayMerch\\dataconnect`\n"}}
[debug] [2025-11-11T11:21:55.795Z] E1111 13:21:55.794983    6988 watch.go:31] Failed to load config from "c:\\Users\\DevAI Studio\\Documents\\GitHub\\PayMerch\\dataconnect": could not find dataconnect.yaml in `c:\Users\DevAI Studio\Documents\GitHub\PayMerch\dataconnect`
 {"metadata":{"emulator":{"name":"dataconnect"},"message":"E1111 13:21:55.794983    6988 watch.go:31] Failed to load config from \"c:\\\\Users\\\\DevAI Studio\\\\Documents\\\\GitHub\\\\PayMerch\\\\dataconnect\": could not find dataconnect.yaml in `c:\\Users\\DevAI Studio\\Documents\\GitHub\\PayMerch\\dataconnect`\n"}}
[debug] [2025-11-11T11:22:05.795Z] E1111 13:22:05.794577    6988 watch.go:31] Failed to load config from "c:\\Users\\DevAI Studio\\Documents\\GitHub\\PayMerch\\dataconnect": could not find dataconnect.yaml in `c:\Users\DevAI Studio\Documents\GitHub\PayMerch\dataconnect`
 {"metadata":{"emulator":{"name":"dataconnect"},"message":"E1111 13:22:05.794577    6988 watch.go:31] Failed to load config from \"c:\\\\Users\\\\DevAI Studio\\\\Documents\\\\GitHub\\\\PayMerch\\\\dataconnect\": could not find dataconnect.yaml in `c:\\Users\\DevAI Studio\\Documents\\GitHub\\PayMerch\\dataconnect`\n"}}
[debug] [2025-11-11T11:22:15.795Z] E1111 13:22:15.794690    6988 watch.go:31] Failed to load config from "c:\\Users\\DevAI Studio\\Documents\\GitHub\\PayMerch\\dataconnect": could not find dataconnect.yaml in `c:\Users\DevAI Studio\Documents\GitHub\PayMerch\dataconnect`
 {"metadata":{"emulator":{"name":"dataconnect"},"message":"E1111 13:22:15.794690    6988 watch.go:31] Failed to load config from \"c:\\\\Users\\\\DevAI Studio\\\\Documents\\\\GitHub\\\\PayMerch\\\\dataconnect\": could not find dataconnect.yaml in `c:\\Users\\DevAI Studio\\Documents\\GitHub\\PayMerch\\dataconnect`\n"}}
[debug] [2025-11-11T11:22:25.795Z] E1111 13:22:25.795067    6988 watch.go:31] Failed to load config from "c:\\Users\\DevAI Studio\\Documents\\GitHub\\PayMerch\\dataconnect": could not find dataconnect.yaml in `c:\Users\DevAI Studio\Documents\GitHub\PayMerch\dataconnect`
 {"metadata":{"emulator":{"name":"dataconnect"},"message":"E1111 13:22:25.795067    6988 watch.go:31] Failed to load config from \"c:\\\\Users\\\\DevAI Studio\\\\Documents\\\\GitHub\\\\PayMerch\\\\dataconnect\": could not find dataconnect.yaml in `c:\\Users\\DevAI Studio\\Documents\\GitHub\\PayMerch\\dataconnect`\n"}}
[debug] [2025-11-11T11:22:35.794Z] E1111 13:22:35.794372    6988 watch.go:31] Failed to load config from "c:\\Users\\DevAI Studio\\Documents\\GitHub\\PayMerch\\dataconnect": could not find dataconnect.yaml in `c:\Users\DevAI Studio\Documents\GitHub\PayMerch\dataconnect`
 {"metadata":{"emulator":{"name":"dataconnect"},"message":"E1111 13:22:35.794372    6988 watch.go:31] Failed to load config from \"c:\\\\Users\\\\DevAI Studio\\\\Documents\\\\GitHub\\\\PayMerch\\\\dataconnect\": could not find dataconnect.yaml in `c:\\Users\\DevAI Studio\\Documents\\GitHub\\PayMerch\\dataconnect`\n"}}
[debug] [2025-11-11T11:22:45.796Z] E1111 13:22:45.795650    6988 watch.go:31] Failed to load config from "c:\\Users\\DevAI Studio\\Documents\\GitHub\\PayMerch\\dataconnect": could not find dataconnect.yaml in `c:\Users\DevAI Studio\Documents\GitHub\PayMerch\dataconnect`
 {"metadata":{"emulator":{"name":"dataconnect"},"message":"E1111 13:22:45.795650    6988 watch.go:31] Failed to load config from \"c:\\\\Users\\\\DevAI Studio\\\\Documents\\\\GitHub\\\\PayMerch\\\\dataconnect\": could not find dataconnect.yaml in `c:\\Users\\DevAI Studio\\Documents\\GitHub\\PayMerch\\dataconnect`\n"}}
[debug] [2025-11-11T11:22:55.795Z] E1111 13:22:55.794973    6988 watch.go:31] Failed to load config from "c:\\Users\\DevAI Studio\\Documents\\GitHub\\PayMerch\\dataconnect": could not find dataconnect.yaml in `c:\Users\DevAI Studio\Documents\GitHub\PayMerch\dataconnect`
 {"metadata":{"emulator":{"name":"dataconnect"},"message":"E1111 13:22:55.794973    6988 watch.go:31] Failed to load config from \"c:\\\\Users\\\\DevAI Studio\\\\Documents\\\\GitHub\\\\PayMerch\\\\dataconnect\": could not find dataconnect.yaml in `c:\\Users\\DevAI Studio\\Documents\\GitHub\\PayMerch\\dataconnect`\n"}}
[debug] [2025-11-11T11:23:05.794Z] E1111 13:23:05.794072    6988 watch.go:31] Failed to load config from "c:\\Users\\DevAI Studio\\Documents\\GitHub\\PayMerch\\dataconnect": could not find dataconnect.yaml in `c:\Users\DevAI Studio\Documents\GitHub\PayMerch\dataconnect`
 {"metadata":{"emulator":{"name":"dataconnect"},"message":"E1111 13:23:05.794072    6988 watch.go:31] Failed to load config from \"c:\\\\Users\\\\DevAI Studio\\\\Documents\\\\GitHub\\\\PayMerch\\\\dataconnect\": could not find dataconnect.yaml in `c:\\Users\\DevAI Studio\\Documents\\GitHub\\PayMerch\\dataconnect`\n"}}
[debug] [2025-11-11T11:23:15.795Z] E1111 13:23:15.794677    6988 watch.go:31] Failed to load config from "c:\\Users\\DevAI Studio\\Documents\\GitHub\\PayMerch\\dataconnect": could not find dataconnect.yaml in `c:\Users\DevAI Studio\Documents\GitHub\PayMerch\dataconnect`
E1111 13:23:15.794677    6988 watch.go:102] watchAllDir unable to walk dir `c:\Users\DevAI Studio\Documents\GitHub\PayMerch\dataconnect`: CreateFile c:\Users\DevAI Studio\Documents\GitHub\PayMerch\dataconnect: The system cannot find the file specified.
 {"metadata":{"emulator":{"name":"dataconnect"},"message":"E1111 13:23:15.794677    6988 watch.go:31] Failed to load config from \"c:\\\\Users\\\\DevAI Studio\\\\Documents\\\\GitHub\\\\PayMerch\\\\dataconnect\": could not find dataconnect.yaml in `c:\\Users\\DevAI Studio\\Documents\\GitHub\\PayMerch\\dataconnect`\nE1111 13:23:15.794677    6988 watch.go:102] watchAllDir unable to walk dir `c:\\Users\\DevAI Studio\\Documents\\GitHub\\PayMerch\\dataconnect`: CreateFile c:\\Users\\DevAI Studio\\Documents\\GitHub\\PayMerch\\dataconnect: The system cannot find the file specified.\n"}}
[debug] [2025-11-11T11:23:25.795Z] E1111 13:23:25.795441    6988 watch.go:31] Failed to load config from "c:\\Users\\DevAI Studio\\Documents\\GitHub\\PayMerch\\dataconnect": could not find dataconnect.yaml in `c:\Users\DevAI Studio\Documents\GitHub\PayMerch\dataconnect`
 {"metadata":{"emulator":{"name":"dataconnect"},"message":"E1111 13:23:25.795441    6988 watch.go:31] Failed to load config from \"c:\\\\Users\\\\DevAI Studio\\\\Documents\\\\GitHub\\\\PayMerch\\\\dataconnect\": could not find dataconnect.yaml in `c:\\Users\\DevAI Studio\\Documents\\GitHub\\PayMerch\\dataconnect`\n"}}
[debug] [2025-11-11T11:23:35.795Z] E1111 13:23:35.794602    6988 watch.go:31] Failed to load config from "c:\\Users\\DevAI Studio\\Documents\\GitHub\\PayMerch\\dataconnect": could not find dataconnect.yaml in `c:\Users\DevAI Studio\Documents\GitHub\PayMerch\dataconnect`
 {"metadata":{"emulator":{"name":"dataconnect"},"message":"E1111 13:23:35.794602    6988 watch.go:31] Failed to load config from \"c:\\\\Users\\\\DevAI Studio\\\\Documents\\\\GitHub\\\\PayMerch\\\\dataconnect\": could not find dataconnect.yaml in `c:\\Users\\DevAI Studio\\Documents\\GitHub\\PayMerch\\dataconnect`\n"}}
[debug] [2025-11-11T11:23:45.795Z] E1111 13:23:45.794522    6988 watch.go:31] Failed to load config from "c:\\Users\\DevAI Studio\\Documents\\GitHub\\PayMerch\\dataconnect": could not find dataconnect.yaml in `c:\Users\DevAI Studio\Documents\GitHub\PayMerch\dataconnect`
 {"metadata":{"emulator":{"name":"dataconnect"},"message":"E1111 13:23:45.794522    6988 watch.go:31] Failed to load config from \"c:\\\\Users\\\\DevAI Studio\\\\Documents\\\\GitHub\\\\PayMerch\\\\dataconnect\": could not find dataconnect.yaml in `c:\\Users\\DevAI Studio\\Documents\\GitHub\\PayMerch\\dataconnect`\n"}}
[debug] [2025-11-11T11:23:55.795Z] E1111 13:23:55.794421    6988 watch.go:31] Failed to load config from "c:\\Users\\DevAI Studio\\Documents\\GitHub\\PayMerch\\dataconnect": could not find dataconnect.yaml in `c:\Users\DevAI Studio\Documents\GitHub\PayMerch\dataconnect`
 {"metadata":{"emulator":{"name":"dataconnect"},"message":"E1111 13:23:55.794421    6988 watch.go:31] Failed to load config from \"c:\\\\Users\\\\DevAI Studio\\\\Documents\\\\GitHub\\\\PayMerch\\\\dataconnect\": could not find dataconnect.yaml in `c:\\Users\\DevAI Studio\\Documents\\GitHub\\PayMerch\\dataconnect`\n"}}
[debug] [2025-11-11T11:24:05.796Z] E1111 13:24:05.795615    6988 watch.go:31] Failed to load config from "c:\\Users\\DevAI Studio\\Documents\\GitHub\\PayMerch\\dataconnect": could not find dataconnect.yaml in `c:\Users\DevAI Studio\Documents\GitHub\PayMerch\dataconnect`
 {"metadata":{"emulator":{"name":"dataconnect"},"message":"E1111 13:24:05.795615    6988 watch.go:31] Failed to load config from \"c:\\\\Users\\\\DevAI Studio\\\\Documents\\\\GitHub\\\\PayMerch\\\\dataconnect\": could not find dataconnect.yaml in `c:\\Users\\DevAI Studio\\Documents\\GitHub\\PayMerch\\dataconnect`\n"}}
[debug] [2025-11-11T11:24:15.794Z] E1111 13:24:15.794526    6988 watch.go:31] Failed to load config from "c:\\Users\\DevAI Studio\\Documents\\GitHub\\PayMerch\\dataconnect": could not find dataconnect.yaml in `c:\Users\DevAI Studio\Documents\GitHub\PayMerch\dataconnect`
 {"metadata":{"emulator":{"name":"dataconnect"},"message":"E1111 13:24:15.794526    6988 watch.go:31] Failed to load config from \"c:\\\\Users\\\\DevAI Studio\\\\Documents\\\\GitHub\\\\PayMerch\\\\dataconnect\": could not find dataconnect.yaml in `c:\\Users\\DevAI Studio\\Documents\\GitHub\\PayMerch\\dataconnect`\n"}}
[debug] [2025-11-11T11:24:25.795Z] E1111 13:24:25.794491    6988 watch.go:31] Failed to load config from "c:\\Users\\DevAI Studio\\Documents\\GitHub\\PayMerch\\dataconnect": could not find dataconnect.yaml in `c:\Users\DevAI Studio\Documents\GitHub\PayMerch\dataconnect`
 {"metadata":{"emulator":{"name":"dataconnect"},"message":"E1111 13:24:25.794491    6988 watch.go:31] Failed to load config from \"c:\\\\Users\\\\DevAI Studio\\\\Documents\\\\GitHub\\\\PayMerch\\\\dataconnect\": could not find dataconnect.yaml in `c:\\Users\\DevAI Studio\\Documents\\GitHub\\PayMerch\\dataconnect`\n"}}
[debug] [2025-11-11T11:24:35.795Z] E1111 13:24:35.794498    6988 watch.go:31] Failed to load config from "c:\\Users\\DevAI Studio\\Documents\\GitHub\\PayMerch\\dataconnect": could not find dataconnect.yaml in `c:\Users\DevAI Studio\Documents\GitHub\PayMerch\dataconnect`
 {"metadata":{"emulator":{"name":"dataconnect"},"message":"E1111 13:24:35.794498    6988 watch.go:31] Failed to load config from \"c:\\\\Users\\\\DevAI Studio\\\\Documents\\\\GitHub\\\\PayMerch\\\\dataconnect\": could not find dataconnect.yaml in `c:\\Users\\DevAI Studio\\Documents\\GitHub\\PayMerch\\dataconnect`\n"}}
[debug] [2025-11-11T11:24:45.795Z] E1111 13:24:45.794775    6988 watch.go:31] Failed to load config from "c:\\Users\\DevAI Studio\\Documents\\GitHub\\PayMerch\\dataconnect": could not find dataconnect.yaml in `c:\Users\DevAI Studio\Documents\GitHub\PayMerch\dataconnect`
 {"metadata":{"emulator":{"name":"dataconnect"},"message":"E1111 13:24:45.794775    6988 watch.go:31] Failed to load config from \"c:\\\\Users\\\\DevAI Studio\\\\Documents\\\\GitHub\\\\PayMerch\\\\dataconnect\": could not find dataconnect.yaml in `c:\\Users\\DevAI Studio\\Documents\\GitHub\\PayMerch\\dataconnect`\n"}}
[debug] [2025-11-11T11:24:55.795Z] E1111 13:24:55.794691    6988 watch.go:31] Failed to load config from "c:\\Users\\DevAI Studio\\Documents\\GitHub\\PayMerch\\dataconnect": could not find dataconnect.yaml in `c:\Users\DevAI Studio\Documents\GitHub\PayMerch\dataconnect`
 {"metadata":{"emulator":{"name":"dataconnect"},"message":"E1111 13:24:55.794691    6988 watch.go:31] Failed to load config from \"c:\\\\Users\\\\DevAI Studio\\\\Documents\\\\GitHub\\\\PayMerch\\\\dataconnect\": could not find dataconnect.yaml in `c:\\Users\\DevAI Studio\\Documents\\GitHub\\PayMerch\\dataconnect`\n"}}
[debug] [2025-11-11T11:25:05.795Z] E1111 13:25:05.794921    6988 watch.go:31] Failed to load config from "c:\\Users\\DevAI Studio\\Documents\\GitHub\\PayMerch\\dataconnect": could not find dataconnect.yaml in `c:\Users\DevAI Studio\Documents\GitHub\PayMerch\dataconnect`
 {"metadata":{"emulator":{"name":"dataconnect"},"message":"E1111 13:25:05.794921    6988 watch.go:31] Failed to load config from \"c:\\\\Users\\\\DevAI Studio\\\\Documents\\\\GitHub\\\\PayMerch\\\\dataconnect\": could not find dataconnect.yaml in `c:\\Users\\DevAI Studio\\Documents\\GitHub\\PayMerch\\dataconnect`\n"}}
[debug] [2025-11-11T11:28:41.120Z] E1111 13:28:41.012721    6988 watch.go:31] Failed to load config from "c:\\Users\\DevAI Studio\\Documents\\GitHub\\PayMerch\\dataconnect": could not find dataconnect.yaml in `c:\Users\DevAI Studio\Documents\GitHub\PayMerch\dataconnect`
E1111 13:28:41.012721    6988 watch.go:102] watchAllDir unable to walk dir `c:\Users\DevAI Studio\Documents\GitHub\PayMerch\dataconnect`: CreateFile c:\Users\DevAI Studio\Documents\GitHub\PayMerch\dataconnect: The system cannot find the file specified.
 {"metadata":{"emulator":{"name":"dataconnect"},"message":"E1111 13:28:41.012721    6988 watch.go:31] Failed to load config from \"c:\\\\Users\\\\DevAI Studio\\\\Documents\\\\GitHub\\\\PayMerch\\\\dataconnect\": could not find dataconnect.yaml in `c:\\Users\\DevAI Studio\\Documents\\GitHub\\PayMerch\\dataconnect`\nE1111 13:28:41.012721    6988 watch.go:102] watchAllDir unable to walk dir `c:\\Users\\DevAI Studio\\Documents\\GitHub\\PayMerch\\dataconnect`: CreateFile c:\\Users\\DevAI Studio\\Documents\\GitHub\\PayMerch\\dataconnect: The system cannot find the file specified.\n"}}
[debug] [2025-11-11T11:28:45.797Z] E1111 13:28:45.797637    6988 watch.go:31] Failed to load config from "c:\\Users\\DevAI Studio\\Documents\\GitHub\\PayMerch\\dataconnect": could not find dataconnect.yaml in `c:\Users\DevAI Studio\Documents\GitHub\PayMerch\dataconnect`
 {"metadata":{"emulator":{"name":"dataconnect"},"message":"E1111 13:28:45.797637    6988 watch.go:31] Failed to load config from \"c:\\\\Users\\\\DevAI Studio\\\\Documents\\\\GitHub\\\\PayMerch\\\\dataconnect\": could not find dataconnect.yaml in `c:\\Users\\DevAI Studio\\Documents\\GitHub\\PayMerch\\dataconnect`\n"}}
[debug] [2025-11-11T11:28:55.795Z] E1111 13:28:55.794373    6988 watch.go:31] Failed to load config from "c:\\Users\\DevAI Studio\\Documents\\GitHub\\PayMerch\\dataconnect": could not find dataconnect.yaml in `c:\Users\DevAI Studio\Documents\GitHub\PayMerch\dataconnect`
 {"metadata":{"emulator":{"name":"dataconnect"},"message":"E1111 13:28:55.794373    6988 watch.go:31] Failed to load config from \"c:\\\\Users\\\\DevAI Studio\\\\Documents\\\\GitHub\\\\PayMerch\\\\dataconnect\": could not find dataconnect.yaml in `c:\\Users\\DevAI Studio\\Documents\\GitHub\\PayMerch\\dataconnect`\n"}}
[debug] [2025-11-11T11:29:05.795Z] E1111 13:29:05.794393    6988 watch.go:31] Failed to load config from "c:\\Users\\DevAI Studio\\Documents\\GitHub\\PayMerch\\dataconnect": could not find dataconnect.yaml in `c:\Users\DevAI Studio\Documents\GitHub\PayMerch\dataconnect`
 {"metadata":{"emulator":{"name":"dataconnect"},"message":"E1111 13:29:05.794393    6988 watch.go:31] Failed to load config from \"c:\\\\Users\\\\DevAI Studio\\\\Documents\\\\GitHub\\\\PayMerch\\\\dataconnect\": could not find dataconnect.yaml in `c:\\Users\\DevAI Studio\\Documents\\GitHub\\PayMerch\\dataconnect`\n"}}
[debug] [2025-11-11T11:29:15.794Z] E1111 13:29:15.794347    6988 watch.go:31] Failed to load config from "c:\\Users\\DevAI Studio\\Documents\\GitHub\\PayMerch\\dataconnect": could not find dataconnect.yaml in `c:\Users\DevAI Studio\Documents\GitHub\PayMerch\dataconnect`
E1111 13:29:15.794347    6988 watch.go:102] watchAllDir unable to walk dir `c:\Users\DevAI Studio\Documents\GitHub\PayMerch\dataconnect`: CreateFile c:\Users\DevAI Studio\Documents\GitHub\PayMerch\dataconnect: The system cannot find the file specified.
 {"metadata":{"emulator":{"name":"dataconnect"},"message":"E1111 13:29:15.794347    6988 watch.go:31] Failed to load config from \"c:\\\\Users\\\\DevAI Studio\\\\Documents\\\\GitHub\\\\PayMerch\\\\dataconnect\": could not find dataconnect.yaml in `c:\\Users\\DevAI Studio\\Documents\\GitHub\\PayMerch\\dataconnect`\nE1111 13:29:15.794347    6988 watch.go:102] watchAllDir unable to walk dir `c:\\Users\\DevAI Studio\\Documents\\GitHub\\PayMerch\\dataconnect`: CreateFile c:\\Users\\DevAI Studio\\Documents\\GitHub\\PayMerch\\dataconnect: The system cannot find the file specified.\n"}}
[debug] [2025-11-11T11:29:26.763Z] E1111 13:29:25.794399    6988 watch.go:31] Failed to load config from "c:\\Users\\DevAI Studio\\Documents\\GitHub\\PayMerch\\dataconnect": could not find dataconnect.yaml in `c:\Users\DevAI Studio\Documents\GitHub\PayMerch\dataconnect`
 {"metadata":{"emulator":{"name":"dataconnect"},"message":"E1111 13:29:25.794399    6988 watch.go:31] Failed to load config from \"c:\\\\Users\\\\DevAI Studio\\\\Documents\\\\GitHub\\\\PayMerch\\\\dataconnect\": could not find dataconnect.yaml in `c:\\Users\\DevAI Studio\\Documents\\GitHub\\PayMerch\\dataconnect`\n"}}
[debug] [2025-11-11T11:29:35.795Z] E1111 13:29:35.795286    6988 watch.go:31] Failed to load config from "c:\\Users\\DevAI Studio\\Documents\\GitHub\\PayMerch\\dataconnect": could not find dataconnect.yaml in `c:\Users\DevAI Studio\Documents\GitHub\PayMerch\dataconnect`
 {"metadata":{"emulator":{"name":"dataconnect"},"message":"E1111 13:29:35.795286    6988 watch.go:31] Failed to load config from \"c:\\\\Users\\\\DevAI Studio\\\\Documents\\\\GitHub\\\\PayMerch\\\\dataconnect\": could not find dataconnect.yaml in `c:\\Users\\DevAI Studio\\Documents\\GitHub\\PayMerch\\dataconnect`\n"}}
[debug] [2025-11-11T11:29:45.795Z] E1111 13:29:45.794928    6988 watch.go:31] Failed to load config from "c:\\Users\\DevAI Studio\\Documents\\GitHub\\PayMerch\\dataconnect": could not find dataconnect.yaml in `c:\Users\DevAI Studio\Documents\GitHub\PayMerch\dataconnect`
 {"metadata":{"emulator":{"name":"dataconnect"},"message":"E1111 13:29:45.794928    6988 watch.go:31] Failed to load config from \"c:\\\\Users\\\\DevAI Studio\\\\Documents\\\\GitHub\\\\PayMerch\\\\dataconnect\": could not find dataconnect.yaml in `c:\\Users\\DevAI Studio\\Documents\\GitHub\\PayMerch\\dataconnect`\n"}}
[debug] [2025-11-11T11:29:55.794Z] E1111 13:29:55.794321    6988 watch.go:31] Failed to load config from "c:\\Users\\DevAI Studio\\Documents\\GitHub\\PayMerch\\dataconnect": could not find dataconnect.yaml in `c:\Users\DevAI Studio\Documents\GitHub\PayMerch\dataconnect`
 {"metadata":{"emulator":{"name":"dataconnect"},"message":"E1111 13:29:55.794321    6988 watch.go:31] Failed to load config from \"c:\\\\Users\\\\DevAI Studio\\\\Documents\\\\GitHub\\\\PayMerch\\\\dataconnect\": could not find dataconnect.yaml in `c:\\Users\\DevAI Studio\\Documents\\GitHub\\PayMerch\\dataconnect`\n"}}
[debug] [2025-11-11T11:30:05.795Z] E1111 13:30:05.794580    6988 watch.go:31] Failed to load config from "c:\\Users\\DevAI Studio\\Documents\\GitHub\\PayMerch\\dataconnect": could not find dataconnect.yaml in `c:\Users\DevAI Studio\Documents\GitHub\PayMerch\dataconnect`
 {"metadata":{"emulator":{"name":"dataconnect"},"message":"E1111 13:30:05.794580    6988 watch.go:31] Failed to load config from \"c:\\\\Users\\\\DevAI Studio\\\\Documents\\\\GitHub\\\\PayMerch\\\\dataconnect\": could not find dataconnect.yaml in `c:\\Users\\DevAI Studio\\Documents\\GitHub\\PayMerch\\dataconnect`\n"}}
[debug] [2025-11-11T11:30:15.794Z] E1111 13:30:15.794339    6988 watch.go:31] Failed to load config from "c:\\Users\\DevAI Studio\\Documents\\GitHub\\PayMerch\\dataconnect": could not find dataconnect.yaml in `c:\Users\DevAI Studio\Documents\GitHub\PayMerch\dataconnect`
 {"metadata":{"emulator":{"name":"dataconnect"},"message":"E1111 13:30:15.794339    6988 watch.go:31] Failed to load config from \"c:\\\\Users\\\\DevAI Studio\\\\Documents\\\\GitHub\\\\PayMerch\\\\dataconnect\": could not find dataconnect.yaml in `c:\\Users\\DevAI Studio\\Documents\\GitHub\\PayMerch\\dataconnect`\n"}}
[debug] [2025-11-11T11:30:25.795Z] E1111 13:30:25.794790    6988 watch.go:31] Failed to load config from "c:\\Users\\DevAI Studio\\Documents\\GitHub\\PayMerch\\dataconnect": could not find dataconnect.yaml in `c:\Users\DevAI Studio\Documents\GitHub\PayMerch\dataconnect`
 {"metadata":{"emulator":{"name":"dataconnect"},"message":"E1111 13:30:25.794790    6988 watch.go:31] Failed to load config from \"c:\\\\Users\\\\DevAI Studio\\\\Documents\\\\GitHub\\\\PayMerch\\\\dataconnect\": could not find dataconnect.yaml in `c:\\Users\\DevAI Studio\\Documents\\GitHub\\PayMerch\\dataconnect`\n"}}
[debug] [2025-11-11T11:30:35.805Z] E1111 13:30:35.805139    6988 watch.go:31] Failed to load config from "c:\\Users\\DevAI Studio\\Documents\\GitHub\\PayMerch\\dataconnect": could not find dataconnect.yaml in `c:\Users\DevAI Studio\Documents\GitHub\PayMerch\dataconnect`
 {"metadata":{"emulator":{"name":"dataconnect"},"message":"E1111 13:30:35.805139    6988 watch.go:31] Failed to load config from \"c:\\\\Users\\\\DevAI Studio\\\\Documents\\\\GitHub\\\\PayMerch\\\\dataconnect\": could not find dataconnect.yaml in `c:\\Users\\DevAI Studio\\Documents\\GitHub\\PayMerch\\dataconnect`\n"}}
[debug] [2025-11-11T11:30:45.794Z] E1111 13:30:45.793861    6988 watch.go:31] Failed to load config from "c:\\Users\\DevAI Studio\\Documents\\GitHub\\PayMerch\\dataconnect": could not find dataconnect.yaml in `c:\Users\DevAI Studio\Documents\GitHub\PayMerch\dataconnect`
 {"metadata":{"emulator":{"name":"dataconnect"},"message":"E1111 13:30:45.793861    6988 watch.go:31] Failed to load config from \"c:\\\\Users\\\\DevAI Studio\\\\Documents\\\\GitHub\\\\PayMerch\\\\dataconnect\": could not find dataconnect.yaml in `c:\\Users\\DevAI Studio\\Documents\\GitHub\\PayMerch\\dataconnect`\n"}}
[debug] [2025-11-11T11:30:55.794Z] E1111 13:30:55.794248    6988 watch.go:31] Failed to load config from "c:\\Users\\DevAI Studio\\Documents\\GitHub\\PayMerch\\dataconnect": could not find dataconnect.yaml in `c:\Users\DevAI Studio\Documents\GitHub\PayMerch\dataconnect`
 {"metadata":{"emulator":{"name":"dataconnect"},"message":"E1111 13:30:55.794248    6988 watch.go:31] Failed to load config from \"c:\\\\Users\\\\DevAI Studio\\\\Documents\\\\GitHub\\\\PayMerch\\\\dataconnect\": could not find dataconnect.yaml in `c:\\Users\\DevAI Studio\\Documents\\GitHub\\PayMerch\\dataconnect`\n"}}
[debug] [2025-11-11T11:31:05.795Z] E1111 13:31:05.795342    6988 watch.go:31] Failed to load config from "c:\\Users\\DevAI Studio\\Documents\\GitHub\\PayMerch\\dataconnect": could not find dataconnect.yaml in `c:\Users\DevAI Studio\Documents\GitHub\PayMerch\dataconnect`
 {"metadata":{"emulator":{"name":"dataconnect"},"message":"E1111 13:31:05.795342    6988 watch.go:31] Failed to load config from \"c:\\\\Users\\\\DevAI Studio\\\\Documents\\\\GitHub\\\\PayMerch\\\\dataconnect\": could not find dataconnect.yaml in `c:\\Users\\DevAI Studio\\Documents\\GitHub\\PayMerch\\dataconnect`\n"}}
[debug] [2025-11-11T11:31:16.101Z] E1111 13:31:15.794380    6988 watch.go:31] Failed to load config from "c:\\Users\\DevAI Studio\\Documents\\GitHub\\PayMerch\\dataconnect": could not find dataconnect.yaml in `c:\Users\DevAI Studio\Documents\GitHub\PayMerch\dataconnect`
E1111 13:31:15.794380    6988 watch.go:102] watchAllDir unable to walk dir `c:\Users\DevAI Studio\Documents\GitHub\PayMerch\dataconnect`: CreateFile c:\Users\DevAI Studio\Documents\GitHub\PayMerch\dataconnect: The system cannot find the file specified.
 {"metadata":{"emulator":{"name":"dataconnect"},"message":"E1111 13:31:15.794380    6988 watch.go:31] Failed to load config from \"c:\\\\Users\\\\DevAI Studio\\\\Documents\\\\GitHub\\\\PayMerch\\\\dataconnect\": could not find dataconnect.yaml in `c:\\Users\\DevAI Studio\\Documents\\GitHub\\PayMerch\\dataconnect`\nE1111 13:31:15.794380    6988 watch.go:102] watchAllDir unable to walk dir `c:\\Users\\DevAI Studio\\Documents\\GitHub\\PayMerch\\dataconnect`: CreateFile c:\\Users\\DevAI Studio\\Documents\\GitHub\\PayMerch\\dataconnect: The system cannot find the file specified.\n"}}
[debug] [2025-11-11T11:31:25.795Z] E1111 13:31:25.794785    6988 watch.go:31] Failed to load config from "c:\\Users\\DevAI Studio\\Documents\\GitHub\\PayMerch\\dataconnect": could not find dataconnect.yaml in `c:\Users\DevAI Studio\Documents\GitHub\PayMerch\dataconnect`
 {"metadata":{"emulator":{"name":"dataconnect"},"message":"E1111 13:31:25.794785    6988 watch.go:31] Failed to load config from \"c:\\\\Users\\\\DevAI Studio\\\\Documents\\\\GitHub\\\\PayMerch\\\\dataconnect\": could not find dataconnect.yaml in `c:\\Users\\DevAI Studio\\Documents\\GitHub\\PayMerch\\dataconnect`\n"}}
[debug] [2025-11-11T11:31:35.795Z] E1111 13:31:35.794649    6988 watch.go:31] Failed to load config from "c:\\Users\\DevAI Studio\\Documents\\GitHub\\PayMerch\\dataconnect": could not find dataconnect.yaml in `c:\Users\DevAI Studio\Documents\GitHub\PayMerch\dataconnect`
 {"metadata":{"emulator":{"name":"dataconnect"},"message":"E1111 13:31:35.794649    6988 watch.go:31] Failed to load config from \"c:\\\\Users\\\\DevAI Studio\\\\Documents\\\\GitHub\\\\PayMerch\\\\dataconnect\": could not find dataconnect.yaml in `c:\\Users\\DevAI Studio\\Documents\\GitHub\\PayMerch\\dataconnect`\n"}}
[debug] [2025-11-11T11:31:45.791Z] E1111 13:31:45.794607    6988 watch.go:31] Failed to load config from "c:\\Users\\DevAI Studio\\Documents\\GitHub\\PayMerch\\dataconnect": could not find dataconnect.yaml in `c:\Users\DevAI Studio\Documents\GitHub\PayMerch\dataconnect`
 {"metadata":{"emulator":{"name":"dataconnect"},"message":"E1111 13:31:45.794607    6988 watch.go:31] Failed to load config from \"c:\\\\Users\\\\DevAI Studio\\\\Documents\\\\GitHub\\\\PayMerch\\\\dataconnect\": could not find dataconnect.yaml in `c:\\Users\\DevAI Studio\\Documents\\GitHub\\PayMerch\\dataconnect`\n"}}
[debug] [2025-11-11T11:31:55.791Z] E1111 13:31:55.794564    6988 watch.go:31] Failed to load config from "c:\\Users\\DevAI Studio\\Documents\\GitHub\\PayMerch\\dataconnect": could not find dataconnect.yaml in `c:\Users\DevAI Studio\Documents\GitHub\PayMerch\dataconnect`
 {"metadata":{"emulator":{"name":"dataconnect"},"message":"E1111 13:31:55.794564    6988 watch.go:31] Failed to load config from \"c:\\\\Users\\\\DevAI Studio\\\\Documents\\\\GitHub\\\\PayMerch\\\\dataconnect\": could not find dataconnect.yaml in `c:\\Users\\DevAI Studio\\Documents\\GitHub\\PayMerch\\dataconnect`\n"}}
[debug] [2025-11-11T11:32:05.791Z] E1111 13:32:05.794201    6988 watch.go:31] Failed to load config from "c:\\Users\\DevAI Studio\\Documents\\GitHub\\PayMerch\\dataconnect": could not find dataconnect.yaml in `c:\Users\DevAI Studio\Documents\GitHub\PayMerch\dataconnect`
 {"metadata":{"emulator":{"name":"dataconnect"},"message":"E1111 13:32:05.794201    6988 watch.go:31] Failed to load config from \"c:\\\\Users\\\\DevAI Studio\\\\Documents\\\\GitHub\\\\PayMerch\\\\dataconnect\": could not find dataconnect.yaml in `c:\\Users\\DevAI Studio\\Documents\\GitHub\\PayMerch\\dataconnect`\n"}}
[debug] [2025-11-11T11:32:16.972Z] E1111 13:32:15.794256    6988 watch.go:31] Failed to load config from "c:\\Users\\DevAI Studio\\Documents\\GitHub\\PayMerch\\dataconnect": could not find dataconnect.yaml in `c:\Users\DevAI Studio\Documents\GitHub\PayMerch\dataconnect`
 {"metadata":{"emulator":{"name":"dataconnect"},"message":"E1111 13:32:15.794256    6988 watch.go:31] Failed to load config from \"c:\\\\Users\\\\DevAI Studio\\\\Documents\\\\GitHub\\\\PayMerch\\\\dataconnect\": could not find dataconnect.yaml in `c:\\Users\\DevAI Studio\\Documents\\GitHub\\PayMerch\\dataconnect`\n"}}
[debug] [2025-11-11T11:32:25.792Z] E1111 13:32:25.794799    6988 watch.go:31] Failed to load config from "c:\\Users\\DevAI Studio\\Documents\\GitHub\\PayMerch\\dataconnect": could not find dataconnect.yaml in `c:\Users\DevAI Studio\Documents\GitHub\PayMerch\dataconnect`
 {"metadata":{"emulator":{"name":"dataconnect"},"message":"E1111 13:32:25.794799    6988 watch.go:31] Failed to load config from \"c:\\\\Users\\\\DevAI Studio\\\\Documents\\\\GitHub\\\\PayMerch\\\\dataconnect\": could not find dataconnect.yaml in `c:\\Users\\DevAI Studio\\Documents\\GitHub\\PayMerch\\dataconnect`\n"}}
[debug] [2025-11-11T11:32:36.864Z] E1111 13:32:35.794211    6988 watch.go:31] Failed to load config from "c:\\Users\\DevAI Studio\\Documents\\GitHub\\PayMerch\\dataconnect": could not find dataconnect.yaml in `c:\Users\DevAI Studio\Documents\GitHub\PayMerch\dataconnect`
 {"metadata":{"emulator":{"name":"dataconnect"},"message":"E1111 13:32:35.794211    6988 watch.go:31] Failed to load config from \"c:\\\\Users\\\\DevAI Studio\\\\Documents\\\\GitHub\\\\PayMerch\\\\dataconnect\": could not find dataconnect.yaml in `c:\\Users\\DevAI Studio\\Documents\\GitHub\\PayMerch\\dataconnect`\n"}}
[debug] [2025-11-11T11:32:45.796Z] E1111 13:32:45.796345    6988 watch.go:31] Failed to load config from "c:\\Users\\DevAI Studio\\Documents\\GitHub\\PayMerch\\dataconnect": could not find dataconnect.yaml in `c:\Users\DevAI Studio\Documents\GitHub\PayMerch\dataconnect`
 {"metadata":{"emulator":{"name":"dataconnect"},"message":"E1111 13:32:45.796345    6988 watch.go:31] Failed to load config from \"c:\\\\Users\\\\DevAI Studio\\\\Documents\\\\GitHub\\\\PayMerch\\\\dataconnect\": could not find dataconnect.yaml in `c:\\Users\\DevAI Studio\\Documents\\GitHub\\PayMerch\\dataconnect`\n"}}
[debug] [2025-11-11T11:32:55.795Z] E1111 13:32:55.794906    6988 watch.go:31] Failed to load config from "c:\\Users\\DevAI Studio\\Documents\\GitHub\\PayMerch\\dataconnect": could not find dataconnect.yaml in `c:\Users\DevAI Studio\Documents\GitHub\PayMerch\dataconnect`
 {"metadata":{"emulator":{"name":"dataconnect"},"message":"E1111 13:32:55.794906    6988 watch.go:31] Failed to load config from \"c:\\\\Users\\\\DevAI Studio\\\\Documents\\\\GitHub\\\\PayMerch\\\\dataconnect\": could not find dataconnect.yaml in `c:\\Users\\DevAI Studio\\Documents\\GitHub\\PayMerch\\dataconnect`\n"}}
[debug] [2025-11-11T11:33:05.795Z] E1111 13:33:05.794741    6988 watch.go:31] Failed to load config from "c:\\Users\\DevAI Studio\\Documents\\GitHub\\PayMerch\\dataconnect": could not find dataconnect.yaml in `c:\Users\DevAI Studio\Documents\GitHub\PayMerch\dataconnect`
 {"metadata":{"emulator":{"name":"dataconnect"},"message":"E1111 13:33:05.794741    6988 watch.go:31] Failed to load config from \"c:\\\\Users\\\\DevAI Studio\\\\Documents\\\\GitHub\\\\PayMerch\\\\dataconnect\": could not find dataconnect.yaml in `c:\\Users\\DevAI Studio\\Documents\\GitHub\\PayMerch\\dataconnect`\n"}}
[debug] [2025-11-11T11:33:15.795Z] E1111 13:33:15.794945    6988 watch.go:31] Failed to load config from "c:\\Users\\DevAI Studio\\Documents\\GitHub\\PayMerch\\dataconnect": could not find dataconnect.yaml in `c:\Users\DevAI Studio\Documents\GitHub\PayMerch\dataconnect`
E1111 13:33:15.795461    6988 watch.go:102] watchAllDir unable to walk dir `c:\Users\DevAI Studio\Documents\GitHub\PayMerch\dataconnect`: CreateFile c:\Users\DevAI Studio\Documents\GitHub\PayMerch\dataconnect: The system cannot find the file specified.
 {"metadata":{"emulator":{"name":"dataconnect"},"message":"E1111 13:33:15.794945    6988 watch.go:31] Failed to load config from \"c:\\\\Users\\\\DevAI Studio\\\\Documents\\\\GitHub\\\\PayMerch\\\\dataconnect\": could not find dataconnect.yaml in `c:\\Users\\DevAI Studio\\Documents\\GitHub\\PayMerch\\dataconnect`\nE1111 13:33:15.795461    6988 watch.go:102] watchAllDir unable to walk dir `c:\\Users\\DevAI Studio\\Documents\\GitHub\\PayMerch\\dataconnect`: CreateFile c:\\Users\\DevAI Studio\\Documents\\GitHub\\PayMerch\\dataconnect: The system cannot find the file specified.\n"}}
[debug] [2025-11-11T11:33:25.794Z] E1111 13:33:25.794709    6988 watch.go:31] Failed to load config from "c:\\Users\\DevAI Studio\\Documents\\GitHub\\PayMerch\\dataconnect": could not find dataconnect.yaml in `c:\Users\DevAI Studio\Documents\GitHub\PayMerch\dataconnect`
 {"metadata":{"emulator":{"name":"dataconnect"},"message":"E1111 13:33:25.794709    6988 watch.go:31] Failed to load config from \"c:\\\\Users\\\\DevAI Studio\\\\Documents\\\\GitHub\\\\PayMerch\\\\dataconnect\": could not find dataconnect.yaml in `c:\\Users\\DevAI Studio\\Documents\\GitHub\\PayMerch\\dataconnect`\n"}}
[debug] [2025-11-11T11:33:35.795Z] E1111 13:33:35.795199    6988 watch.go:31] Failed to load config from "c:\\Users\\DevAI Studio\\Documents\\GitHub\\PayMerch\\dataconnect": could not find dataconnect.yaml in `c:\Users\DevAI Studio\Documents\GitHub\PayMerch\dataconnect`
 {"metadata":{"emulator":{"name":"dataconnect"},"message":"E1111 13:33:35.795199    6988 watch.go:31] Failed to load config from \"c:\\\\Users\\\\DevAI Studio\\\\Documents\\\\GitHub\\\\PayMerch\\\\dataconnect\": could not find dataconnect.yaml in `c:\\Users\\DevAI Studio\\Documents\\GitHub\\PayMerch\\dataconnect`\n"}}
[debug] [2025-11-11T11:33:45.795Z] E1111 13:33:45.795425    6988 watch.go:31] Failed to load config from "c:\\Users\\DevAI Studio\\Documents\\GitHub\\PayMerch\\dataconnect": could not find dataconnect.yaml in `c:\Users\DevAI Studio\Documents\GitHub\PayMerch\dataconnect`
 {"metadata":{"emulator":{"name":"dataconnect"},"message":"E1111 13:33:45.795425    6988 watch.go:31] Failed to load config from \"c:\\\\Users\\\\DevAI Studio\\\\Documents\\\\GitHub\\\\PayMerch\\\\dataconnect\": could not find dataconnect.yaml in `c:\\Users\\DevAI Studio\\Documents\\GitHub\\PayMerch\\dataconnect`\n"}}
[debug] [2025-11-11T11:33:55.794Z] E1111 13:33:55.794648    6988 watch.go:31] Failed to load config from "c:\\Users\\DevAI Studio\\Documents\\GitHub\\PayMerch\\dataconnect": could not find dataconnect.yaml in `c:\Users\DevAI Studio\Documents\GitHub\PayMerch\dataconnect`
 {"metadata":{"emulator":{"name":"dataconnect"},"message":"E1111 13:33:55.794648    6988 watch.go:31] Failed to load config from \"c:\\\\Users\\\\DevAI Studio\\\\Documents\\\\GitHub\\\\PayMerch\\\\dataconnect\": could not find dataconnect.yaml in `c:\\Users\\DevAI Studio\\Documents\\GitHub\\PayMerch\\dataconnect`\n"}}
[debug] [2025-11-11T11:34:05.794Z] E1111 13:34:05.794276    6988 watch.go:31] Failed to load config from "c:\\Users\\DevAI Studio\\Documents\\GitHub\\PayMerch\\dataconnect": could not find dataconnect.yaml in `c:\Users\DevAI Studio\Documents\GitHub\PayMerch\dataconnect`
 {"metadata":{"emulator":{"name":"dataconnect"},"message":"E1111 13:34:05.794276    6988 watch.go:31] Failed to load config from \"c:\\\\Users\\\\DevAI Studio\\\\Documents\\\\GitHub\\\\PayMerch\\\\dataconnect\": could not find dataconnect.yaml in `c:\\Users\\DevAI Studio\\Documents\\GitHub\\PayMerch\\dataconnect`\n"}}
[debug] [2025-11-11T11:34:15.794Z] E1111 13:34:15.794435    6988 watch.go:31] Failed to load config from "c:\\Users\\DevAI Studio\\Documents\\GitHub\\PayMerch\\dataconnect": could not find dataconnect.yaml in `c:\Users\DevAI Studio\Documents\GitHub\PayMerch\dataconnect`
 {"metadata":{"emulator":{"name":"dataconnect"},"message":"E1111 13:34:15.794435    6988 watch.go:31] Failed to load config from \"c:\\\\Users\\\\DevAI Studio\\\\Documents\\\\GitHub\\\\PayMerch\\\\dataconnect\": could not find dataconnect.yaml in `c:\\Users\\DevAI Studio\\Documents\\GitHub\\PayMerch\\dataconnect`\n"}}
[debug] [2025-11-11T11:34:25.795Z] E1111 13:34:25.795079    6988 watch.go:31] Failed to load config from "c:\\Users\\DevAI Studio\\Documents\\GitHub\\PayMerch\\dataconnect": could not find dataconnect.yaml in `c:\Users\DevAI Studio\Documents\GitHub\PayMerch\dataconnect`
 {"metadata":{"emulator":{"name":"dataconnect"},"message":"E1111 13:34:25.795079    6988 watch.go:31] Failed to load config from \"c:\\\\Users\\\\DevAI Studio\\\\Documents\\\\GitHub\\\\PayMerch\\\\dataconnect\": could not find dataconnect.yaml in `c:\\Users\\DevAI Studio\\Documents\\GitHub\\PayMerch\\dataconnect`\n"}}
[debug] [2025-11-11T11:34:35.795Z] E1111 13:34:35.795336    6988 watch.go:31] Failed to load config from "c:\\Users\\DevAI Studio\\Documents\\GitHub\\PayMerch\\dataconnect": could not find dataconnect.yaml in `c:\Users\DevAI Studio\Documents\GitHub\PayMerch\dataconnect`
 {"metadata":{"emulator":{"name":"dataconnect"},"message":"E1111 13:34:35.795336    6988 watch.go:31] Failed to load config from \"c:\\\\Users\\\\DevAI Studio\\\\Documents\\\\GitHub\\\\PayMerch\\\\dataconnect\": could not find dataconnect.yaml in `c:\\Users\\DevAI Studio\\Documents\\GitHub\\PayMerch\\dataconnect`\n"}}
[debug] [2025-11-11T11:34:45.795Z] E1111 13:34:45.794703    6988 watch.go:31] Failed to load config from "c:\\Users\\DevAI Studio\\Documents\\GitHub\\PayMerch\\dataconnect": could not find dataconnect.yaml in `c:\Users\DevAI Studio\Documents\GitHub\PayMerch\dataconnect`
 {"metadata":{"emulator":{"name":"dataconnect"},"message":"E1111 13:34:45.794703    6988 watch.go:31] Failed to load config from \"c:\\\\Users\\\\DevAI Studio\\\\Documents\\\\GitHub\\\\PayMerch\\\\dataconnect\": could not find dataconnect.yaml in `c:\\Users\\DevAI Studio\\Documents\\GitHub\\PayMerch\\dataconnect`\n"}}
[debug] [2025-11-11T11:34:55.806Z] E1111 13:34:55.805868    6988 watch.go:31] Failed to load config from "c:\\Users\\DevAI Studio\\Documents\\GitHub\\PayMerch\\dataconnect": could not find dataconnect.yaml in `c:\Users\DevAI Studio\Documents\GitHub\PayMerch\dataconnect`
 {"metadata":{"emulator":{"name":"dataconnect"},"message":"E1111 13:34:55.805868    6988 watch.go:31] Failed to load config from \"c:\\\\Users\\\\DevAI Studio\\\\Documents\\\\GitHub\\\\PayMerch\\\\dataconnect\": could not find dataconnect.yaml in `c:\\Users\\DevAI Studio\\Documents\\GitHub\\PayMerch\\dataconnect`\n"}}
[debug] [2025-11-11T11:35:05.794Z] E1111 13:35:05.794477    6988 watch.go:31] Failed to load config from "c:\\Users\\DevAI Studio\\Documents\\GitHub\\PayMerch\\dataconnect": could not find dataconnect.yaml in `c:\Users\DevAI Studio\Documents\GitHub\PayMerch\dataconnect`
 {"metadata":{"emulator":{"name":"dataconnect"},"message":"E1111 13:35:05.794477    6988 watch.go:31] Failed to load config from \"c:\\\\Users\\\\DevAI Studio\\\\Documents\\\\GitHub\\\\PayMerch\\\\dataconnect\": could not find dataconnect.yaml in `c:\\Users\\DevAI Studio\\Documents\\GitHub\\PayMerch\\dataconnect`\n"}}
[debug] [2025-11-11T11:35:15.794Z] E1111 13:35:15.794964    6988 watch.go:31] Failed to load config from "c:\\Users\\DevAI Studio\\Documents\\GitHub\\PayMerch\\dataconnect": could not find dataconnect.yaml in `c:\Users\DevAI Studio\Documents\GitHub\PayMerch\dataconnect`
E1111 13:35:15.794964    6988 watch.go:102] watchAllDir unable to walk dir `c:\Users\DevAI Studio\Documents\GitHub\PayMerch\dataconnect`: CreateFile c:\Users\DevAI Studio\Documents\GitHub\PayMerch\dataconnect: The system cannot find the file specified.
 {"metadata":{"emulator":{"name":"dataconnect"},"message":"E1111 13:35:15.794964    6988 watch.go:31] Failed to load config from \"c:\\\\Users\\\\DevAI Studio\\\\Documents\\\\GitHub\\\\PayMerch\\\\dataconnect\": could not find dataconnect.yaml in `c:\\Users\\DevAI Studio\\Documents\\GitHub\\PayMerch\\dataconnect`\nE1111 13:35:15.794964    6988 watch.go:102] watchAllDir unable to walk dir `c:\\Users\\DevAI Studio\\Documents\\GitHub\\PayMerch\\dataconnect`: CreateFile c:\\Users\\DevAI Studio\\Documents\\GitHub\\PayMerch\\dataconnect: The system cannot find the file specified.\n"}}
[debug] [2025-11-11T11:35:25.795Z] E1111 13:35:25.795019    6988 watch.go:31] Failed to load config from "c:\\Users\\DevAI Studio\\Documents\\GitHub\\PayMerch\\dataconnect": could not find dataconnect.yaml in `c:\Users\DevAI Studio\Documents\GitHub\PayMerch\dataconnect`
 {"metadata":{"emulator":{"name":"dataconnect"},"message":"E1111 13:35:25.795019    6988 watch.go:31] Failed to load config from \"c:\\\\Users\\\\DevAI Studio\\\\Documents\\\\GitHub\\\\PayMerch\\\\dataconnect\": could not find dataconnect.yaml in `c:\\Users\\DevAI Studio\\Documents\\GitHub\\PayMerch\\dataconnect`\n"}}
[debug] [2025-11-11T11:35:35.795Z] E1111 13:35:35.795649    6988 watch.go:31] Failed to load config from "c:\\Users\\DevAI Studio\\Documents\\GitHub\\PayMerch\\dataconnect": could not find dataconnect.yaml in `c:\Users\DevAI Studio\Documents\GitHub\PayMerch\dataconnect`
 {"metadata":{"emulator":{"name":"dataconnect"},"message":"E1111 13:35:35.795649    6988 watch.go:31] Failed to load config from \"c:\\\\Users\\\\DevAI Studio\\\\Documents\\\\GitHub\\\\PayMerch\\\\dataconnect\": could not find dataconnect.yaml in `c:\\Users\\DevAI Studio\\Documents\\GitHub\\PayMerch\\dataconnect`\n"}}
[debug] [2025-11-11T11:35:45.794Z] E1111 13:35:45.794796    6988 watch.go:31] Failed to load config from "c:\\Users\\DevAI Studio\\Documents\\GitHub\\PayMerch\\dataconnect": could not find dataconnect.yaml in `c:\Users\DevAI Studio\Documents\GitHub\PayMerch\dataconnect`
 {"metadata":{"emulator":{"name":"dataconnect"},"message":"E1111 13:35:45.794796    6988 watch.go:31] Failed to load config from \"c:\\\\Users\\\\DevAI Studio\\\\Documents\\\\GitHub\\\\PayMerch\\\\dataconnect\": could not find dataconnect.yaml in `c:\\Users\\DevAI Studio\\Documents\\GitHub\\PayMerch\\dataconnect`\n"}}
[debug] [2025-11-11T11:35:55.794Z] E1111 13:35:55.794691    6988 watch.go:31] Failed to load config from "c:\\Users\\DevAI Studio\\Documents\\GitHub\\PayMerch\\dataconnect": could not find dataconnect.yaml in `c:\Users\DevAI Studio\Documents\GitHub\PayMerch\dataconnect`
 {"metadata":{"emulator":{"name":"dataconnect"},"message":"E1111 13:35:55.794691    6988 watch.go:31] Failed to load config from \"c:\\\\Users\\\\DevAI Studio\\\\Documents\\\\GitHub\\\\PayMerch\\\\dataconnect\": could not find dataconnect.yaml in `c:\\Users\\DevAI Studio\\Documents\\GitHub\\PayMerch\\dataconnect`\n"}}
[debug] [2025-11-11T11:36:05.794Z] E1111 13:36:05.794527    6988 watch.go:31] Failed to load config from "c:\\Users\\DevAI Studio\\Documents\\GitHub\\PayMerch\\dataconnect": could not find dataconnect.yaml in `c:\Users\DevAI Studio\Documents\GitHub\PayMerch\dataconnect`
 {"metadata":{"emulator":{"name":"dataconnect"},"message":"E1111 13:36:05.794527    6988 watch.go:31] Failed to load config from \"c:\\\\Users\\\\DevAI Studio\\\\Documents\\\\GitHub\\\\PayMerch\\\\dataconnect\": could not find dataconnect.yaml in `c:\\Users\\DevAI Studio\\Documents\\GitHub\\PayMerch\\dataconnect`\n"}}
[debug] [2025-11-11T11:36:15.795Z] E1111 13:36:15.794883    6988 watch.go:31] Failed to load config from "c:\\Users\\DevAI Studio\\Documents\\GitHub\\PayMerch\\dataconnect": could not find dataconnect.yaml in `c:\Users\DevAI Studio\Documents\GitHub\PayMerch\dataconnect`
 {"metadata":{"emulator":{"name":"dataconnect"},"message":"E1111 13:36:15.794883    6988 watch.go:31] Failed to load config from \"c:\\\\Users\\\\DevAI Studio\\\\Documents\\\\GitHub\\\\PayMerch\\\\dataconnect\": could not find dataconnect.yaml in `c:\\Users\\DevAI Studio\\Documents\\GitHub\\PayMerch\\dataconnect`\n"}}
[debug] [2025-11-11T11:36:25.795Z] E1111 13:36:25.794866    6988 watch.go:31] Failed to load config from "c:\\Users\\DevAI Studio\\Documents\\GitHub\\PayMerch\\dataconnect": could not find dataconnect.yaml in `c:\Users\DevAI Studio\Documents\GitHub\PayMerch\dataconnect`
 {"metadata":{"emulator":{"name":"dataconnect"},"message":"E1111 13:36:25.794866    6988 watch.go:31] Failed to load config from \"c:\\\\Users\\\\DevAI Studio\\\\Documents\\\\GitHub\\\\PayMerch\\\\dataconnect\": could not find dataconnect.yaml in `c:\\Users\\DevAI Studio\\Documents\\GitHub\\PayMerch\\dataconnect`\n"}}
[debug] [2025-11-11T11:36:35.794Z] E1111 13:36:35.794228    6988 watch.go:31] Failed to load config from "c:\\Users\\DevAI Studio\\Documents\\GitHub\\PayMerch\\dataconnect": could not find dataconnect.yaml in `c:\Users\DevAI Studio\Documents\GitHub\PayMerch\dataconnect`
 {"metadata":{"emulator":{"name":"dataconnect"},"message":"E1111 13:36:35.794228    6988 watch.go:31] Failed to load config from \"c:\\\\Users\\\\DevAI Studio\\\\Documents\\\\GitHub\\\\PayMerch\\\\dataconnect\": could not find dataconnect.yaml in `c:\\Users\\DevAI Studio\\Documents\\GitHub\\PayMerch\\dataconnect`\n"}}
[debug] [2025-11-11T11:36:45.795Z] E1111 13:36:45.794889    6988 watch.go:31] Failed to load config from "c:\\Users\\DevAI Studio\\Documents\\GitHub\\PayMerch\\dataconnect": could not find dataconnect.yaml in `c:\Users\DevAI Studio\Documents\GitHub\PayMerch\dataconnect`
 {"metadata":{"emulator":{"name":"dataconnect"},"message":"E1111 13:36:45.794889    6988 watch.go:31] Failed to load config from \"c:\\\\Users\\\\DevAI Studio\\\\Documents\\\\GitHub\\\\PayMerch\\\\dataconnect\": could not find dataconnect.yaml in `c:\\Users\\DevAI Studio\\Documents\\GitHub\\PayMerch\\dataconnect`\n"}}
[debug] [2025-11-11T11:36:55.795Z] E1111 13:36:55.794762    6988 watch.go:31] Failed to load config from "c:\\Users\\DevAI Studio\\Documents\\GitHub\\PayMerch\\dataconnect": could not find dataconnect.yaml in `c:\Users\DevAI Studio\Documents\GitHub\PayMerch\dataconnect`
 {"metadata":{"emulator":{"name":"dataconnect"},"message":"E1111 13:36:55.794762    6988 watch.go:31] Failed to load config from \"c:\\\\Users\\\\DevAI Studio\\\\Documents\\\\GitHub\\\\PayMerch\\\\dataconnect\": could not find dataconnect.yaml in `c:\\Users\\DevAI Studio\\Documents\\GitHub\\PayMerch\\dataconnect`\n"}}
[debug] [2025-11-11T11:37:05.797Z] E1111 13:37:05.796506    6988 watch.go:31] Failed to load config from "c:\\Users\\DevAI Studio\\Documents\\GitHub\\PayMerch\\dataconnect": could not find dataconnect.yaml in `c:\Users\DevAI Studio\Documents\GitHub\PayMerch\dataconnect`
 {"metadata":{"emulator":{"name":"dataconnect"},"message":"E1111 13:37:05.796506    6988 watch.go:31] Failed to load config from \"c:\\\\Users\\\\DevAI Studio\\\\Documents\\\\GitHub\\\\PayMerch\\\\dataconnect\": could not find dataconnect.yaml in `c:\\Users\\DevAI Studio\\Documents\\GitHub\\PayMerch\\dataconnect`\n"}}
[debug] [2025-11-11T11:37:15.794Z] E1111 13:37:15.794653    6988 watch.go:31] Failed to load config from "c:\\Users\\DevAI Studio\\Documents\\GitHub\\PayMerch\\dataconnect": could not find dataconnect.yaml in `c:\Users\DevAI Studio\Documents\GitHub\PayMerch\dataconnect`
E1111 13:37:15.794653    6988 watch.go:102] watchAllDir unable to walk dir `c:\Users\DevAI Studio\Documents\GitHub\PayMerch\dataconnect`: CreateFile c:\Users\DevAI Studio\Documents\GitHub\PayMerch\dataconnect: The system cannot find the file specified.
 {"metadata":{"emulator":{"name":"dataconnect"},"message":"E1111 13:37:15.794653    6988 watch.go:31] Failed to load config from \"c:\\\\Users\\\\DevAI Studio\\\\Documents\\\\GitHub\\\\PayMerch\\\\dataconnect\": could not find dataconnect.yaml in `c:\\Users\\DevAI Studio\\Documents\\GitHub\\PayMerch\\dataconnect`\nE1111 13:37:15.794653    6988 watch.go:102] watchAllDir unable to walk dir `c:\\Users\\DevAI Studio\\Documents\\GitHub\\PayMerch\\dataconnect`: CreateFile c:\\Users\\DevAI Studio\\Documents\\GitHub\\PayMerch\\dataconnect: The system cannot find the file specified.\n"}}
[debug] [2025-11-11T11:37:25.795Z] E1111 13:37:25.795302    6988 watch.go:31] Failed to load config from "c:\\Users\\DevAI Studio\\Documents\\GitHub\\PayMerch\\dataconnect": could not find dataconnect.yaml in `c:\Users\DevAI Studio\Documents\GitHub\PayMerch\dataconnect`
 {"metadata":{"emulator":{"name":"dataconnect"},"message":"E1111 13:37:25.795302    6988 watch.go:31] Failed to load config from \"c:\\\\Users\\\\DevAI Studio\\\\Documents\\\\GitHub\\\\PayMerch\\\\dataconnect\": could not find dataconnect.yaml in `c:\\Users\\DevAI Studio\\Documents\\GitHub\\PayMerch\\dataconnect`\n"}}
[debug] [2025-11-11T11:37:35.795Z] E1111 13:37:35.795012    6988 watch.go:31] Failed to load config from "c:\\Users\\DevAI Studio\\Documents\\GitHub\\PayMerch\\dataconnect": could not find dataconnect.yaml in `c:\Users\DevAI Studio\Documents\GitHub\PayMerch\dataconnect`
 {"metadata":{"emulator":{"name":"dataconnect"},"message":"E1111 13:37:35.795012    6988 watch.go:31] Failed to load config from \"c:\\\\Users\\\\DevAI Studio\\\\Documents\\\\GitHub\\\\PayMerch\\\\dataconnect\": could not find dataconnect.yaml in `c:\\Users\\DevAI Studio\\Documents\\GitHub\\PayMerch\\dataconnect`\n"}}
[debug] [2025-11-11T11:37:45.795Z] E1111 13:37:45.794812    6988 watch.go:31] Failed to load config from "c:\\Users\\DevAI Studio\\Documents\\GitHub\\PayMerch\\dataconnect": could not find dataconnect.yaml in `c:\Users\DevAI Studio\Documents\GitHub\PayMerch\dataconnect`
 {"metadata":{"emulator":{"name":"dataconnect"},"message":"E1111 13:37:45.794812    6988 watch.go:31] Failed to load config from \"c:\\\\Users\\\\DevAI Studio\\\\Documents\\\\GitHub\\\\PayMerch\\\\dataconnect\": could not find dataconnect.yaml in `c:\\Users\\DevAI Studio\\Documents\\GitHub\\PayMerch\\dataconnect`\n"}}
[debug] [2025-11-11T11:37:55.795Z] E1111 13:37:55.794771    6988 watch.go:31] Failed to load config from "c:\\Users\\DevAI Studio\\Documents\\GitHub\\PayMerch\\dataconnect": could not find dataconnect.yaml in `c:\Users\DevAI Studio\Documents\GitHub\PayMerch\dataconnect`
 {"metadata":{"emulator":{"name":"dataconnect"},"message":"E1111 13:37:55.794771    6988 watch.go:31] Failed to load config from \"c:\\\\Users\\\\DevAI Studio\\\\Documents\\\\GitHub\\\\PayMerch\\\\dataconnect\": could not find dataconnect.yaml in `c:\\Users\\DevAI Studio\\Documents\\GitHub\\PayMerch\\dataconnect`\n"}}
[debug] [2025-11-11T11:38:05.795Z] E1111 13:38:05.795192    6988 watch.go:31] Failed to load config from "c:\\Users\\DevAI Studio\\Documents\\GitHub\\PayMerch\\dataconnect": could not find dataconnect.yaml in `c:\Users\DevAI Studio\Documents\GitHub\PayMerch\dataconnect`
 {"metadata":{"emulator":{"name":"dataconnect"},"message":"E1111 13:38:05.795192    6988 watch.go:31] Failed to load config from \"c:\\\\Users\\\\DevAI Studio\\\\Documents\\\\GitHub\\\\PayMerch\\\\dataconnect\": could not find dataconnect.yaml in `c:\\Users\\DevAI Studio\\Documents\\GitHub\\PayMerch\\dataconnect`\n"}}
[debug] [2025-11-11T11:38:15.795Z] E1111 13:38:15.794727    6988 watch.go:31] Failed to load config from "c:\\Users\\DevAI Studio\\Documents\\GitHub\\PayMerch\\dataconnect": could not find dataconnect.yaml in `c:\Users\DevAI Studio\Documents\GitHub\PayMerch\dataconnect`
 {"metadata":{"emulator":{"name":"dataconnect"},"message":"E1111 13:38:15.794727    6988 watch.go:31] Failed to load config from \"c:\\\\Users\\\\DevAI Studio\\\\Documents\\\\GitHub\\\\PayMerch\\\\dataconnect\": could not find dataconnect.yaml in `c:\\Users\\DevAI Studio\\Documents\\GitHub\\PayMerch\\dataconnect`\n"}}
[debug] [2025-11-11T11:38:25.795Z] E1111 13:38:25.794820    6988 watch.go:31] Failed to load config from "c:\\Users\\DevAI Studio\\Documents\\GitHub\\PayMerch\\dataconnect": could not find dataconnect.yaml in `c:\Users\DevAI Studio\Documents\GitHub\PayMerch\dataconnect`
 {"metadata":{"emulator":{"name":"dataconnect"},"message":"E1111 13:38:25.794820    6988 watch.go:31] Failed to load config from \"c:\\\\Users\\\\DevAI Studio\\\\Documents\\\\GitHub\\\\PayMerch\\\\dataconnect\": could not find dataconnect.yaml in `c:\\Users\\DevAI Studio\\Documents\\GitHub\\PayMerch\\dataconnect`\n"}}
[debug] [2025-11-11T11:38:35.795Z] E1111 13:38:35.794333    6988 watch.go:31] Failed to load config from "c:\\Users\\DevAI Studio\\Documents\\GitHub\\PayMerch\\dataconnect": could not find dataconnect.yaml in `c:\Users\DevAI Studio\Documents\GitHub\PayMerch\dataconnect`
 {"metadata":{"emulator":{"name":"dataconnect"},"message":"E1111 13:38:35.794333    6988 watch.go:31] Failed to load config from \"c:\\\\Users\\\\DevAI Studio\\\\Documents\\\\GitHub\\\\PayMerch\\\\dataconnect\": could not find dataconnect.yaml in `c:\\Users\\DevAI Studio\\Documents\\GitHub\\PayMerch\\dataconnect`\n"}}
[debug] [2025-11-11T11:38:45.795Z] E1111 13:38:45.794612    6988 watch.go:31] Failed to load config from "c:\\Users\\DevAI Studio\\Documents\\GitHub\\PayMerch\\dataconnect": could not find dataconnect.yaml in `c:\Users\DevAI Studio\Documents\GitHub\PayMerch\dataconnect`
 {"metadata":{"emulator":{"name":"dataconnect"},"message":"E1111 13:38:45.794612    6988 watch.go:31] Failed to load config from \"c:\\\\Users\\\\DevAI Studio\\\\Documents\\\\GitHub\\\\PayMerch\\\\dataconnect\": could not find dataconnect.yaml in `c:\\Users\\DevAI Studio\\Documents\\GitHub\\PayMerch\\dataconnect`\n"}}
[debug] [2025-11-11T11:38:55.795Z] E1111 13:38:55.794858    6988 watch.go:31] Failed to load config from "c:\\Users\\DevAI Studio\\Documents\\GitHub\\PayMerch\\dataconnect": could not find dataconnect.yaml in `c:\Users\DevAI Studio\Documents\GitHub\PayMerch\dataconnect`
 {"metadata":{"emulator":{"name":"dataconnect"},"message":"E1111 13:38:55.794858    6988 watch.go:31] Failed to load config from \"c:\\\\Users\\\\DevAI Studio\\\\Documents\\\\GitHub\\\\PayMerch\\\\dataconnect\": could not find dataconnect.yaml in `c:\\Users\\DevAI Studio\\Documents\\GitHub\\PayMerch\\dataconnect`\n"}}
[debug] [2025-11-11T11:39:05.795Z] E1111 13:39:05.794918    6988 watch.go:31] Failed to load config from "c:\\Users\\DevAI Studio\\Documents\\GitHub\\PayMerch\\dataconnect": could not find dataconnect.yaml in `c:\Users\DevAI Studio\Documents\GitHub\PayMerch\dataconnect`
 {"metadata":{"emulator":{"name":"dataconnect"},"message":"E1111 13:39:05.794918    6988 watch.go:31] Failed to load config from \"c:\\\\Users\\\\DevAI Studio\\\\Documents\\\\GitHub\\\\PayMerch\\\\dataconnect\": could not find dataconnect.yaml in `c:\\Users\\DevAI Studio\\Documents\\GitHub\\PayMerch\\dataconnect`\n"}}
[debug] [2025-11-11T11:39:15.795Z] E1111 13:39:15.795452    6988 watch.go:31] Failed to load config from "c:\\Users\\DevAI Studio\\Documents\\GitHub\\PayMerch\\dataconnect": could not find dataconnect.yaml in `c:\Users\DevAI Studio\Documents\GitHub\PayMerch\dataconnect`
E1111 13:39:15.795669    6988 watch.go:102] watchAllDir unable to walk dir `c:\Users\DevAI Studio\Documents\GitHub\PayMerch\dataconnect`: CreateFile c:\Users\DevAI Studio\Documents\GitHub\PayMerch\dataconnect: The system cannot find the file specified.
 {"metadata":{"emulator":{"name":"dataconnect"},"message":"E1111 13:39:15.795452    6988 watch.go:31] Failed to load config from \"c:\\\\Users\\\\DevAI Studio\\\\Documents\\\\GitHub\\\\PayMerch\\\\dataconnect\": could not find dataconnect.yaml in `c:\\Users\\DevAI Studio\\Documents\\GitHub\\PayMerch\\dataconnect`\nE1111 13:39:15.795669    6988 watch.go:102] watchAllDir unable to walk dir `c:\\Users\\DevAI Studio\\Documents\\GitHub\\PayMerch\\dataconnect`: CreateFile c:\\Users\\DevAI Studio\\Documents\\GitHub\\PayMerch\\dataconnect: The system cannot find the file specified.\n"}}
[debug] [2025-11-11T11:39:25.794Z] E1111 13:39:25.794552    6988 watch.go:31] Failed to load config from "c:\\Users\\DevAI Studio\\Documents\\GitHub\\PayMerch\\dataconnect": could not find dataconnect.yaml in `c:\Users\DevAI Studio\Documents\GitHub\PayMerch\dataconnect`
 {"metadata":{"emulator":{"name":"dataconnect"},"message":"E1111 13:39:25.794552    6988 watch.go:31] Failed to load config from \"c:\\\\Users\\\\DevAI Studio\\\\Documents\\\\GitHub\\\\PayMerch\\\\dataconnect\": could not find dataconnect.yaml in `c:\\Users\\DevAI Studio\\Documents\\GitHub\\PayMerch\\dataconnect`\n"}}
[debug] [2025-11-11T11:39:35.795Z] E1111 13:39:35.795084    6988 watch.go:31] Failed to load config from "c:\\Users\\DevAI Studio\\Documents\\GitHub\\PayMerch\\dataconnect": could not find dataconnect.yaml in `c:\Users\DevAI Studio\Documents\GitHub\PayMerch\dataconnect`
 {"metadata":{"emulator":{"name":"dataconnect"},"message":"E1111 13:39:35.795084    6988 watch.go:31] Failed to load config from \"c:\\\\Users\\\\DevAI Studio\\\\Documents\\\\GitHub\\\\PayMerch\\\\dataconnect\": could not find dataconnect.yaml in `c:\\Users\\DevAI Studio\\Documents\\GitHub\\PayMerch\\dataconnect`\n"}}
[debug] [2025-11-11T11:39:45.794Z] E1111 13:39:45.794531    6988 watch.go:31] Failed to load config from "c:\\Users\\DevAI Studio\\Documents\\GitHub\\PayMerch\\dataconnect": could not find dataconnect.yaml in `c:\Users\DevAI Studio\Documents\GitHub\PayMerch\dataconnect`
 {"metadata":{"emulator":{"name":"dataconnect"},"message":"E1111 13:39:45.794531    6988 watch.go:31] Failed to load config from \"c:\\\\Users\\\\DevAI Studio\\\\Documents\\\\GitHub\\\\PayMerch\\\\dataconnect\": could not find dataconnect.yaml in `c:\\Users\\DevAI Studio\\Documents\\GitHub\\PayMerch\\dataconnect`\n"}}
[debug] [2025-11-11T11:39:55.795Z] E1111 13:39:55.794854    6988 watch.go:31] Failed to load config from "c:\\Users\\DevAI Studio\\Documents\\GitHub\\PayMerch\\dataconnect": could not find dataconnect.yaml in `c:\Users\DevAI Studio\Documents\GitHub\PayMerch\dataconnect`
 {"metadata":{"emulator":{"name":"dataconnect"},"message":"E1111 13:39:55.794854    6988 watch.go:31] Failed to load config from \"c:\\\\Users\\\\DevAI Studio\\\\Documents\\\\GitHub\\\\PayMerch\\\\dataconnect\": could not find dataconnect.yaml in `c:\\Users\\DevAI Studio\\Documents\\GitHub\\PayMerch\\dataconnect`\n"}}
[debug] [2025-11-11T11:40:05.795Z] E1111 13:40:05.795054    6988 watch.go:31] Failed to load config from "c:\\Users\\DevAI Studio\\Documents\\GitHub\\PayMerch\\dataconnect": could not find dataconnect.yaml in `c:\Users\DevAI Studio\Documents\GitHub\PayMerch\dataconnect`
 {"metadata":{"emulator":{"name":"dataconnect"},"message":"E1111 13:40:05.795054    6988 watch.go:31] Failed to load config from \"c:\\\\Users\\\\DevAI Studio\\\\Documents\\\\GitHub\\\\PayMerch\\\\dataconnect\": could not find dataconnect.yaml in `c:\\Users\\DevAI Studio\\Documents\\GitHub\\PayMerch\\dataconnect`\n"}}
[debug] [2025-11-11T11:40:15.794Z] E1111 13:40:15.794247    6988 watch.go:31] Failed to load config from "c:\\Users\\DevAI Studio\\Documents\\GitHub\\PayMerch\\dataconnect": could not find dataconnect.yaml in `c:\Users\DevAI Studio\Documents\GitHub\PayMerch\dataconnect`
 {"metadata":{"emulator":{"name":"dataconnect"},"message":"E1111 13:40:15.794247    6988 watch.go:31] Failed to load config from \"c:\\\\Users\\\\DevAI Studio\\\\Documents\\\\GitHub\\\\PayMerch\\\\dataconnect\": could not find dataconnect.yaml in `c:\\Users\\DevAI Studio\\Documents\\GitHub\\PayMerch\\dataconnect`\n"}}
[debug] [2025-11-11T11:40:25.795Z] E1111 13:40:25.795316    6988 watch.go:31] Failed to load config from "c:\\Users\\DevAI Studio\\Documents\\GitHub\\PayMerch\\dataconnect": could not find dataconnect.yaml in `c:\Users\DevAI Studio\Documents\GitHub\PayMerch\dataconnect`
 {"metadata":{"emulator":{"name":"dataconnect"},"message":"E1111 13:40:25.795316    6988 watch.go:31] Failed to load config from \"c:\\\\Users\\\\DevAI Studio\\\\Documents\\\\GitHub\\\\PayMerch\\\\dataconnect\": could not find dataconnect.yaml in `c:\\Users\\DevAI Studio\\Documents\\GitHub\\PayMerch\\dataconnect`\n"}}
[debug] [2025-11-11T11:40:35.795Z] E1111 13:40:35.795304    6988 watch.go:31] Failed to load config from "c:\\Users\\DevAI Studio\\Documents\\GitHub\\PayMerch\\dataconnect": could not find dataconnect.yaml in `c:\Users\DevAI Studio\Documents\GitHub\PayMerch\dataconnect`
 {"metadata":{"emulator":{"name":"dataconnect"},"message":"E1111 13:40:35.795304    6988 watch.go:31] Failed to load config from \"c:\\\\Users\\\\DevAI Studio\\\\Documents\\\\GitHub\\\\PayMerch\\\\dataconnect\": could not find dataconnect.yaml in `c:\\Users\\DevAI Studio\\Documents\\GitHub\\PayMerch\\dataconnect`\n"}}
[debug] [2025-11-11T11:40:45.794Z] E1111 13:40:45.794523    6988 watch.go:31] Failed to load config from "c:\\Users\\DevAI Studio\\Documents\\GitHub\\PayMerch\\dataconnect": could not find dataconnect.yaml in `c:\Users\DevAI Studio\Documents\GitHub\PayMerch\dataconnect`
 {"metadata":{"emulator":{"name":"dataconnect"},"message":"E1111 13:40:45.794523    6988 watch.go:31] Failed to load config from \"c:\\\\Users\\\\DevAI Studio\\\\Documents\\\\GitHub\\\\PayMerch\\\\dataconnect\": could not find dataconnect.yaml in `c:\\Users\\DevAI Studio\\Documents\\GitHub\\PayMerch\\dataconnect`\n"}}
[debug] [2025-11-11T11:40:55.795Z] E1111 13:40:55.794817    6988 watch.go:31] Failed to load config from "c:\\Users\\DevAI Studio\\Documents\\GitHub\\PayMerch\\dataconnect": could not find dataconnect.yaml in `c:\Users\DevAI Studio\Documents\GitHub\PayMerch\dataconnect`
 {"metadata":{"emulator":{"name":"dataconnect"},"message":"E1111 13:40:55.794817    6988 watch.go:31] Failed to load config from \"c:\\\\Users\\\\DevAI Studio\\\\Documents\\\\GitHub\\\\PayMerch\\\\dataconnect\": could not find dataconnect.yaml in `c:\\Users\\DevAI Studio\\Documents\\GitHub\\PayMerch\\dataconnect`\n"}}
[debug] [2025-11-11T11:41:05.795Z] E1111 13:41:05.795140    6988 watch.go:31] Failed to load config from "c:\\Users\\DevAI Studio\\Documents\\GitHub\\PayMerch\\dataconnect": could not find dataconnect.yaml in `c:\Users\DevAI Studio\Documents\GitHub\PayMerch\dataconnect`
 {"metadata":{"emulator":{"name":"dataconnect"},"message":"E1111 13:41:05.795140    6988 watch.go:31] Failed to load config from \"c:\\\\Users\\\\DevAI Studio\\\\Documents\\\\GitHub\\\\PayMerch\\\\dataconnect\": could not find dataconnect.yaml in `c:\\Users\\DevAI Studio\\Documents\\GitHub\\PayMerch\\dataconnect`\n"}}
[debug] [2025-11-11T11:41:15.796Z] E1111 13:41:15.796135    6988 watch.go:31] Failed to load config from "c:\\Users\\DevAI Studio\\Documents\\GitHub\\PayMerch\\dataconnect": could not find dataconnect.yaml in `c:\Users\DevAI Studio\Documents\GitHub\PayMerch\dataconnect`
E1111 13:41:15.796281    6988 watch.go:102] watchAllDir unable to walk dir `c:\Users\DevAI Studio\Documents\GitHub\PayMerch\dataconnect`: CreateFile c:\Users\DevAI Studio\Documents\GitHub\PayMerch\dataconnect: The system cannot find the file specified.
 {"metadata":{"emulator":{"name":"dataconnect"},"message":"E1111 13:41:15.796135    6988 watch.go:31] Failed to load config from \"c:\\\\Users\\\\DevAI Studio\\\\Documents\\\\GitHub\\\\PayMerch\\\\dataconnect\": could not find dataconnect.yaml in `c:\\Users\\DevAI Studio\\Documents\\GitHub\\PayMerch\\dataconnect`\nE1111 13:41:15.796281    6988 watch.go:102] watchAllDir unable to walk dir `c:\\Users\\DevAI Studio\\Documents\\GitHub\\PayMerch\\dataconnect`: CreateFile c:\\Users\\DevAI Studio\\Documents\\GitHub\\PayMerch\\dataconnect: The system cannot find the file specified.\n"}}
[debug] [2025-11-11T11:41:25.795Z] E1111 13:41:25.794935    6988 watch.go:31] Failed to load config from "c:\\Users\\DevAI Studio\\Documents\\GitHub\\PayMerch\\dataconnect": could not find dataconnect.yaml in `c:\Users\DevAI Studio\Documents\GitHub\PayMerch\dataconnect`
 {"metadata":{"emulator":{"name":"dataconnect"},"message":"E1111 13:41:25.794935    6988 watch.go:31] Failed to load config from \"c:\\\\Users\\\\DevAI Studio\\\\Documents\\\\GitHub\\\\PayMerch\\\\dataconnect\": could not find dataconnect.yaml in `c:\\Users\\DevAI Studio\\Documents\\GitHub\\PayMerch\\dataconnect`\n"}}
[debug] [2025-11-11T11:41:35.795Z] E1111 13:41:35.794936    6988 watch.go:31] Failed to load config from "c:\\Users\\DevAI Studio\\Documents\\GitHub\\PayMerch\\dataconnect": could not find dataconnect.yaml in `c:\Users\DevAI Studio\Documents\GitHub\PayMerch\dataconnect`
 {"metadata":{"emulator":{"name":"dataconnect"},"message":"E1111 13:41:35.794936    6988 watch.go:31] Failed to load config from \"c:\\\\Users\\\\DevAI Studio\\\\Documents\\\\GitHub\\\\PayMerch\\\\dataconnect\": could not find dataconnect.yaml in `c:\\Users\\DevAI Studio\\Documents\\GitHub\\PayMerch\\dataconnect`\n"}}
[debug] [2025-11-11T11:41:45.796Z] E1111 13:41:45.795713    6988 watch.go:31] Failed to load config from "c:\\Users\\DevAI Studio\\Documents\\GitHub\\PayMerch\\dataconnect": could not find dataconnect.yaml in `c:\Users\DevAI Studio\Documents\GitHub\PayMerch\dataconnect`
 {"metadata":{"emulator":{"name":"dataconnect"},"message":"E1111 13:41:45.795713    6988 watch.go:31] Failed to load config from \"c:\\\\Users\\\\DevAI Studio\\\\Documents\\\\GitHub\\\\PayMerch\\\\dataconnect\": could not find dataconnect.yaml in `c:\\Users\\DevAI Studio\\Documents\\GitHub\\PayMerch\\dataconnect`\n"}}
[debug] [2025-11-11T11:41:55.795Z] E1111 13:41:55.794597    6988 watch.go:31] Failed to load config from "c:\\Users\\DevAI Studio\\Documents\\GitHub\\PayMerch\\dataconnect": could not find dataconnect.yaml in `c:\Users\DevAI Studio\Documents\GitHub\PayMerch\dataconnect`
 {"metadata":{"emulator":{"name":"dataconnect"},"message":"E1111 13:41:55.794597    6988 watch.go:31] Failed to load config from \"c:\\\\Users\\\\DevAI Studio\\\\Documents\\\\GitHub\\\\PayMerch\\\\dataconnect\": could not find dataconnect.yaml in `c:\\Users\\DevAI Studio\\Documents\\GitHub\\PayMerch\\dataconnect`\n"}}
[debug] [2025-11-11T11:42:05.795Z] E1111 13:42:05.795106    6988 watch.go:31] Failed to load config from "c:\\Users\\DevAI Studio\\Documents\\GitHub\\PayMerch\\dataconnect": could not find dataconnect.yaml in `c:\Users\DevAI Studio\Documents\GitHub\PayMerch\dataconnect`
 {"metadata":{"emulator":{"name":"dataconnect"},"message":"E1111 13:42:05.795106    6988 watch.go:31] Failed to load config from \"c:\\\\Users\\\\DevAI Studio\\\\Documents\\\\GitHub\\\\PayMerch\\\\dataconnect\": could not find dataconnect.yaml in `c:\\Users\\DevAI Studio\\Documents\\GitHub\\PayMerch\\dataconnect`\n"}}
[debug] [2025-11-11T11:42:15.795Z] E1111 13:42:15.794595    6988 watch.go:31] Failed to load config from "c:\\Users\\DevAI Studio\\Documents\\GitHub\\PayMerch\\dataconnect": could not find dataconnect.yaml in `c:\Users\DevAI Studio\Documents\GitHub\PayMerch\dataconnect`
 {"metadata":{"emulator":{"name":"dataconnect"},"message":"E1111 13:42:15.794595    6988 watch.go:31] Failed to load config from \"c:\\\\Users\\\\DevAI Studio\\\\Documents\\\\GitHub\\\\PayMerch\\\\dataconnect\": could not find dataconnect.yaml in `c:\\Users\\DevAI Studio\\Documents\\GitHub\\PayMerch\\dataconnect`\n"}}
[debug] [2025-11-11T11:42:25.794Z] E1111 13:42:25.794315    6988 watch.go:31] Failed to load config from "c:\\Users\\DevAI Studio\\Documents\\GitHub\\PayMerch\\dataconnect": could not find dataconnect.yaml in `c:\Users\DevAI Studio\Documents\GitHub\PayMerch\dataconnect`
 {"metadata":{"emulator":{"name":"dataconnect"},"message":"E1111 13:42:25.794315    6988 watch.go:31] Failed to load config from \"c:\\\\Users\\\\DevAI Studio\\\\Documents\\\\GitHub\\\\PayMerch\\\\dataconnect\": could not find dataconnect.yaml in `c:\\Users\\DevAI Studio\\Documents\\GitHub\\PayMerch\\dataconnect`\n"}}
[debug] [2025-11-11T11:42:35.795Z] E1111 13:42:35.794654    6988 watch.go:31] Failed to load config from "c:\\Users\\DevAI Studio\\Documents\\GitHub\\PayMerch\\dataconnect": could not find dataconnect.yaml in `c:\Users\DevAI Studio\Documents\GitHub\PayMerch\dataconnect`
 {"metadata":{"emulator":{"name":"dataconnect"},"message":"E1111 13:42:35.794654    6988 watch.go:31] Failed to load config from \"c:\\\\Users\\\\DevAI Studio\\\\Documents\\\\GitHub\\\\PayMerch\\\\dataconnect\": could not find dataconnect.yaml in `c:\\Users\\DevAI Studio\\Documents\\GitHub\\PayMerch\\dataconnect`\n"}}
[debug] [2025-11-11T11:42:45.795Z] E1111 13:42:45.794875    6988 watch.go:31] Failed to load config from "c:\\Users\\DevAI Studio\\Documents\\GitHub\\PayMerch\\dataconnect": could not find dataconnect.yaml in `c:\Users\DevAI Studio\Documents\GitHub\PayMerch\dataconnect`
 {"metadata":{"emulator":{"name":"dataconnect"},"message":"E1111 13:42:45.794875    6988 watch.go:31] Failed to load config from \"c:\\\\Users\\\\DevAI Studio\\\\Documents\\\\GitHub\\\\PayMerch\\\\dataconnect\": could not find dataconnect.yaml in `c:\\Users\\DevAI Studio\\Documents\\GitHub\\PayMerch\\dataconnect`\n"}}
[debug] [2025-11-11T11:42:55.795Z] E1111 13:42:55.794482    6988 watch.go:31] Failed to load config from "c:\\Users\\DevAI Studio\\Documents\\GitHub\\PayMerch\\dataconnect": could not find dataconnect.yaml in `c:\Users\DevAI Studio\Documents\GitHub\PayMerch\dataconnect`
 {"metadata":{"emulator":{"name":"dataconnect"},"message":"E1111 13:42:55.794482    6988 watch.go:31] Failed to load config from \"c:\\\\Users\\\\DevAI Studio\\\\Documents\\\\GitHub\\\\PayMerch\\\\dataconnect\": could not find dataconnect.yaml in `c:\\Users\\DevAI Studio\\Documents\\GitHub\\PayMerch\\dataconnect`\n"}}
[debug] [2025-11-11T11:43:05.793Z] E1111 13:43:05.794242    6988 watch.go:31] Failed to load config from "c:\\Users\\DevAI Studio\\Documents\\GitHub\\PayMerch\\dataconnect": could not find dataconnect.yaml in `c:\Users\DevAI Studio\Documents\GitHub\PayMerch\dataconnect`
 {"metadata":{"emulator":{"name":"dataconnect"},"message":"E1111 13:43:05.794242    6988 watch.go:31] Failed to load config from \"c:\\\\Users\\\\DevAI Studio\\\\Documents\\\\GitHub\\\\PayMerch\\\\dataconnect\": could not find dataconnect.yaml in `c:\\Users\\DevAI Studio\\Documents\\GitHub\\PayMerch\\dataconnect`\n"}}
[debug] [2025-11-11T11:43:15.795Z] E1111 13:43:15.795000    6988 watch.go:31] Failed to load config from "c:\\Users\\DevAI Studio\\Documents\\GitHub\\PayMerch\\dataconnect": could not find dataconnect.yaml in `c:\Users\DevAI Studio\Documents\GitHub\PayMerch\dataconnect`
E1111 13:43:15.795000    6988 watch.go:102] watchAllDir unable to walk dir `c:\Users\DevAI Studio\Documents\GitHub\PayMerch\dataconnect`: CreateFile c:\Users\DevAI Studio\Documents\GitHub\PayMerch\dataconnect: The system cannot find the file specified.
 {"metadata":{"emulator":{"name":"dataconnect"},"message":"E1111 13:43:15.795000    6988 watch.go:31] Failed to load config from \"c:\\\\Users\\\\DevAI Studio\\\\Documents\\\\GitHub\\\\PayMerch\\\\dataconnect\": could not find dataconnect.yaml in `c:\\Users\\DevAI Studio\\Documents\\GitHub\\PayMerch\\dataconnect`\nE1111 13:43:15.795000    6988 watch.go:102] watchAllDir unable to walk dir `c:\\Users\\DevAI Studio\\Documents\\GitHub\\PayMerch\\dataconnect`: CreateFile c:\\Users\\DevAI Studio\\Documents\\GitHub\\PayMerch\\dataconnect: The system cannot find the file specified.\n"}}
[debug] [2025-11-11T11:43:25.795Z] E1111 13:43:25.795436    6988 watch.go:31] Failed to load config from "c:\\Users\\DevAI Studio\\Documents\\GitHub\\PayMerch\\dataconnect": could not find dataconnect.yaml in `c:\Users\DevAI Studio\Documents\GitHub\PayMerch\dataconnect`
 {"metadata":{"emulator":{"name":"dataconnect"},"message":"E1111 13:43:25.795436    6988 watch.go:31] Failed to load config from \"c:\\\\Users\\\\DevAI Studio\\\\Documents\\\\GitHub\\\\PayMerch\\\\dataconnect\": could not find dataconnect.yaml in `c:\\Users\\DevAI Studio\\Documents\\GitHub\\PayMerch\\dataconnect`\n"}}
[debug] [2025-11-11T11:43:35.795Z] E1111 13:43:35.795043    6988 watch.go:31] Failed to load config from "c:\\Users\\DevAI Studio\\Documents\\GitHub\\PayMerch\\dataconnect": could not find dataconnect.yaml in `c:\Users\DevAI Studio\Documents\GitHub\PayMerch\dataconnect`
 {"metadata":{"emulator":{"name":"dataconnect"},"message":"E1111 13:43:35.795043    6988 watch.go:31] Failed to load config from \"c:\\\\Users\\\\DevAI Studio\\\\Documents\\\\GitHub\\\\PayMerch\\\\dataconnect\": could not find dataconnect.yaml in `c:\\Users\\DevAI Studio\\Documents\\GitHub\\PayMerch\\dataconnect`\n"}}
[debug] [2025-11-11T11:43:45.795Z] E1111 13:43:45.795037    6988 watch.go:31] Failed to load config from "c:\\Users\\DevAI Studio\\Documents\\GitHub\\PayMerch\\dataconnect": could not find dataconnect.yaml in `c:\Users\DevAI Studio\Documents\GitHub\PayMerch\dataconnect`
 {"metadata":{"emulator":{"name":"dataconnect"},"message":"E1111 13:43:45.795037    6988 watch.go:31] Failed to load config from \"c:\\\\Users\\\\DevAI Studio\\\\Documents\\\\GitHub\\\\PayMerch\\\\dataconnect\": could not find dataconnect.yaml in `c:\\Users\\DevAI Studio\\Documents\\GitHub\\PayMerch\\dataconnect`\n"}}
[debug] [2025-11-11T11:43:55.795Z] E1111 13:43:55.794806    6988 watch.go:31] Failed to load config from "c:\\Users\\DevAI Studio\\Documents\\GitHub\\PayMerch\\dataconnect": could not find dataconnect.yaml in `c:\Users\DevAI Studio\Documents\GitHub\PayMerch\dataconnect`
 {"metadata":{"emulator":{"name":"dataconnect"},"message":"E1111 13:43:55.794806    6988 watch.go:31] Failed to load config from \"c:\\\\Users\\\\DevAI Studio\\\\Documents\\\\GitHub\\\\PayMerch\\\\dataconnect\": could not find dataconnect.yaml in `c:\\Users\\DevAI Studio\\Documents\\GitHub\\PayMerch\\dataconnect`\n"}}
[debug] [2025-11-11T11:44:05.796Z] E1111 13:44:05.794993    6988 watch.go:31] Failed to load config from "c:\\Users\\DevAI Studio\\Documents\\GitHub\\PayMerch\\dataconnect": could not find dataconnect.yaml in `c:\Users\DevAI Studio\Documents\GitHub\PayMerch\dataconnect`
 {"metadata":{"emulator":{"name":"dataconnect"},"message":"E1111 13:44:05.794993    6988 watch.go:31] Failed to load config from \"c:\\\\Users\\\\DevAI Studio\\\\Documents\\\\GitHub\\\\PayMerch\\\\dataconnect\": could not find dataconnect.yaml in `c:\\Users\\DevAI Studio\\Documents\\GitHub\\PayMerch\\dataconnect`\n"}}
[debug] [2025-11-11T11:44:15.795Z] E1111 13:44:15.794678    6988 watch.go:31] Failed to load config from "c:\\Users\\DevAI Studio\\Documents\\GitHub\\PayMerch\\dataconnect": could not find dataconnect.yaml in `c:\Users\DevAI Studio\Documents\GitHub\PayMerch\dataconnect`
 {"metadata":{"emulator":{"name":"dataconnect"},"message":"E1111 13:44:15.794678    6988 watch.go:31] Failed to load config from \"c:\\\\Users\\\\DevAI Studio\\\\Documents\\\\GitHub\\\\PayMerch\\\\dataconnect\": could not find dataconnect.yaml in `c:\\Users\\DevAI Studio\\Documents\\GitHub\\PayMerch\\dataconnect`\n"}}
[debug] [2025-11-11T11:44:25.794Z] E1111 13:44:25.794143    6988 watch.go:31] Failed to load config from "c:\\Users\\DevAI Studio\\Documents\\GitHub\\PayMerch\\dataconnect": could not find dataconnect.yaml in `c:\Users\DevAI Studio\Documents\GitHub\PayMerch\dataconnect`
 {"metadata":{"emulator":{"name":"dataconnect"},"message":"E1111 13:44:25.794143    6988 watch.go:31] Failed to load config from \"c:\\\\Users\\\\DevAI Studio\\\\Documents\\\\GitHub\\\\PayMerch\\\\dataconnect\": could not find dataconnect.yaml in `c:\\Users\\DevAI Studio\\Documents\\GitHub\\PayMerch\\dataconnect`\n"}}
[debug] [2025-11-11T11:44:35.795Z] E1111 13:44:35.794648    6988 watch.go:31] Failed to load config from "c:\\Users\\DevAI Studio\\Documents\\GitHub\\PayMerch\\dataconnect": could not find dataconnect.yaml in `c:\Users\DevAI Studio\Documents\GitHub\PayMerch\dataconnect`
 {"metadata":{"emulator":{"name":"dataconnect"},"message":"E1111 13:44:35.794648    6988 watch.go:31] Failed to load config from \"c:\\\\Users\\\\DevAI Studio\\\\Documents\\\\GitHub\\\\PayMerch\\\\dataconnect\": could not find dataconnect.yaml in `c:\\Users\\DevAI Studio\\Documents\\GitHub\\PayMerch\\dataconnect`\n"}}
[debug] [2025-11-11T11:44:45.795Z] E1111 13:44:45.794398    6988 watch.go:31] Failed to load config from "c:\\Users\\DevAI Studio\\Documents\\GitHub\\PayMerch\\dataconnect": could not find dataconnect.yaml in `c:\Users\DevAI Studio\Documents\GitHub\PayMerch\dataconnect`
 {"metadata":{"emulator":{"name":"dataconnect"},"message":"E1111 13:44:45.794398    6988 watch.go:31] Failed to load config from \"c:\\\\Users\\\\DevAI Studio\\\\Documents\\\\GitHub\\\\PayMerch\\\\dataconnect\": could not find dataconnect.yaml in `c:\\Users\\DevAI Studio\\Documents\\GitHub\\PayMerch\\dataconnect`\n"}}
[debug] [2025-11-11T11:44:55.794Z] E1111 13:44:55.793661    6988 watch.go:31] Failed to load config from "c:\\Users\\DevAI Studio\\Documents\\GitHub\\PayMerch\\dataconnect": could not find dataconnect.yaml in `c:\Users\DevAI Studio\Documents\GitHub\PayMerch\dataconnect`
 {"metadata":{"emulator":{"name":"dataconnect"},"message":"E1111 13:44:55.793661    6988 watch.go:31] Failed to load config from \"c:\\\\Users\\\\DevAI Studio\\\\Documents\\\\GitHub\\\\PayMerch\\\\dataconnect\": could not find dataconnect.yaml in `c:\\Users\\DevAI Studio\\Documents\\GitHub\\PayMerch\\dataconnect`\n"}}
[debug] [2025-11-11T11:45:05.794Z] E1111 13:45:05.794031    6988 watch.go:31] Failed to load config from "c:\\Users\\DevAI Studio\\Documents\\GitHub\\PayMerch\\dataconnect": could not find dataconnect.yaml in `c:\Users\DevAI Studio\Documents\GitHub\PayMerch\dataconnect`
 {"metadata":{"emulator":{"name":"dataconnect"},"message":"E1111 13:45:05.794031    6988 watch.go:31] Failed to load config from \"c:\\\\Users\\\\DevAI Studio\\\\Documents\\\\GitHub\\\\PayMerch\\\\dataconnect\": could not find dataconnect.yaml in `c:\\Users\\DevAI Studio\\Documents\\GitHub\\PayMerch\\dataconnect`\n"}}
[debug] [2025-11-11T11:45:15.795Z] E1111 13:45:15.794314    6988 watch.go:31] Failed to load config from "c:\\Users\\DevAI Studio\\Documents\\GitHub\\PayMerch\\dataconnect": could not find dataconnect.yaml in `c:\Users\DevAI Studio\Documents\GitHub\PayMerch\dataconnect`
E1111 13:45:15.794314    6988 watch.go:102] watchAllDir unable to walk dir `c:\Users\DevAI Studio\Documents\GitHub\PayMerch\dataconnect`: CreateFile c:\Users\DevAI Studio\Documents\GitHub\PayMerch\dataconnect: The system cannot find the file specified.
 {"metadata":{"emulator":{"name":"dataconnect"},"message":"E1111 13:45:15.794314    6988 watch.go:31] Failed to load config from \"c:\\\\Users\\\\DevAI Studio\\\\Documents\\\\GitHub\\\\PayMerch\\\\dataconnect\": could not find dataconnect.yaml in `c:\\Users\\DevAI Studio\\Documents\\GitHub\\PayMerch\\dataconnect`\nE1111 13:45:15.794314    6988 watch.go:102] watchAllDir unable to walk dir `c:\\Users\\DevAI Studio\\Documents\\GitHub\\PayMerch\\dataconnect`: CreateFile c:\\Users\\DevAI Studio\\Documents\\GitHub\\PayMerch\\dataconnect: The system cannot find the file specified.\n"}}
[debug] [2025-11-11T11:45:25.795Z] E1111 13:45:25.794913    6988 watch.go:31] Failed to load config from "c:\\Users\\DevAI Studio\\Documents\\GitHub\\PayMerch\\dataconnect": could not find dataconnect.yaml in `c:\Users\DevAI Studio\Documents\GitHub\PayMerch\dataconnect`
 {"metadata":{"emulator":{"name":"dataconnect"},"message":"E1111 13:45:25.794913    6988 watch.go:31] Failed to load config from \"c:\\\\Users\\\\DevAI Studio\\\\Documents\\\\GitHub\\\\PayMerch\\\\dataconnect\": could not find dataconnect.yaml in `c:\\Users\\DevAI Studio\\Documents\\GitHub\\PayMerch\\dataconnect`\n"}}
[debug] [2025-11-11T11:45:35.796Z] E1111 13:45:35.795518    6988 watch.go:31] Failed to load config from "c:\\Users\\DevAI Studio\\Documents\\GitHub\\PayMerch\\dataconnect": could not find dataconnect.yaml in `c:\Users\DevAI Studio\Documents\GitHub\PayMerch\dataconnect`
 {"metadata":{"emulator":{"name":"dataconnect"},"message":"E1111 13:45:35.795518    6988 watch.go:31] Failed to load config from \"c:\\\\Users\\\\DevAI Studio\\\\Documents\\\\GitHub\\\\PayMerch\\\\dataconnect\": could not find dataconnect.yaml in `c:\\Users\\DevAI Studio\\Documents\\GitHub\\PayMerch\\dataconnect`\n"}}
[debug] [2025-11-11T11:45:45.794Z] E1111 13:45:45.794418    6988 watch.go:31] Failed to load config from "c:\\Users\\DevAI Studio\\Documents\\GitHub\\PayMerch\\dataconnect": could not find dataconnect.yaml in `c:\Users\DevAI Studio\Documents\GitHub\PayMerch\dataconnect`
 {"metadata":{"emulator":{"name":"dataconnect"},"message":"E1111 13:45:45.794418    6988 watch.go:31] Failed to load config from \"c:\\\\Users\\\\DevAI Studio\\\\Documents\\\\GitHub\\\\PayMerch\\\\dataconnect\": could not find dataconnect.yaml in `c:\\Users\\DevAI Studio\\Documents\\GitHub\\PayMerch\\dataconnect`\n"}}
[debug] [2025-11-11T11:45:55.794Z] E1111 13:45:55.794036    6988 watch.go:31] Failed to load config from "c:\\Users\\DevAI Studio\\Documents\\GitHub\\PayMerch\\dataconnect": could not find dataconnect.yaml in `c:\Users\DevAI Studio\Documents\GitHub\PayMerch\dataconnect`
 {"metadata":{"emulator":{"name":"dataconnect"},"message":"E1111 13:45:55.794036    6988 watch.go:31] Failed to load config from \"c:\\\\Users\\\\DevAI Studio\\\\Documents\\\\GitHub\\\\PayMerch\\\\dataconnect\": could not find dataconnect.yaml in `c:\\Users\\DevAI Studio\\Documents\\GitHub\\PayMerch\\dataconnect`\n"}}
[debug] [2025-11-11T11:46:05.794Z] E1111 13:46:05.794256    6988 watch.go:31] Failed to load config from "c:\\Users\\DevAI Studio\\Documents\\GitHub\\PayMerch\\dataconnect": could not find dataconnect.yaml in `c:\Users\DevAI Studio\Documents\GitHub\PayMerch\dataconnect`
 {"metadata":{"emulator":{"name":"dataconnect"},"message":"E1111 13:46:05.794256    6988 watch.go:31] Failed to load config from \"c:\\\\Users\\\\DevAI Studio\\\\Documents\\\\GitHub\\\\PayMerch\\\\dataconnect\": could not find dataconnect.yaml in `c:\\Users\\DevAI Studio\\Documents\\GitHub\\PayMerch\\dataconnect`\n"}}
[debug] [2025-11-11T11:46:15.794Z] E1111 13:46:15.794561    6988 watch.go:31] Failed to load config from "c:\\Users\\DevAI Studio\\Documents\\GitHub\\PayMerch\\dataconnect": could not find dataconnect.yaml in `c:\Users\DevAI Studio\Documents\GitHub\PayMerch\dataconnect`
 {"metadata":{"emulator":{"name":"dataconnect"},"message":"E1111 13:46:15.794561    6988 watch.go:31] Failed to load config from \"c:\\\\Users\\\\DevAI Studio\\\\Documents\\\\GitHub\\\\PayMerch\\\\dataconnect\": could not find dataconnect.yaml in `c:\\Users\\DevAI Studio\\Documents\\GitHub\\PayMerch\\dataconnect`\n"}}
[debug] [2025-11-11T11:46:25.794Z] E1111 13:46:25.794581    6988 watch.go:31] Failed to load config from "c:\\Users\\DevAI Studio\\Documents\\GitHub\\PayMerch\\dataconnect": could not find dataconnect.yaml in `c:\Users\DevAI Studio\Documents\GitHub\PayMerch\dataconnect`
 {"metadata":{"emulator":{"name":"dataconnect"},"message":"E1111 13:46:25.794581    6988 watch.go:31] Failed to load config from \"c:\\\\Users\\\\DevAI Studio\\\\Documents\\\\GitHub\\\\PayMerch\\\\dataconnect\": could not find dataconnect.yaml in `c:\\Users\\DevAI Studio\\Documents\\GitHub\\PayMerch\\dataconnect`\n"}}
[debug] [2025-11-11T11:46:35.794Z] E1111 13:46:35.794429    6988 watch.go:31] Failed to load config from "c:\\Users\\DevAI Studio\\Documents\\GitHub\\PayMerch\\dataconnect": could not find dataconnect.yaml in `c:\Users\DevAI Studio\Documents\GitHub\PayMerch\dataconnect`
 {"metadata":{"emulator":{"name":"dataconnect"},"message":"E1111 13:46:35.794429    6988 watch.go:31] Failed to load config from \"c:\\\\Users\\\\DevAI Studio\\\\Documents\\\\GitHub\\\\PayMerch\\\\dataconnect\": could not find dataconnect.yaml in `c:\\Users\\DevAI Studio\\Documents\\GitHub\\PayMerch\\dataconnect`\n"}}
[debug] [2025-11-11T11:46:45.794Z] E1111 13:46:45.794704    6988 watch.go:31] Failed to load config from "c:\\Users\\DevAI Studio\\Documents\\GitHub\\PayMerch\\dataconnect": could not find dataconnect.yaml in `c:\Users\DevAI Studio\Documents\GitHub\PayMerch\dataconnect`
 {"metadata":{"emulator":{"name":"dataconnect"},"message":"E1111 13:46:45.794704    6988 watch.go:31] Failed to load config from \"c:\\\\Users\\\\DevAI Studio\\\\Documents\\\\GitHub\\\\PayMerch\\\\dataconnect\": could not find dataconnect.yaml in `c:\\Users\\DevAI Studio\\Documents\\GitHub\\PayMerch\\dataconnect`\n"}}
[debug] [2025-11-11T11:46:55.794Z] E1111 13:46:55.794591    6988 watch.go:31] Failed to load config from "c:\\Users\\DevAI Studio\\Documents\\GitHub\\PayMerch\\dataconnect": could not find dataconnect.yaml in `c:\Users\DevAI Studio\Documents\GitHub\PayMerch\dataconnect`
 {"metadata":{"emulator":{"name":"dataconnect"},"message":"E1111 13:46:55.794591    6988 watch.go:31] Failed to load config from \"c:\\\\Users\\\\DevAI Studio\\\\Documents\\\\GitHub\\\\PayMerch\\\\dataconnect\": could not find dataconnect.yaml in `c:\\Users\\DevAI Studio\\Documents\\GitHub\\PayMerch\\dataconnect`\n"}}
[debug] [2025-11-11T11:47:05.795Z] E1111 13:47:05.795085    6988 watch.go:31] Failed to load config from "c:\\Users\\DevAI Studio\\Documents\\GitHub\\PayMerch\\dataconnect": could not find dataconnect.yaml in `c:\Users\DevAI Studio\Documents\GitHub\PayMerch\dataconnect`
 {"metadata":{"emulator":{"name":"dataconnect"},"message":"E1111 13:47:05.795085    6988 watch.go:31] Failed to load config from \"c:\\\\Users\\\\DevAI Studio\\\\Documents\\\\GitHub\\\\PayMerch\\\\dataconnect\": could not find dataconnect.yaml in `c:\\Users\\DevAI Studio\\Documents\\GitHub\\PayMerch\\dataconnect`\n"}}
[debug] [2025-11-11T11:47:15.794Z] E1111 13:47:15.794916    6988 watch.go:31] Failed to load config from "c:\\Users\\DevAI Studio\\Documents\\GitHub\\PayMerch\\dataconnect": could not find dataconnect.yaml in `c:\Users\DevAI Studio\Documents\GitHub\PayMerch\dataconnect`
E1111 13:47:15.794916    6988 watch.go:102] watchAllDir unable to walk dir `c:\Users\DevAI Studio\Documents\GitHub\PayMerch\dataconnect`: CreateFile c:\Users\DevAI Studio\Documents\GitHub\PayMerch\dataconnect: The system cannot find the file specified.
 {"metadata":{"emulator":{"name":"dataconnect"},"message":"E1111 13:47:15.794916    6988 watch.go:31] Failed to load config from \"c:\\\\Users\\\\DevAI Studio\\\\Documents\\\\GitHub\\\\PayMerch\\\\dataconnect\": could not find dataconnect.yaml in `c:\\Users\\DevAI Studio\\Documents\\GitHub\\PayMerch\\dataconnect`\nE1111 13:47:15.794916    6988 watch.go:102] watchAllDir unable to walk dir `c:\\Users\\DevAI Studio\\Documents\\GitHub\\PayMerch\\dataconnect`: CreateFile c:\\Users\\DevAI Studio\\Documents\\GitHub\\PayMerch\\dataconnect: The system cannot find the file specified.\n"}}
[debug] [2025-11-11T11:47:25.794Z] E1111 13:47:25.794899    6988 watch.go:31] Failed to load config from "c:\\Users\\DevAI Studio\\Documents\\GitHub\\PayMerch\\dataconnect": could not find dataconnect.yaml in `c:\Users\DevAI Studio\Documents\GitHub\PayMerch\dataconnect`
 {"metadata":{"emulator":{"name":"dataconnect"},"message":"E1111 13:47:25.794899    6988 watch.go:31] Failed to load config from \"c:\\\\Users\\\\DevAI Studio\\\\Documents\\\\GitHub\\\\PayMerch\\\\dataconnect\": could not find dataconnect.yaml in `c:\\Users\\DevAI Studio\\Documents\\GitHub\\PayMerch\\dataconnect`\n"}}
[debug] [2025-11-11T11:47:35.794Z] E1111 13:47:35.793942    6988 watch.go:31] Failed to load config from "c:\\Users\\DevAI Studio\\Documents\\GitHub\\PayMerch\\dataconnect": could not find dataconnect.yaml in `c:\Users\DevAI Studio\Documents\GitHub\PayMerch\dataconnect`
 {"metadata":{"emulator":{"name":"dataconnect"},"message":"E1111 13:47:35.793942    6988 watch.go:31] Failed to load config from \"c:\\\\Users\\\\DevAI Studio\\\\Documents\\\\GitHub\\\\PayMerch\\\\dataconnect\": could not find dataconnect.yaml in `c:\\Users\\DevAI Studio\\Documents\\GitHub\\PayMerch\\dataconnect`\n"}}
[debug] [2025-11-11T11:47:45.794Z] E1111 13:47:45.794121    6988 watch.go:31] Failed to load config from "c:\\Users\\DevAI Studio\\Documents\\GitHub\\PayMerch\\dataconnect": could not find dataconnect.yaml in `c:\Users\DevAI Studio\Documents\GitHub\PayMerch\dataconnect`
 {"metadata":{"emulator":{"name":"dataconnect"},"message":"E1111 13:47:45.794121    6988 watch.go:31] Failed to load config from \"c:\\\\Users\\\\DevAI Studio\\\\Documents\\\\GitHub\\\\PayMerch\\\\dataconnect\": could not find dataconnect.yaml in `c:\\Users\\DevAI Studio\\Documents\\GitHub\\PayMerch\\dataconnect`\n"}}
[debug] [2025-11-11T11:47:55.795Z] E1111 13:47:55.794944    6988 watch.go:31] Failed to load config from "c:\\Users\\DevAI Studio\\Documents\\GitHub\\PayMerch\\dataconnect": could not find dataconnect.yaml in `c:\Users\DevAI Studio\Documents\GitHub\PayMerch\dataconnect`
 {"metadata":{"emulator":{"name":"dataconnect"},"message":"E1111 13:47:55.794944    6988 watch.go:31] Failed to load config from \"c:\\\\Users\\\\DevAI Studio\\\\Documents\\\\GitHub\\\\PayMerch\\\\dataconnect\": could not find dataconnect.yaml in `c:\\Users\\DevAI Studio\\Documents\\GitHub\\PayMerch\\dataconnect`\n"}}
[debug] [2025-11-11T11:48:05.794Z] E1111 13:48:05.794408    6988 watch.go:31] Failed to load config from "c:\\Users\\DevAI Studio\\Documents\\GitHub\\PayMerch\\dataconnect": could not find dataconnect.yaml in `c:\Users\DevAI Studio\Documents\GitHub\PayMerch\dataconnect`
 {"metadata":{"emulator":{"name":"dataconnect"},"message":"E1111 13:48:05.794408    6988 watch.go:31] Failed to load config from \"c:\\\\Users\\\\DevAI Studio\\\\Documents\\\\GitHub\\\\PayMerch\\\\dataconnect\": could not find dataconnect.yaml in `c:\\Users\\DevAI Studio\\Documents\\GitHub\\PayMerch\\dataconnect`\n"}}
[debug] [2025-11-11T11:48:15.794Z] E1111 13:48:15.794412    6988 watch.go:31] Failed to load config from "c:\\Users\\DevAI Studio\\Documents\\GitHub\\PayMerch\\dataconnect": could not find dataconnect.yaml in `c:\Users\DevAI Studio\Documents\GitHub\PayMerch\dataconnect`
 {"metadata":{"emulator":{"name":"dataconnect"},"message":"E1111 13:48:15.794412    6988 watch.go:31] Failed to load config from \"c:\\\\Users\\\\DevAI Studio\\\\Documents\\\\GitHub\\\\PayMerch\\\\dataconnect\": could not find dataconnect.yaml in `c:\\Users\\DevAI Studio\\Documents\\GitHub\\PayMerch\\dataconnect`\n"}}
[debug] [2025-11-11T11:48:25.794Z] E1111 13:48:25.794298    6988 watch.go:31] Failed to load config from "c:\\Users\\DevAI Studio\\Documents\\GitHub\\PayMerch\\dataconnect": could not find dataconnect.yaml in `c:\Users\DevAI Studio\Documents\GitHub\PayMerch\dataconnect`
 {"metadata":{"emulator":{"name":"dataconnect"},"message":"E1111 13:48:25.794298    6988 watch.go:31] Failed to load config from \"c:\\\\Users\\\\DevAI Studio\\\\Documents\\\\GitHub\\\\PayMerch\\\\dataconnect\": could not find dataconnect.yaml in `c:\\Users\\DevAI Studio\\Documents\\GitHub\\PayMerch\\dataconnect`\n"}}
[debug] [2025-11-11T11:48:35.794Z] E1111 13:48:35.794562    6988 watch.go:31] Failed to load config from "c:\\Users\\DevAI Studio\\Documents\\GitHub\\PayMerch\\dataconnect": could not find dataconnect.yaml in `c:\Users\DevAI Studio\Documents\GitHub\PayMerch\dataconnect`
 {"metadata":{"emulator":{"name":"dataconnect"},"message":"E1111 13:48:35.794562    6988 watch.go:31] Failed to load config from \"c:\\\\Users\\\\DevAI Studio\\\\Documents\\\\GitHub\\\\PayMerch\\\\dataconnect\": could not find dataconnect.yaml in `c:\\Users\\DevAI Studio\\Documents\\GitHub\\PayMerch\\dataconnect`\n"}}
[debug] [2025-11-11T11:48:45.794Z] E1111 13:48:45.793925    6988 watch.go:31] Failed to load config from "c:\\Users\\DevAI Studio\\Documents\\GitHub\\PayMerch\\dataconnect": could not find dataconnect.yaml in `c:\Users\DevAI Studio\Documents\GitHub\PayMerch\dataconnect`
 {"metadata":{"emulator":{"name":"dataconnect"},"message":"E1111 13:48:45.793925    6988 watch.go:31] Failed to load config from \"c:\\\\Users\\\\DevAI Studio\\\\Documents\\\\GitHub\\\\PayMerch\\\\dataconnect\": could not find dataconnect.yaml in `c:\\Users\\DevAI Studio\\Documents\\GitHub\\PayMerch\\dataconnect`\n"}}
[debug] [2025-11-11T11:48:55.795Z] E1111 13:48:55.794992    6988 watch.go:31] Failed to load config from "c:\\Users\\DevAI Studio\\Documents\\GitHub\\PayMerch\\dataconnect": could not find dataconnect.yaml in `c:\Users\DevAI Studio\Documents\GitHub\PayMerch\dataconnect`
 {"metadata":{"emulator":{"name":"dataconnect"},"message":"E1111 13:48:55.794992    6988 watch.go:31] Failed to load config from \"c:\\\\Users\\\\DevAI Studio\\\\Documents\\\\GitHub\\\\PayMerch\\\\dataconnect\": could not find dataconnect.yaml in `c:\\Users\\DevAI Studio\\Documents\\GitHub\\PayMerch\\dataconnect`\n"}}
[debug] [2025-11-11T11:49:05.794Z] E1111 13:49:05.794019    6988 watch.go:31] Failed to load config from "c:\\Users\\DevAI Studio\\Documents\\GitHub\\PayMerch\\dataconnect": could not find dataconnect.yaml in `c:\Users\DevAI Studio\Documents\GitHub\PayMerch\dataconnect`
 {"metadata":{"emulator":{"name":"dataconnect"},"message":"E1111 13:49:05.794019    6988 watch.go:31] Failed to load config from \"c:\\\\Users\\\\DevAI Studio\\\\Documents\\\\GitHub\\\\PayMerch\\\\dataconnect\": could not find dataconnect.yaml in `c:\\Users\\DevAI Studio\\Documents\\GitHub\\PayMerch\\dataconnect`\n"}}
[debug] [2025-11-11T11:49:15.795Z] E1111 13:49:15.794678    6988 watch.go:31] Failed to load config from "c:\\Users\\DevAI Studio\\Documents\\GitHub\\PayMerch\\dataconnect": could not find dataconnect.yaml in `c:\Users\DevAI Studio\Documents\GitHub\PayMerch\dataconnect`
E1111 13:49:15.794678    6988 watch.go:102] watchAllDir unable to walk dir `c:\Users\DevAI Studio\Documents\GitHub\PayMerch\dataconnect`: CreateFile c:\Users\DevAI Studio\Documents\GitHub\PayMerch\dataconnect: The system cannot find the file specified.
 {"metadata":{"emulator":{"name":"dataconnect"},"message":"E1111 13:49:15.794678    6988 watch.go:31] Failed to load config from \"c:\\\\Users\\\\DevAI Studio\\\\Documents\\\\GitHub\\\\PayMerch\\\\dataconnect\": could not find dataconnect.yaml in `c:\\Users\\DevAI Studio\\Documents\\GitHub\\PayMerch\\dataconnect`\nE1111 13:49:15.794678    6988 watch.go:102] watchAllDir unable to walk dir `c:\\Users\\DevAI Studio\\Documents\\GitHub\\PayMerch\\dataconnect`: CreateFile c:\\Users\\DevAI Studio\\Documents\\GitHub\\PayMerch\\dataconnect: The system cannot find the file specified.\n"}}
[debug] [2025-11-11T11:49:25.795Z] E1111 13:49:25.794855    6988 watch.go:31] Failed to load config from "c:\\Users\\DevAI Studio\\Documents\\GitHub\\PayMerch\\dataconnect": could not find dataconnect.yaml in `c:\Users\DevAI Studio\Documents\GitHub\PayMerch\dataconnect`
 {"metadata":{"emulator":{"name":"dataconnect"},"message":"E1111 13:49:25.794855    6988 watch.go:31] Failed to load config from \"c:\\\\Users\\\\DevAI Studio\\\\Documents\\\\GitHub\\\\PayMerch\\\\dataconnect\": could not find dataconnect.yaml in `c:\\Users\\DevAI Studio\\Documents\\GitHub\\PayMerch\\dataconnect`\n"}}
[debug] [2025-11-11T11:49:35.795Z] E1111 13:49:35.794793    6988 watch.go:31] Failed to load config from "c:\\Users\\DevAI Studio\\Documents\\GitHub\\PayMerch\\dataconnect": could not find dataconnect.yaml in `c:\Users\DevAI Studio\Documents\GitHub\PayMerch\dataconnect`
 {"metadata":{"emulator":{"name":"dataconnect"},"message":"E1111 13:49:35.794793    6988 watch.go:31] Failed to load config from \"c:\\\\Users\\\\DevAI Studio\\\\Documents\\\\GitHub\\\\PayMerch\\\\dataconnect\": could not find dataconnect.yaml in `c:\\Users\\DevAI Studio\\Documents\\GitHub\\PayMerch\\dataconnect`\n"}}
[debug] [2025-11-11T11:49:45.795Z] E1111 13:49:45.794735    6988 watch.go:31] Failed to load config from "c:\\Users\\DevAI Studio\\Documents\\GitHub\\PayMerch\\dataconnect": could not find dataconnect.yaml in `c:\Users\DevAI Studio\Documents\GitHub\PayMerch\dataconnect`
 {"metadata":{"emulator":{"name":"dataconnect"},"message":"E1111 13:49:45.794735    6988 watch.go:31] Failed to load config from \"c:\\\\Users\\\\DevAI Studio\\\\Documents\\\\GitHub\\\\PayMerch\\\\dataconnect\": could not find dataconnect.yaml in `c:\\Users\\DevAI Studio\\Documents\\GitHub\\PayMerch\\dataconnect`\n"}}
[debug] [2025-11-11T11:49:55.794Z] E1111 13:49:55.794751    6988 watch.go:31] Failed to load config from "c:\\Users\\DevAI Studio\\Documents\\GitHub\\PayMerch\\dataconnect": could not find dataconnect.yaml in `c:\Users\DevAI Studio\Documents\GitHub\PayMerch\dataconnect`
 {"metadata":{"emulator":{"name":"dataconnect"},"message":"E1111 13:49:55.794751    6988 watch.go:31] Failed to load config from \"c:\\\\Users\\\\DevAI Studio\\\\Documents\\\\GitHub\\\\PayMerch\\\\dataconnect\": could not find dataconnect.yaml in `c:\\Users\\DevAI Studio\\Documents\\GitHub\\PayMerch\\dataconnect`\n"}}
[debug] [2025-11-11T11:50:05.794Z] E1111 13:50:05.794469    6988 watch.go:31] Failed to load config from "c:\\Users\\DevAI Studio\\Documents\\GitHub\\PayMerch\\dataconnect": could not find dataconnect.yaml in `c:\Users\DevAI Studio\Documents\GitHub\PayMerch\dataconnect`
 {"metadata":{"emulator":{"name":"dataconnect"},"message":"E1111 13:50:05.794469    6988 watch.go:31] Failed to load config from \"c:\\\\Users\\\\DevAI Studio\\\\Documents\\\\GitHub\\\\PayMerch\\\\dataconnect\": could not find dataconnect.yaml in `c:\\Users\\DevAI Studio\\Documents\\GitHub\\PayMerch\\dataconnect`\n"}}
[debug] [2025-11-11T11:50:15.794Z] E1111 13:50:15.793944    6988 watch.go:31] Failed to load config from "c:\\Users\\DevAI Studio\\Documents\\GitHub\\PayMerch\\dataconnect": could not find dataconnect.yaml in `c:\Users\DevAI Studio\Documents\GitHub\PayMerch\dataconnect`
 {"metadata":{"emulator":{"name":"dataconnect"},"message":"E1111 13:50:15.793944    6988 watch.go:31] Failed to load config from \"c:\\\\Users\\\\DevAI Studio\\\\Documents\\\\GitHub\\\\PayMerch\\\\dataconnect\": could not find dataconnect.yaml in `c:\\Users\\DevAI Studio\\Documents\\GitHub\\PayMerch\\dataconnect`\n"}}
[debug] [2025-11-11T11:50:25.794Z] E1111 13:50:25.794337    6988 watch.go:31] Failed to load config from "c:\\Users\\DevAI Studio\\Documents\\GitHub\\PayMerch\\dataconnect": could not find dataconnect.yaml in `c:\Users\DevAI Studio\Documents\GitHub\PayMerch\dataconnect`
 {"metadata":{"emulator":{"name":"dataconnect"},"message":"E1111 13:50:25.794337    6988 watch.go:31] Failed to load config from \"c:\\\\Users\\\\DevAI Studio\\\\Documents\\\\GitHub\\\\PayMerch\\\\dataconnect\": could not find dataconnect.yaml in `c:\\Users\\DevAI Studio\\Documents\\GitHub\\PayMerch\\dataconnect`\n"}}
[debug] [2025-11-11T11:50:35.794Z] E1111 13:50:35.794540    6988 watch.go:31] Failed to load config from "c:\\Users\\DevAI Studio\\Documents\\GitHub\\PayMerch\\dataconnect": could not find dataconnect.yaml in `c:\Users\DevAI Studio\Documents\GitHub\PayMerch\dataconnect`
 {"metadata":{"emulator":{"name":"dataconnect"},"message":"E1111 13:50:35.794540    6988 watch.go:31] Failed to load config from \"c:\\\\Users\\\\DevAI Studio\\\\Documents\\\\GitHub\\\\PayMerch\\\\dataconnect\": could not find dataconnect.yaml in `c:\\Users\\DevAI Studio\\Documents\\GitHub\\PayMerch\\dataconnect`\n"}}
[debug] [2025-11-11T11:50:45.794Z] E1111 13:50:45.795031    6988 watch.go:31] Failed to load config from "c:\\Users\\DevAI Studio\\Documents\\GitHub\\PayMerch\\dataconnect": could not find dataconnect.yaml in `c:\Users\DevAI Studio\Documents\GitHub\PayMerch\dataconnect`
 {"metadata":{"emulator":{"name":"dataconnect"},"message":"E1111 13:50:45.795031    6988 watch.go:31] Failed to load config from \"c:\\\\Users\\\\DevAI Studio\\\\Documents\\\\GitHub\\\\PayMerch\\\\dataconnect\": could not find dataconnect.yaml in `c:\\Users\\DevAI Studio\\Documents\\GitHub\\PayMerch\\dataconnect`\n"}}
[debug] [2025-11-11T11:50:55.794Z] E1111 13:50:55.794199    6988 watch.go:31] Failed to load config from "c:\\Users\\DevAI Studio\\Documents\\GitHub\\PayMerch\\dataconnect": could not find dataconnect.yaml in `c:\Users\DevAI Studio\Documents\GitHub\PayMerch\dataconnect`
 {"metadata":{"emulator":{"name":"dataconnect"},"message":"E1111 13:50:55.794199    6988 watch.go:31] Failed to load config from \"c:\\\\Users\\\\DevAI Studio\\\\Documents\\\\GitHub\\\\PayMerch\\\\dataconnect\": could not find dataconnect.yaml in `c:\\Users\\DevAI Studio\\Documents\\GitHub\\PayMerch\\dataconnect`\n"}}
[debug] [2025-11-11T11:51:05.794Z] E1111 13:51:05.794322    6988 watch.go:31] Failed to load config from "c:\\Users\\DevAI Studio\\Documents\\GitHub\\PayMerch\\dataconnect": could not find dataconnect.yaml in `c:\Users\DevAI Studio\Documents\GitHub\PayMerch\dataconnect`
 {"metadata":{"emulator":{"name":"dataconnect"},"message":"E1111 13:51:05.794322    6988 watch.go:31] Failed to load config from \"c:\\\\Users\\\\DevAI Studio\\\\Documents\\\\GitHub\\\\PayMerch\\\\dataconnect\": could not find dataconnect.yaml in `c:\\Users\\DevAI Studio\\Documents\\GitHub\\PayMerch\\dataconnect`\n"}}
[debug] [2025-11-11T11:51:15.794Z] E1111 13:51:15.794042    6988 watch.go:31] Failed to load config from "c:\\Users\\DevAI Studio\\Documents\\GitHub\\PayMerch\\dataconnect": could not find dataconnect.yaml in `c:\Users\DevAI Studio\Documents\GitHub\PayMerch\dataconnect`
E1111 13:51:15.794554    6988 watch.go:102] watchAllDir unable to walk dir `c:\Users\DevAI Studio\Documents\GitHub\PayMerch\dataconnect`: CreateFile c:\Users\DevAI Studio\Documents\GitHub\PayMerch\dataconnect: The system cannot find the file specified.
 {"metadata":{"emulator":{"name":"dataconnect"},"message":"E1111 13:51:15.794042    6988 watch.go:31] Failed to load config from \"c:\\\\Users\\\\DevAI Studio\\\\Documents\\\\GitHub\\\\PayMerch\\\\dataconnect\": could not find dataconnect.yaml in `c:\\Users\\DevAI Studio\\Documents\\GitHub\\PayMerch\\dataconnect`\nE1111 13:51:15.794554    6988 watch.go:102] watchAllDir unable to walk dir `c:\\Users\\DevAI Studio\\Documents\\GitHub\\PayMerch\\dataconnect`: CreateFile c:\\Users\\DevAI Studio\\Documents\\GitHub\\PayMerch\\dataconnect: The system cannot find the file specified.\n"}}
[debug] [2025-11-11T11:51:25.794Z] E1111 13:51:25.794803    6988 watch.go:31] Failed to load config from "c:\\Users\\DevAI Studio\\Documents\\GitHub\\PayMerch\\dataconnect": could not find dataconnect.yaml in `c:\Users\DevAI Studio\Documents\GitHub\PayMerch\dataconnect`
 {"metadata":{"emulator":{"name":"dataconnect"},"message":"E1111 13:51:25.794803    6988 watch.go:31] Failed to load config from \"c:\\\\Users\\\\DevAI Studio\\\\Documents\\\\GitHub\\\\PayMerch\\\\dataconnect\": could not find dataconnect.yaml in `c:\\Users\\DevAI Studio\\Documents\\GitHub\\PayMerch\\dataconnect`\n"}}
[debug] [2025-11-11T11:51:35.794Z] E1111 13:51:35.794644    6988 watch.go:31] Failed to load config from "c:\\Users\\DevAI Studio\\Documents\\GitHub\\PayMerch\\dataconnect": could not find dataconnect.yaml in `c:\Users\DevAI Studio\Documents\GitHub\PayMerch\dataconnect`
 {"metadata":{"emulator":{"name":"dataconnect"},"message":"E1111 13:51:35.794644    6988 watch.go:31] Failed to load config from \"c:\\\\Users\\\\DevAI Studio\\\\Documents\\\\GitHub\\\\PayMerch\\\\dataconnect\": could not find dataconnect.yaml in `c:\\Users\\DevAI Studio\\Documents\\GitHub\\PayMerch\\dataconnect`\n"}}
[debug] [2025-11-11T11:51:45.794Z] E1111 13:51:45.794191    6988 watch.go:31] Failed to load config from "c:\\Users\\DevAI Studio\\Documents\\GitHub\\PayMerch\\dataconnect": could not find dataconnect.yaml in `c:\Users\DevAI Studio\Documents\GitHub\PayMerch\dataconnect`
 {"metadata":{"emulator":{"name":"dataconnect"},"message":"E1111 13:51:45.794191    6988 watch.go:31] Failed to load config from \"c:\\\\Users\\\\DevAI Studio\\\\Documents\\\\GitHub\\\\PayMerch\\\\dataconnect\": could not find dataconnect.yaml in `c:\\Users\\DevAI Studio\\Documents\\GitHub\\PayMerch\\dataconnect`\n"}}
[debug] [2025-11-11T11:51:55.795Z] E1111 13:51:55.794751    6988 watch.go:31] Failed to load config from "c:\\Users\\DevAI Studio\\Documents\\GitHub\\PayMerch\\dataconnect": could not find dataconnect.yaml in `c:\Users\DevAI Studio\Documents\GitHub\PayMerch\dataconnect`
 {"metadata":{"emulator":{"name":"dataconnect"},"message":"E1111 13:51:55.794751    6988 watch.go:31] Failed to load config from \"c:\\\\Users\\\\DevAI Studio\\\\Documents\\\\GitHub\\\\PayMerch\\\\dataconnect\": could not find dataconnect.yaml in `c:\\Users\\DevAI Studio\\Documents\\GitHub\\PayMerch\\dataconnect`\n"}}
[debug] [2025-11-11T11:52:05.794Z] E1111 13:52:05.794386    6988 watch.go:31] Failed to load config from "c:\\Users\\DevAI Studio\\Documents\\GitHub\\PayMerch\\dataconnect": could not find dataconnect.yaml in `c:\Users\DevAI Studio\Documents\GitHub\PayMerch\dataconnect`
 {"metadata":{"emulator":{"name":"dataconnect"},"message":"E1111 13:52:05.794386    6988 watch.go:31] Failed to load config from \"c:\\\\Users\\\\DevAI Studio\\\\Documents\\\\GitHub\\\\PayMerch\\\\dataconnect\": could not find dataconnect.yaml in `c:\\Users\\DevAI Studio\\Documents\\GitHub\\PayMerch\\dataconnect`\n"}}
[debug] [2025-11-11T11:52:15.794Z] E1111 13:52:15.794212    6988 watch.go:31] Failed to load config from "c:\\Users\\DevAI Studio\\Documents\\GitHub\\PayMerch\\dataconnect": could not find dataconnect.yaml in `c:\Users\DevAI Studio\Documents\GitHub\PayMerch\dataconnect`
 {"metadata":{"emulator":{"name":"dataconnect"},"message":"E1111 13:52:15.794212    6988 watch.go:31] Failed to load config from \"c:\\\\Users\\\\DevAI Studio\\\\Documents\\\\GitHub\\\\PayMerch\\\\dataconnect\": could not find dataconnect.yaml in `c:\\Users\\DevAI Studio\\Documents\\GitHub\\PayMerch\\dataconnect`\n"}}
[debug] [2025-11-11T11:52:25.793Z] E1111 13:52:25.794011    6988 watch.go:31] Failed to load config from "c:\\Users\\DevAI Studio\\Documents\\GitHub\\PayMerch\\dataconnect": could not find dataconnect.yaml in `c:\Users\DevAI Studio\Documents\GitHub\PayMerch\dataconnect`
 {"metadata":{"emulator":{"name":"dataconnect"},"message":"E1111 13:52:25.794011    6988 watch.go:31] Failed to load config from \"c:\\\\Users\\\\DevAI Studio\\\\Documents\\\\GitHub\\\\PayMerch\\\\dataconnect\": could not find dataconnect.yaml in `c:\\Users\\DevAI Studio\\Documents\\GitHub\\PayMerch\\dataconnect`\n"}}
[debug] [2025-11-11T11:52:35.794Z] E1111 13:52:35.794543    6988 watch.go:31] Failed to load config from "c:\\Users\\DevAI Studio\\Documents\\GitHub\\PayMerch\\dataconnect": could not find dataconnect.yaml in `c:\Users\DevAI Studio\Documents\GitHub\PayMerch\dataconnect`
 {"metadata":{"emulator":{"name":"dataconnect"},"message":"E1111 13:52:35.794543    6988 watch.go:31] Failed to load config from \"c:\\\\Users\\\\DevAI Studio\\\\Documents\\\\GitHub\\\\PayMerch\\\\dataconnect\": could not find dataconnect.yaml in `c:\\Users\\DevAI Studio\\Documents\\GitHub\\PayMerch\\dataconnect`\n"}}
[debug] [2025-11-11T11:52:45.793Z] E1111 13:52:45.793856    6988 watch.go:31] Failed to load config from "c:\\Users\\DevAI Studio\\Documents\\GitHub\\PayMerch\\dataconnect": could not find dataconnect.yaml in `c:\Users\DevAI Studio\Documents\GitHub\PayMerch\dataconnect`
 {"metadata":{"emulator":{"name":"dataconnect"},"message":"E1111 13:52:45.793856    6988 watch.go:31] Failed to load config from \"c:\\\\Users\\\\DevAI Studio\\\\Documents\\\\GitHub\\\\PayMerch\\\\dataconnect\": could not find dataconnect.yaml in `c:\\Users\\DevAI Studio\\Documents\\GitHub\\PayMerch\\dataconnect`\n"}}
[debug] [2025-11-11T11:52:55.794Z] E1111 13:52:55.794607    6988 watch.go:31] Failed to load config from "c:\\Users\\DevAI Studio\\Documents\\GitHub\\PayMerch\\dataconnect": could not find dataconnect.yaml in `c:\Users\DevAI Studio\Documents\GitHub\PayMerch\dataconnect`
 {"metadata":{"emulator":{"name":"dataconnect"},"message":"E1111 13:52:55.794607    6988 watch.go:31] Failed to load config from \"c:\\\\Users\\\\DevAI Studio\\\\Documents\\\\GitHub\\\\PayMerch\\\\dataconnect\": could not find dataconnect.yaml in `c:\\Users\\DevAI Studio\\Documents\\GitHub\\PayMerch\\dataconnect`\n"}}
[debug] [2025-11-11T11:53:05.794Z] E1111 13:53:05.794239    6988 watch.go:31] Failed to load config from "c:\\Users\\DevAI Studio\\Documents\\GitHub\\PayMerch\\dataconnect": could not find dataconnect.yaml in `c:\Users\DevAI Studio\Documents\GitHub\PayMerch\dataconnect`
 {"metadata":{"emulator":{"name":"dataconnect"},"message":"E1111 13:53:05.794239    6988 watch.go:31] Failed to load config from \"c:\\\\Users\\\\DevAI Studio\\\\Documents\\\\GitHub\\\\PayMerch\\\\dataconnect\": could not find dataconnect.yaml in `c:\\Users\\DevAI Studio\\Documents\\GitHub\\PayMerch\\dataconnect`\n"}}
[debug] [2025-11-11T11:53:15.795Z] E1111 13:53:15.794885    6988 watch.go:31] Failed to load config from "c:\\Users\\DevAI Studio\\Documents\\GitHub\\PayMerch\\dataconnect": could not find dataconnect.yaml in `c:\Users\DevAI Studio\Documents\GitHub\PayMerch\dataconnect`
E1111 13:53:15.794885    6988 watch.go:102] watchAllDir unable to walk dir `c:\Users\DevAI Studio\Documents\GitHub\PayMerch\dataconnect`: CreateFile c:\Users\DevAI Studio\Documents\GitHub\PayMerch\dataconnect: The system cannot find the file specified.
 {"metadata":{"emulator":{"name":"dataconnect"},"message":"E1111 13:53:15.794885    6988 watch.go:31] Failed to load config from \"c:\\\\Users\\\\DevAI Studio\\\\Documents\\\\GitHub\\\\PayMerch\\\\dataconnect\": could not find dataconnect.yaml in `c:\\Users\\DevAI Studio\\Documents\\GitHub\\PayMerch\\dataconnect`\nE1111 13:53:15.794885    6988 watch.go:102] watchAllDir unable to walk dir `c:\\Users\\DevAI Studio\\Documents\\GitHub\\PayMerch\\dataconnect`: CreateFile c:\\Users\\DevAI Studio\\Documents\\GitHub\\PayMerch\\dataconnect: The system cannot find the file specified.\n"}}
[debug] [2025-11-11T11:53:25.794Z] E1111 13:53:25.794315    6988 watch.go:31] Failed to load config from "c:\\Users\\DevAI Studio\\Documents\\GitHub\\PayMerch\\dataconnect": could not find dataconnect.yaml in `c:\Users\DevAI Studio\Documents\GitHub\PayMerch\dataconnect`
 {"metadata":{"emulator":{"name":"dataconnect"},"message":"E1111 13:53:25.794315    6988 watch.go:31] Failed to load config from \"c:\\\\Users\\\\DevAI Studio\\\\Documents\\\\GitHub\\\\PayMerch\\\\dataconnect\": could not find dataconnect.yaml in `c:\\Users\\DevAI Studio\\Documents\\GitHub\\PayMerch\\dataconnect`\n"}}
[debug] [2025-11-11T11:53:35.794Z] E1111 13:53:35.794626    6988 watch.go:31] Failed to load config from "c:\\Users\\DevAI Studio\\Documents\\GitHub\\PayMerch\\dataconnect": could not find dataconnect.yaml in `c:\Users\DevAI Studio\Documents\GitHub\PayMerch\dataconnect`
 {"metadata":{"emulator":{"name":"dataconnect"},"message":"E1111 13:53:35.794626    6988 watch.go:31] Failed to load config from \"c:\\\\Users\\\\DevAI Studio\\\\Documents\\\\GitHub\\\\PayMerch\\\\dataconnect\": could not find dataconnect.yaml in `c:\\Users\\DevAI Studio\\Documents\\GitHub\\PayMerch\\dataconnect`\n"}}
[debug] [2025-11-11T11:53:45.794Z] E1111 13:53:45.794232    6988 watch.go:31] Failed to load config from "c:\\Users\\DevAI Studio\\Documents\\GitHub\\PayMerch\\dataconnect": could not find dataconnect.yaml in `c:\Users\DevAI Studio\Documents\GitHub\PayMerch\dataconnect`
 {"metadata":{"emulator":{"name":"dataconnect"},"message":"E1111 13:53:45.794232    6988 watch.go:31] Failed to load config from \"c:\\\\Users\\\\DevAI Studio\\\\Documents\\\\GitHub\\\\PayMerch\\\\dataconnect\": could not find dataconnect.yaml in `c:\\Users\\DevAI Studio\\Documents\\GitHub\\PayMerch\\dataconnect`\n"}}
[debug] [2025-11-11T11:53:55.794Z] E1111 13:53:55.793991    6988 watch.go:31] Failed to load config from "c:\\Users\\DevAI Studio\\Documents\\GitHub\\PayMerch\\dataconnect": could not find dataconnect.yaml in `c:\Users\DevAI Studio\Documents\GitHub\PayMerch\dataconnect`
 {"metadata":{"emulator":{"name":"dataconnect"},"message":"E1111 13:53:55.793991    6988 watch.go:31] Failed to load config from \"c:\\\\Users\\\\DevAI Studio\\\\Documents\\\\GitHub\\\\PayMerch\\\\dataconnect\": could not find dataconnect.yaml in `c:\\Users\\DevAI Studio\\Documents\\GitHub\\PayMerch\\dataconnect`\n"}}
[debug] [2025-11-11T11:54:05.795Z] E1111 13:54:05.794670    6988 watch.go:31] Failed to load config from "c:\\Users\\DevAI Studio\\Documents\\GitHub\\PayMerch\\dataconnect": could not find dataconnect.yaml in `c:\Users\DevAI Studio\Documents\GitHub\PayMerch\dataconnect`
 {"metadata":{"emulator":{"name":"dataconnect"},"message":"E1111 13:54:05.794670    6988 watch.go:31] Failed to load config from \"c:\\\\Users\\\\DevAI Studio\\\\Documents\\\\GitHub\\\\PayMerch\\\\dataconnect\": could not find dataconnect.yaml in `c:\\Users\\DevAI Studio\\Documents\\GitHub\\PayMerch\\dataconnect`\n"}}
[debug] [2025-11-11T11:54:15.794Z] E1111 13:54:15.794546    6988 watch.go:31] Failed to load config from "c:\\Users\\DevAI Studio\\Documents\\GitHub\\PayMerch\\dataconnect": could not find dataconnect.yaml in `c:\Users\DevAI Studio\Documents\GitHub\PayMerch\dataconnect`
 {"metadata":{"emulator":{"name":"dataconnect"},"message":"E1111 13:54:15.794546    6988 watch.go:31] Failed to load config from \"c:\\\\Users\\\\DevAI Studio\\\\Documents\\\\GitHub\\\\PayMerch\\\\dataconnect\": could not find dataconnect.yaml in `c:\\Users\\DevAI Studio\\Documents\\GitHub\\PayMerch\\dataconnect`\n"}}
[debug] [2025-11-11T11:54:25.794Z] E1111 13:54:25.794576    6988 watch.go:31] Failed to load config from "c:\\Users\\DevAI Studio\\Documents\\GitHub\\PayMerch\\dataconnect": could not find dataconnect.yaml in `c:\Users\DevAI Studio\Documents\GitHub\PayMerch\dataconnect`
 {"metadata":{"emulator":{"name":"dataconnect"},"message":"E1111 13:54:25.794576    6988 watch.go:31] Failed to load config from \"c:\\\\Users\\\\DevAI Studio\\\\Documents\\\\GitHub\\\\PayMerch\\\\dataconnect\": could not find dataconnect.yaml in `c:\\Users\\DevAI Studio\\Documents\\GitHub\\PayMerch\\dataconnect`\n"}}
[debug] [2025-11-11T11:54:35.794Z] E1111 13:54:35.794296    6988 watch.go:31] Failed to load config from "c:\\Users\\DevAI Studio\\Documents\\GitHub\\PayMerch\\dataconnect": could not find dataconnect.yaml in `c:\Users\DevAI Studio\Documents\GitHub\PayMerch\dataconnect`
 {"metadata":{"emulator":{"name":"dataconnect"},"message":"E1111 13:54:35.794296    6988 watch.go:31] Failed to load config from \"c:\\\\Users\\\\DevAI Studio\\\\Documents\\\\GitHub\\\\PayMerch\\\\dataconnect\": could not find dataconnect.yaml in `c:\\Users\\DevAI Studio\\Documents\\GitHub\\PayMerch\\dataconnect`\n"}}
[debug] [2025-11-11T11:54:45.794Z] E1111 13:54:45.794946    6988 watch.go:31] Failed to load config from "c:\\Users\\DevAI Studio\\Documents\\GitHub\\PayMerch\\dataconnect": could not find dataconnect.yaml in `c:\Users\DevAI Studio\Documents\GitHub\PayMerch\dataconnect`
 {"metadata":{"emulator":{"name":"dataconnect"},"message":"E1111 13:54:45.794946    6988 watch.go:31] Failed to load config from \"c:\\\\Users\\\\DevAI Studio\\\\Documents\\\\GitHub\\\\PayMerch\\\\dataconnect\": could not find dataconnect.yaml in `c:\\Users\\DevAI Studio\\Documents\\GitHub\\PayMerch\\dataconnect`\n"}}
[debug] [2025-11-11T11:54:55.794Z] E1111 13:54:55.794549    6988 watch.go:31] Failed to load config from "c:\\Users\\DevAI Studio\\Documents\\GitHub\\PayMerch\\dataconnect": could not find dataconnect.yaml in `c:\Users\DevAI Studio\Documents\GitHub\PayMerch\dataconnect`
 {"metadata":{"emulator":{"name":"dataconnect"},"message":"E1111 13:54:55.794549    6988 watch.go:31] Failed to load config from \"c:\\\\Users\\\\DevAI Studio\\\\Documents\\\\GitHub\\\\PayMerch\\\\dataconnect\": could not find dataconnect.yaml in `c:\\Users\\DevAI Studio\\Documents\\GitHub\\PayMerch\\dataconnect`\n"}}
[debug] [2025-11-11T11:55:05.794Z] E1111 13:55:05.794246    6988 watch.go:31] Failed to load config from "c:\\Users\\DevAI Studio\\Documents\\GitHub\\PayMerch\\dataconnect": could not find dataconnect.yaml in `c:\Users\DevAI Studio\Documents\GitHub\PayMerch\dataconnect`
 {"metadata":{"emulator":{"name":"dataconnect"},"message":"E1111 13:55:05.794246    6988 watch.go:31] Failed to load config from \"c:\\\\Users\\\\DevAI Studio\\\\Documents\\\\GitHub\\\\PayMerch\\\\dataconnect\": could not find dataconnect.yaml in `c:\\Users\\DevAI Studio\\Documents\\GitHub\\PayMerch\\dataconnect`\n"}}
[debug] [2025-11-11T11:55:15.795Z] E1111 13:55:15.795138    6988 watch.go:31] Failed to load config from "c:\\Users\\DevAI Studio\\Documents\\GitHub\\PayMerch\\dataconnect": could not find dataconnect.yaml in `c:\Users\DevAI Studio\Documents\GitHub\PayMerch\dataconnect`
E1111 13:55:15.795138    6988 watch.go:102] watchAllDir unable to walk dir `c:\Users\DevAI Studio\Documents\GitHub\PayMerch\dataconnect`: CreateFile c:\Users\DevAI Studio\Documents\GitHub\PayMerch\dataconnect: The system cannot find the file specified.
 {"metadata":{"emulator":{"name":"dataconnect"},"message":"E1111 13:55:15.795138    6988 watch.go:31] Failed to load config from \"c:\\\\Users\\\\DevAI Studio\\\\Documents\\\\GitHub\\\\PayMerch\\\\dataconnect\": could not find dataconnect.yaml in `c:\\Users\\DevAI Studio\\Documents\\GitHub\\PayMerch\\dataconnect`\nE1111 13:55:15.795138    6988 watch.go:102] watchAllDir unable to walk dir `c:\\Users\\DevAI Studio\\Documents\\GitHub\\PayMerch\\dataconnect`: CreateFile c:\\Users\\DevAI Studio\\Documents\\GitHub\\PayMerch\\dataconnect: The system cannot find the file specified.\n"}}
[debug] [2025-11-11T11:55:25.794Z] E1111 13:55:25.794427    6988 watch.go:31] Failed to load config from "c:\\Users\\DevAI Studio\\Documents\\GitHub\\PayMerch\\dataconnect": could not find dataconnect.yaml in `c:\Users\DevAI Studio\Documents\GitHub\PayMerch\dataconnect`
 {"metadata":{"emulator":{"name":"dataconnect"},"message":"E1111 13:55:25.794427    6988 watch.go:31] Failed to load config from \"c:\\\\Users\\\\DevAI Studio\\\\Documents\\\\GitHub\\\\PayMerch\\\\dataconnect\": could not find dataconnect.yaml in `c:\\Users\\DevAI Studio\\Documents\\GitHub\\PayMerch\\dataconnect`\n"}}
[debug] [2025-11-11T11:55:35.793Z] E1111 13:55:35.793871    6988 watch.go:31] Failed to load config from "c:\\Users\\DevAI Studio\\Documents\\GitHub\\PayMerch\\dataconnect": could not find dataconnect.yaml in `c:\Users\DevAI Studio\Documents\GitHub\PayMerch\dataconnect`
 {"metadata":{"emulator":{"name":"dataconnect"},"message":"E1111 13:55:35.793871    6988 watch.go:31] Failed to load config from \"c:\\\\Users\\\\DevAI Studio\\\\Documents\\\\GitHub\\\\PayMerch\\\\dataconnect\": could not find dataconnect.yaml in `c:\\Users\\DevAI Studio\\Documents\\GitHub\\PayMerch\\dataconnect`\n"}}
[debug] [2025-11-11T11:55:45.794Z] E1111 13:55:45.794573    6988 watch.go:31] Failed to load config from "c:\\Users\\DevAI Studio\\Documents\\GitHub\\PayMerch\\dataconnect": could not find dataconnect.yaml in `c:\Users\DevAI Studio\Documents\GitHub\PayMerch\dataconnect`
 {"metadata":{"emulator":{"name":"dataconnect"},"message":"E1111 13:55:45.794573    6988 watch.go:31] Failed to load config from \"c:\\\\Users\\\\DevAI Studio\\\\Documents\\\\GitHub\\\\PayMerch\\\\dataconnect\": could not find dataconnect.yaml in `c:\\Users\\DevAI Studio\\Documents\\GitHub\\PayMerch\\dataconnect`\n"}}
[debug] [2025-11-11T11:55:55.794Z] E1111 13:55:55.794512    6988 watch.go:31] Failed to load config from "c:\\Users\\DevAI Studio\\Documents\\GitHub\\PayMerch\\dataconnect": could not find dataconnect.yaml in `c:\Users\DevAI Studio\Documents\GitHub\PayMerch\dataconnect`
 {"metadata":{"emulator":{"name":"dataconnect"},"message":"E1111 13:55:55.794512    6988 watch.go:31] Failed to load config from \"c:\\\\Users\\\\DevAI Studio\\\\Documents\\\\GitHub\\\\PayMerch\\\\dataconnect\": could not find dataconnect.yaml in `c:\\Users\\DevAI Studio\\Documents\\GitHub\\PayMerch\\dataconnect`\n"}}
[debug] [2025-11-11T11:56:05.795Z] E1111 13:56:05.794989    6988 watch.go:31] Failed to load config from "c:\\Users\\DevAI Studio\\Documents\\GitHub\\PayMerch\\dataconnect": could not find dataconnect.yaml in `c:\Users\DevAI Studio\Documents\GitHub\PayMerch\dataconnect`
 {"metadata":{"emulator":{"name":"dataconnect"},"message":"E1111 13:56:05.794989    6988 watch.go:31] Failed to load config from \"c:\\\\Users\\\\DevAI Studio\\\\Documents\\\\GitHub\\\\PayMerch\\\\dataconnect\": could not find dataconnect.yaml in `c:\\Users\\DevAI Studio\\Documents\\GitHub\\PayMerch\\dataconnect`\n"}}
[debug] [2025-11-11T11:56:15.795Z] E1111 13:56:15.794798    6988 watch.go:31] Failed to load config from "c:\\Users\\DevAI Studio\\Documents\\GitHub\\PayMerch\\dataconnect": could not find dataconnect.yaml in `c:\Users\DevAI Studio\Documents\GitHub\PayMerch\dataconnect`
 {"metadata":{"emulator":{"name":"dataconnect"},"message":"E1111 13:56:15.794798    6988 watch.go:31] Failed to load config from \"c:\\\\Users\\\\DevAI Studio\\\\Documents\\\\GitHub\\\\PayMerch\\\\dataconnect\": could not find dataconnect.yaml in `c:\\Users\\DevAI Studio\\Documents\\GitHub\\PayMerch\\dataconnect`\n"}}
[debug] [2025-11-11T11:56:25.794Z] E1111 13:56:25.793880    6988 watch.go:31] Failed to load config from "c:\\Users\\DevAI Studio\\Documents\\GitHub\\PayMerch\\dataconnect": could not find dataconnect.yaml in `c:\Users\DevAI Studio\Documents\GitHub\PayMerch\dataconnect`
 {"metadata":{"emulator":{"name":"dataconnect"},"message":"E1111 13:56:25.793880    6988 watch.go:31] Failed to load config from \"c:\\\\Users\\\\DevAI Studio\\\\Documents\\\\GitHub\\\\PayMerch\\\\dataconnect\": could not find dataconnect.yaml in `c:\\Users\\DevAI Studio\\Documents\\GitHub\\PayMerch\\dataconnect`\n"}}
[debug] [2025-11-11T11:56:35.794Z] E1111 13:56:35.794218    6988 watch.go:31] Failed to load config from "c:\\Users\\DevAI Studio\\Documents\\GitHub\\PayMerch\\dataconnect": could not find dataconnect.yaml in `c:\Users\DevAI Studio\Documents\GitHub\PayMerch\dataconnect`
 {"metadata":{"emulator":{"name":"dataconnect"},"message":"E1111 13:56:35.794218    6988 watch.go:31] Failed to load config from \"c:\\\\Users\\\\DevAI Studio\\\\Documents\\\\GitHub\\\\PayMerch\\\\dataconnect\": could not find dataconnect.yaml in `c:\\Users\\DevAI Studio\\Documents\\GitHub\\PayMerch\\dataconnect`\n"}}
[debug] [2025-11-11T11:56:45.794Z] E1111 13:56:45.794869    6988 watch.go:31] Failed to load config from "c:\\Users\\DevAI Studio\\Documents\\GitHub\\PayMerch\\dataconnect": could not find dataconnect.yaml in `c:\Users\DevAI Studio\Documents\GitHub\PayMerch\dataconnect`
 {"metadata":{"emulator":{"name":"dataconnect"},"message":"E1111 13:56:45.794869    6988 watch.go:31] Failed to load config from \"c:\\\\Users\\\\DevAI Studio\\\\Documents\\\\GitHub\\\\PayMerch\\\\dataconnect\": could not find dataconnect.yaml in `c:\\Users\\DevAI Studio\\Documents\\GitHub\\PayMerch\\dataconnect`\n"}}
[debug] [2025-11-11T11:56:55.795Z] E1111 13:56:55.795475    6988 watch.go:31] Failed to load config from "c:\\Users\\DevAI Studio\\Documents\\GitHub\\PayMerch\\dataconnect": could not find dataconnect.yaml in `c:\Users\DevAI Studio\Documents\GitHub\PayMerch\dataconnect`
 {"metadata":{"emulator":{"name":"dataconnect"},"message":"E1111 13:56:55.795475    6988 watch.go:31] Failed to load config from \"c:\\\\Users\\\\DevAI Studio\\\\Documents\\\\GitHub\\\\PayMerch\\\\dataconnect\": could not find dataconnect.yaml in `c:\\Users\\DevAI Studio\\Documents\\GitHub\\PayMerch\\dataconnect`\n"}}
[debug] [2025-11-11T11:57:05.794Z] E1111 13:57:05.794037    6988 watch.go:31] Failed to load config from "c:\\Users\\DevAI Studio\\Documents\\GitHub\\PayMerch\\dataconnect": could not find dataconnect.yaml in `c:\Users\DevAI Studio\Documents\GitHub\PayMerch\dataconnect`
 {"metadata":{"emulator":{"name":"dataconnect"},"message":"E1111 13:57:05.794037    6988 watch.go:31] Failed to load config from \"c:\\\\Users\\\\DevAI Studio\\\\Documents\\\\GitHub\\\\PayMerch\\\\dataconnect\": could not find dataconnect.yaml in `c:\\Users\\DevAI Studio\\Documents\\GitHub\\PayMerch\\dataconnect`\n"}}
[debug] [2025-11-11T11:57:15.793Z] E1111 13:57:15.794128    6988 watch.go:31] Failed to load config from "c:\\Users\\DevAI Studio\\Documents\\GitHub\\PayMerch\\dataconnect": could not find dataconnect.yaml in `c:\Users\DevAI Studio\Documents\GitHub\PayMerch\dataconnect`
E1111 13:57:15.794128    6988 watch.go:102] watchAllDir unable to walk dir `c:\Users\DevAI Studio\Documents\GitHub\PayMerch\dataconnect`: CreateFile c:\Users\DevAI Studio\Documents\GitHub\PayMerch\dataconnect: The system cannot find the file specified.
 {"metadata":{"emulator":{"name":"dataconnect"},"message":"E1111 13:57:15.794128    6988 watch.go:31] Failed to load config from \"c:\\\\Users\\\\DevAI Studio\\\\Documents\\\\GitHub\\\\PayMerch\\\\dataconnect\": could not find dataconnect.yaml in `c:\\Users\\DevAI Studio\\Documents\\GitHub\\PayMerch\\dataconnect`\nE1111 13:57:15.794128    6988 watch.go:102] watchAllDir unable to walk dir `c:\\Users\\DevAI Studio\\Documents\\GitHub\\PayMerch\\dataconnect`: CreateFile c:\\Users\\DevAI Studio\\Documents\\GitHub\\PayMerch\\dataconnect: The system cannot find the file specified.\n"}}
[debug] [2025-11-11T11:57:25.793Z] E1111 13:57:25.794065    6988 watch.go:31] Failed to load config from "c:\\Users\\DevAI Studio\\Documents\\GitHub\\PayMerch\\dataconnect": could not find dataconnect.yaml in `c:\Users\DevAI Studio\Documents\GitHub\PayMerch\dataconnect`
 {"metadata":{"emulator":{"name":"dataconnect"},"message":"E1111 13:57:25.794065    6988 watch.go:31] Failed to load config from \"c:\\\\Users\\\\DevAI Studio\\\\Documents\\\\GitHub\\\\PayMerch\\\\dataconnect\": could not find dataconnect.yaml in `c:\\Users\\DevAI Studio\\Documents\\GitHub\\PayMerch\\dataconnect`\n"}}
[debug] [2025-11-11T11:57:35.794Z] E1111 13:57:35.794740    6988 watch.go:31] Failed to load config from "c:\\Users\\DevAI Studio\\Documents\\GitHub\\PayMerch\\dataconnect": could not find dataconnect.yaml in `c:\Users\DevAI Studio\Documents\GitHub\PayMerch\dataconnect`
 {"metadata":{"emulator":{"name":"dataconnect"},"message":"E1111 13:57:35.794740    6988 watch.go:31] Failed to load config from \"c:\\\\Users\\\\DevAI Studio\\\\Documents\\\\GitHub\\\\PayMerch\\\\dataconnect\": could not find dataconnect.yaml in `c:\\Users\\DevAI Studio\\Documents\\GitHub\\PayMerch\\dataconnect`\n"}}
[debug] [2025-11-11T11:57:45.794Z] E1111 13:57:45.794555    6988 watch.go:31] Failed to load config from "c:\\Users\\DevAI Studio\\Documents\\GitHub\\PayMerch\\dataconnect": could not find dataconnect.yaml in `c:\Users\DevAI Studio\Documents\GitHub\PayMerch\dataconnect`
 {"metadata":{"emulator":{"name":"dataconnect"},"message":"E1111 13:57:45.794555    6988 watch.go:31] Failed to load config from \"c:\\\\Users\\\\DevAI Studio\\\\Documents\\\\GitHub\\\\PayMerch\\\\dataconnect\": could not find dataconnect.yaml in `c:\\Users\\DevAI Studio\\Documents\\GitHub\\PayMerch\\dataconnect`\n"}}
[debug] [2025-11-11T11:57:55.794Z] E1111 13:57:55.794079    6988 watch.go:31] Failed to load config from "c:\\Users\\DevAI Studio\\Documents\\GitHub\\PayMerch\\dataconnect": could not find dataconnect.yaml in `c:\Users\DevAI Studio\Documents\GitHub\PayMerch\dataconnect`
 {"metadata":{"emulator":{"name":"dataconnect"},"message":"E1111 13:57:55.794079    6988 watch.go:31] Failed to load config from \"c:\\\\Users\\\\DevAI Studio\\\\Documents\\\\GitHub\\\\PayMerch\\\\dataconnect\": could not find dataconnect.yaml in `c:\\Users\\DevAI Studio\\Documents\\GitHub\\PayMerch\\dataconnect`\n"}}
[debug] [2025-11-11T11:58:05.794Z] E1111 13:58:05.794412    6988 watch.go:31] Failed to load config from "c:\\Users\\DevAI Studio\\Documents\\GitHub\\PayMerch\\dataconnect": could not find dataconnect.yaml in `c:\Users\DevAI Studio\Documents\GitHub\PayMerch\dataconnect`
 {"metadata":{"emulator":{"name":"dataconnect"},"message":"E1111 13:58:05.794412    6988 watch.go:31] Failed to load config from \"c:\\\\Users\\\\DevAI Studio\\\\Documents\\\\GitHub\\\\PayMerch\\\\dataconnect\": could not find dataconnect.yaml in `c:\\Users\\DevAI Studio\\Documents\\GitHub\\PayMerch\\dataconnect`\n"}}
[debug] [2025-11-11T11:58:15.796Z] E1111 13:58:15.795992    6988 watch.go:31] Failed to load config from "c:\\Users\\DevAI Studio\\Documents\\GitHub\\PayMerch\\dataconnect": could not find dataconnect.yaml in `c:\Users\DevAI Studio\Documents\GitHub\PayMerch\dataconnect`
 {"metadata":{"emulator":{"name":"dataconnect"},"message":"E1111 13:58:15.795992    6988 watch.go:31] Failed to load config from \"c:\\\\Users\\\\DevAI Studio\\\\Documents\\\\GitHub\\\\PayMerch\\\\dataconnect\": could not find dataconnect.yaml in `c:\\Users\\DevAI Studio\\Documents\\GitHub\\PayMerch\\dataconnect`\n"}}
[debug] [2025-11-11T11:58:25.795Z] E1111 13:58:25.795600    6988 watch.go:31] Failed to load config from "c:\\Users\\DevAI Studio\\Documents\\GitHub\\PayMerch\\dataconnect": could not find dataconnect.yaml in `c:\Users\DevAI Studio\Documents\GitHub\PayMerch\dataconnect`
 {"metadata":{"emulator":{"name":"dataconnect"},"message":"E1111 13:58:25.795600    6988 watch.go:31] Failed to load config from \"c:\\\\Users\\\\DevAI Studio\\\\Documents\\\\GitHub\\\\PayMerch\\\\dataconnect\": could not find dataconnect.yaml in `c:\\Users\\DevAI Studio\\Documents\\GitHub\\PayMerch\\dataconnect`\n"}}
[debug] [2025-11-11T11:58:35.795Z] E1111 13:58:35.795291    6988 watch.go:31] Failed to load config from "c:\\Users\\DevAI Studio\\Documents\\GitHub\\PayMerch\\dataconnect": could not find dataconnect.yaml in `c:\Users\DevAI Studio\Documents\GitHub\PayMerch\dataconnect`
 {"metadata":{"emulator":{"name":"dataconnect"},"message":"E1111 13:58:35.795291    6988 watch.go:31] Failed to load config from \"c:\\\\Users\\\\DevAI Studio\\\\Documents\\\\GitHub\\\\PayMerch\\\\dataconnect\": could not find dataconnect.yaml in `c:\\Users\\DevAI Studio\\Documents\\GitHub\\PayMerch\\dataconnect`\n"}}
[debug] [2025-11-11T11:58:45.795Z] E1111 13:58:45.794391    6988 watch.go:31] Failed to load config from "c:\\Users\\DevAI Studio\\Documents\\GitHub\\PayMerch\\dataconnect": could not find dataconnect.yaml in `c:\Users\DevAI Studio\Documents\GitHub\PayMerch\dataconnect`
 {"metadata":{"emulator":{"name":"dataconnect"},"message":"E1111 13:58:45.794391    6988 watch.go:31] Failed to load config from \"c:\\\\Users\\\\DevAI Studio\\\\Documents\\\\GitHub\\\\PayMerch\\\\dataconnect\": could not find dataconnect.yaml in `c:\\Users\\DevAI Studio\\Documents\\GitHub\\PayMerch\\dataconnect`\n"}}
[debug] [2025-11-11T11:58:55.795Z] E1111 13:58:55.794642    6988 watch.go:31] Failed to load config from "c:\\Users\\DevAI Studio\\Documents\\GitHub\\PayMerch\\dataconnect": could not find dataconnect.yaml in `c:\Users\DevAI Studio\Documents\GitHub\PayMerch\dataconnect`
 {"metadata":{"emulator":{"name":"dataconnect"},"message":"E1111 13:58:55.794642    6988 watch.go:31] Failed to load config from \"c:\\\\Users\\\\DevAI Studio\\\\Documents\\\\GitHub\\\\PayMerch\\\\dataconnect\": could not find dataconnect.yaml in `c:\\Users\\DevAI Studio\\Documents\\GitHub\\PayMerch\\dataconnect`\n"}}
[debug] [2025-11-11T11:59:05.795Z] E1111 13:59:05.794556    6988 watch.go:31] Failed to load config from "c:\\Users\\DevAI Studio\\Documents\\GitHub\\PayMerch\\dataconnect": could not find dataconnect.yaml in `c:\Users\DevAI Studio\Documents\GitHub\PayMerch\dataconnect`
 {"metadata":{"emulator":{"name":"dataconnect"},"message":"E1111 13:59:05.794556    6988 watch.go:31] Failed to load config from \"c:\\\\Users\\\\DevAI Studio\\\\Documents\\\\GitHub\\\\PayMerch\\\\dataconnect\": could not find dataconnect.yaml in `c:\\Users\\DevAI Studio\\Documents\\GitHub\\PayMerch\\dataconnect`\n"}}
[debug] [2025-11-11T11:59:15.794Z] E1111 13:59:15.793616    6988 watch.go:31] Failed to load config from "c:\\Users\\DevAI Studio\\Documents\\GitHub\\PayMerch\\dataconnect": could not find dataconnect.yaml in `c:\Users\DevAI Studio\Documents\GitHub\PayMerch\dataconnect`
E1111 13:59:15.793616    6988 watch.go:102] watchAllDir unable to walk dir `c:\Users\DevAI Studio\Documents\GitHub\PayMerch\dataconnect`: CreateFile c:\Users\DevAI Studio\Documents\GitHub\PayMerch\dataconnect: The system cannot find the file specified.
 {"metadata":{"emulator":{"name":"dataconnect"},"message":"E1111 13:59:15.793616    6988 watch.go:31] Failed to load config from \"c:\\\\Users\\\\DevAI Studio\\\\Documents\\\\GitHub\\\\PayMerch\\\\dataconnect\": could not find dataconnect.yaml in `c:\\Users\\DevAI Studio\\Documents\\GitHub\\PayMerch\\dataconnect`\nE1111 13:59:15.793616    6988 watch.go:102] watchAllDir unable to walk dir `c:\\Users\\DevAI Studio\\Documents\\GitHub\\PayMerch\\dataconnect`: CreateFile c:\\Users\\DevAI Studio\\Documents\\GitHub\\PayMerch\\dataconnect: The system cannot find the file specified.\n"}}
[debug] [2025-11-11T11:59:25.795Z] E1111 13:59:25.794371    6988 watch.go:31] Failed to load config from "c:\\Users\\DevAI Studio\\Documents\\GitHub\\PayMerch\\dataconnect": could not find dataconnect.yaml in `c:\Users\DevAI Studio\Documents\GitHub\PayMerch\dataconnect`
 {"metadata":{"emulator":{"name":"dataconnect"},"message":"E1111 13:59:25.794371    6988 watch.go:31] Failed to load config from \"c:\\\\Users\\\\DevAI Studio\\\\Documents\\\\GitHub\\\\PayMerch\\\\dataconnect\": could not find dataconnect.yaml in `c:\\Users\\DevAI Studio\\Documents\\GitHub\\PayMerch\\dataconnect`\n"}}
[debug] [2025-11-11T11:59:35.795Z] E1111 13:59:35.794597    6988 watch.go:31] Failed to load config from "c:\\Users\\DevAI Studio\\Documents\\GitHub\\PayMerch\\dataconnect": could not find dataconnect.yaml in `c:\Users\DevAI Studio\Documents\GitHub\PayMerch\dataconnect`
 {"metadata":{"emulator":{"name":"dataconnect"},"message":"E1111 13:59:35.794597    6988 watch.go:31] Failed to load config from \"c:\\\\Users\\\\DevAI Studio\\\\Documents\\\\GitHub\\\\PayMerch\\\\dataconnect\": could not find dataconnect.yaml in `c:\\Users\\DevAI Studio\\Documents\\GitHub\\PayMerch\\dataconnect`\n"}}
[debug] [2025-11-11T11:59:45.794Z] E1111 13:59:45.794596    6988 watch.go:31] Failed to load config from "c:\\Users\\DevAI Studio\\Documents\\GitHub\\PayMerch\\dataconnect": could not find dataconnect.yaml in `c:\Users\DevAI Studio\Documents\GitHub\PayMerch\dataconnect`
 {"metadata":{"emulator":{"name":"dataconnect"},"message":"E1111 13:59:45.794596    6988 watch.go:31] Failed to load config from \"c:\\\\Users\\\\DevAI Studio\\\\Documents\\\\GitHub\\\\PayMerch\\\\dataconnect\": could not find dataconnect.yaml in `c:\\Users\\DevAI Studio\\Documents\\GitHub\\PayMerch\\dataconnect`\n"}}
[debug] [2025-11-11T11:59:55.794Z] E1111 13:59:55.794481    6988 watch.go:31] Failed to load config from "c:\\Users\\DevAI Studio\\Documents\\GitHub\\PayMerch\\dataconnect": could not find dataconnect.yaml in `c:\Users\DevAI Studio\Documents\GitHub\PayMerch\dataconnect`
 {"metadata":{"emulator":{"name":"dataconnect"},"message":"E1111 13:59:55.794481    6988 watch.go:31] Failed to load config from \"c:\\\\Users\\\\DevAI Studio\\\\Documents\\\\GitHub\\\\PayMerch\\\\dataconnect\": could not find dataconnect.yaml in `c:\\Users\\DevAI Studio\\Documents\\GitHub\\PayMerch\\dataconnect`\n"}}
[debug] [2025-11-11T12:00:05.794Z] E1111 14:00:05.794747    6988 watch.go:31] Failed to load config from "c:\\Users\\DevAI Studio\\Documents\\GitHub\\PayMerch\\dataconnect": could not find dataconnect.yaml in `c:\Users\DevAI Studio\Documents\GitHub\PayMerch\dataconnect`
 {"metadata":{"emulator":{"name":"dataconnect"},"message":"E1111 14:00:05.794747    6988 watch.go:31] Failed to load config from \"c:\\\\Users\\\\DevAI Studio\\\\Documents\\\\GitHub\\\\PayMerch\\\\dataconnect\": could not find dataconnect.yaml in `c:\\Users\\DevAI Studio\\Documents\\GitHub\\PayMerch\\dataconnect`\n"}}
[debug] [2025-11-11T12:00:15.795Z] E1111 14:00:15.795195    6988 watch.go:31] Failed to load config from "c:\\Users\\DevAI Studio\\Documents\\GitHub\\PayMerch\\dataconnect": could not find dataconnect.yaml in `c:\Users\DevAI Studio\Documents\GitHub\PayMerch\dataconnect`
 {"metadata":{"emulator":{"name":"dataconnect"},"message":"E1111 14:00:15.795195    6988 watch.go:31] Failed to load config from \"c:\\\\Users\\\\DevAI Studio\\\\Documents\\\\GitHub\\\\PayMerch\\\\dataconnect\": could not find dataconnect.yaml in `c:\\Users\\DevAI Studio\\Documents\\GitHub\\PayMerch\\dataconnect`\n"}}
[debug] [2025-11-11T12:00:25.806Z] E1111 14:00:25.806434    6988 watch.go:31] Failed to load config from "c:\\Users\\DevAI Studio\\Documents\\GitHub\\PayMerch\\dataconnect": could not find dataconnect.yaml in `c:\Users\DevAI Studio\Documents\GitHub\PayMerch\dataconnect`
 {"metadata":{"emulator":{"name":"dataconnect"},"message":"E1111 14:00:25.806434    6988 watch.go:31] Failed to load config from \"c:\\\\Users\\\\DevAI Studio\\\\Documents\\\\GitHub\\\\PayMerch\\\\dataconnect\": could not find dataconnect.yaml in `c:\\Users\\DevAI Studio\\Documents\\GitHub\\PayMerch\\dataconnect`\n"}}
[debug] [2025-11-11T12:00:35.794Z] E1111 14:00:35.794236    6988 watch.go:31] Failed to load config from "c:\\Users\\DevAI Studio\\Documents\\GitHub\\PayMerch\\dataconnect": could not find dataconnect.yaml in `c:\Users\DevAI Studio\Documents\GitHub\PayMerch\dataconnect`
 {"metadata":{"emulator":{"name":"dataconnect"},"message":"E1111 14:00:35.794236    6988 watch.go:31] Failed to load config from \"c:\\\\Users\\\\DevAI Studio\\\\Documents\\\\GitHub\\\\PayMerch\\\\dataconnect\": could not find dataconnect.yaml in `c:\\Users\\DevAI Studio\\Documents\\GitHub\\PayMerch\\dataconnect`\n"}}
[debug] [2025-11-11T12:00:45.795Z] E1111 14:00:45.794880    6988 watch.go:31] Failed to load config from "c:\\Users\\DevAI Studio\\Documents\\GitHub\\PayMerch\\dataconnect": could not find dataconnect.yaml in `c:\Users\DevAI Studio\Documents\GitHub\PayMerch\dataconnect`
 {"metadata":{"emulator":{"name":"dataconnect"},"message":"E1111 14:00:45.794880    6988 watch.go:31] Failed to load config from \"c:\\\\Users\\\\DevAI Studio\\\\Documents\\\\GitHub\\\\PayMerch\\\\dataconnect\": could not find dataconnect.yaml in `c:\\Users\\DevAI Studio\\Documents\\GitHub\\PayMerch\\dataconnect`\n"}}
[debug] [2025-11-11T12:00:55.795Z] E1111 14:00:55.795048    6988 watch.go:31] Failed to load config from "c:\\Users\\DevAI Studio\\Documents\\GitHub\\PayMerch\\dataconnect": could not find dataconnect.yaml in `c:\Users\DevAI Studio\Documents\GitHub\PayMerch\dataconnect`
 {"metadata":{"emulator":{"name":"dataconnect"},"message":"E1111 14:00:55.795048    6988 watch.go:31] Failed to load config from \"c:\\\\Users\\\\DevAI Studio\\\\Documents\\\\GitHub\\\\PayMerch\\\\dataconnect\": could not find dataconnect.yaml in `c:\\Users\\DevAI Studio\\Documents\\GitHub\\PayMerch\\dataconnect`\n"}}
[debug] [2025-11-11T12:01:05.795Z] E1111 14:01:05.794970    6988 watch.go:31] Failed to load config from "c:\\Users\\DevAI Studio\\Documents\\GitHub\\PayMerch\\dataconnect": could not find dataconnect.yaml in `c:\Users\DevAI Studio\Documents\GitHub\PayMerch\dataconnect`
 {"metadata":{"emulator":{"name":"dataconnect"},"message":"E1111 14:01:05.794970    6988 watch.go:31] Failed to load config from \"c:\\\\Users\\\\DevAI Studio\\\\Documents\\\\GitHub\\\\PayMerch\\\\dataconnect\": could not find dataconnect.yaml in `c:\\Users\\DevAI Studio\\Documents\\GitHub\\PayMerch\\dataconnect`\n"}}
[debug] [2025-11-11T12:01:15.795Z] E1111 14:01:15.795072    6988 watch.go:31] Failed to load config from "c:\\Users\\DevAI Studio\\Documents\\GitHub\\PayMerch\\dataconnect": could not find dataconnect.yaml in `c:\Users\DevAI Studio\Documents\GitHub\PayMerch\dataconnect`
E1111 14:01:15.795072    6988 watch.go:102] watchAllDir unable to walk dir `c:\Users\DevAI Studio\Documents\GitHub\PayMerch\dataconnect`: CreateFile c:\Users\DevAI Studio\Documents\GitHub\PayMerch\dataconnect: The system cannot find the file specified.
 {"metadata":{"emulator":{"name":"dataconnect"},"message":"E1111 14:01:15.795072    6988 watch.go:31] Failed to load config from \"c:\\\\Users\\\\DevAI Studio\\\\Documents\\\\GitHub\\\\PayMerch\\\\dataconnect\": could not find dataconnect.yaml in `c:\\Users\\DevAI Studio\\Documents\\GitHub\\PayMerch\\dataconnect`\nE1111 14:01:15.795072    6988 watch.go:102] watchAllDir unable to walk dir `c:\\Users\\DevAI Studio\\Documents\\GitHub\\PayMerch\\dataconnect`: CreateFile c:\\Users\\DevAI Studio\\Documents\\GitHub\\PayMerch\\dataconnect: The system cannot find the file specified.\n"}}
[debug] [2025-11-11T12:01:25.795Z] E1111 14:01:25.794936    6988 watch.go:31] Failed to load config from "c:\\Users\\DevAI Studio\\Documents\\GitHub\\PayMerch\\dataconnect": could not find dataconnect.yaml in `c:\Users\DevAI Studio\Documents\GitHub\PayMerch\dataconnect`
 {"metadata":{"emulator":{"name":"dataconnect"},"message":"E1111 14:01:25.794936    6988 watch.go:31] Failed to load config from \"c:\\\\Users\\\\DevAI Studio\\\\Documents\\\\GitHub\\\\PayMerch\\\\dataconnect\": could not find dataconnect.yaml in `c:\\Users\\DevAI Studio\\Documents\\GitHub\\PayMerch\\dataconnect`\n"}}
[debug] [2025-11-11T12:01:35.795Z] E1111 14:01:35.794782    6988 watch.go:31] Failed to load config from "c:\\Users\\DevAI Studio\\Documents\\GitHub\\PayMerch\\dataconnect": could not find dataconnect.yaml in `c:\Users\DevAI Studio\Documents\GitHub\PayMerch\dataconnect`
 {"metadata":{"emulator":{"name":"dataconnect"},"message":"E1111 14:01:35.794782    6988 watch.go:31] Failed to load config from \"c:\\\\Users\\\\DevAI Studio\\\\Documents\\\\GitHub\\\\PayMerch\\\\dataconnect\": could not find dataconnect.yaml in `c:\\Users\\DevAI Studio\\Documents\\GitHub\\PayMerch\\dataconnect`\n"}}
[debug] [2025-11-11T12:01:45.795Z] E1111 14:01:45.794913    6988 watch.go:31] Failed to load config from "c:\\Users\\DevAI Studio\\Documents\\GitHub\\PayMerch\\dataconnect": could not find dataconnect.yaml in `c:\Users\DevAI Studio\Documents\GitHub\PayMerch\dataconnect`
 {"metadata":{"emulator":{"name":"dataconnect"},"message":"E1111 14:01:45.794913    6988 watch.go:31] Failed to load config from \"c:\\\\Users\\\\DevAI Studio\\\\Documents\\\\GitHub\\\\PayMerch\\\\dataconnect\": could not find dataconnect.yaml in `c:\\Users\\DevAI Studio\\Documents\\GitHub\\PayMerch\\dataconnect`\n"}}
[debug] [2025-11-11T12:01:55.795Z] E1111 14:01:55.794637    6988 watch.go:31] Failed to load config from "c:\\Users\\DevAI Studio\\Documents\\GitHub\\PayMerch\\dataconnect": could not find dataconnect.yaml in `c:\Users\DevAI Studio\Documents\GitHub\PayMerch\dataconnect`
 {"metadata":{"emulator":{"name":"dataconnect"},"message":"E1111 14:01:55.794637    6988 watch.go:31] Failed to load config from \"c:\\\\Users\\\\DevAI Studio\\\\Documents\\\\GitHub\\\\PayMerch\\\\dataconnect\": could not find dataconnect.yaml in `c:\\Users\\DevAI Studio\\Documents\\GitHub\\PayMerch\\dataconnect`\n"}}
[debug] [2025-11-11T12:02:05.795Z] E1111 14:02:05.794943    6988 watch.go:31] Failed to load config from "c:\\Users\\DevAI Studio\\Documents\\GitHub\\PayMerch\\dataconnect": could not find dataconnect.yaml in `c:\Users\DevAI Studio\Documents\GitHub\PayMerch\dataconnect`
 {"metadata":{"emulator":{"name":"dataconnect"},"message":"E1111 14:02:05.794943    6988 watch.go:31] Failed to load config from \"c:\\\\Users\\\\DevAI Studio\\\\Documents\\\\GitHub\\\\PayMerch\\\\dataconnect\": could not find dataconnect.yaml in `c:\\Users\\DevAI Studio\\Documents\\GitHub\\PayMerch\\dataconnect`\n"}}
[debug] [2025-11-11T12:02:15.795Z] E1111 14:02:15.795306    6988 watch.go:31] Failed to load config from "c:\\Users\\DevAI Studio\\Documents\\GitHub\\PayMerch\\dataconnect": could not find dataconnect.yaml in `c:\Users\DevAI Studio\Documents\GitHub\PayMerch\dataconnect`
 {"metadata":{"emulator":{"name":"dataconnect"},"message":"E1111 14:02:15.795306    6988 watch.go:31] Failed to load config from \"c:\\\\Users\\\\DevAI Studio\\\\Documents\\\\GitHub\\\\PayMerch\\\\dataconnect\": could not find dataconnect.yaml in `c:\\Users\\DevAI Studio\\Documents\\GitHub\\PayMerch\\dataconnect`\n"}}
[debug] [2025-11-11T12:02:25.795Z] E1111 14:02:25.794975    6988 watch.go:31] Failed to load config from "c:\\Users\\DevAI Studio\\Documents\\GitHub\\PayMerch\\dataconnect": could not find dataconnect.yaml in `c:\Users\DevAI Studio\Documents\GitHub\PayMerch\dataconnect`
 {"metadata":{"emulator":{"name":"dataconnect"},"message":"E1111 14:02:25.794975    6988 watch.go:31] Failed to load config from \"c:\\\\Users\\\\DevAI Studio\\\\Documents\\\\GitHub\\\\PayMerch\\\\dataconnect\": could not find dataconnect.yaml in `c:\\Users\\DevAI Studio\\Documents\\GitHub\\PayMerch\\dataconnect`\n"}}
[debug] [2025-11-11T12:02:35.795Z] E1111 14:02:35.795807    6988 watch.go:31] Failed to load config from "c:\\Users\\DevAI Studio\\Documents\\GitHub\\PayMerch\\dataconnect": could not find dataconnect.yaml in `c:\Users\DevAI Studio\Documents\GitHub\PayMerch\dataconnect`
 {"metadata":{"emulator":{"name":"dataconnect"},"message":"E1111 14:02:35.795807    6988 watch.go:31] Failed to load config from \"c:\\\\Users\\\\DevAI Studio\\\\Documents\\\\GitHub\\\\PayMerch\\\\dataconnect\": could not find dataconnect.yaml in `c:\\Users\\DevAI Studio\\Documents\\GitHub\\PayMerch\\dataconnect`\n"}}
[debug] [2025-11-11T12:02:45.795Z] E1111 14:02:45.795017    6988 watch.go:31] Failed to load config from "c:\\Users\\DevAI Studio\\Documents\\GitHub\\PayMerch\\dataconnect": could not find dataconnect.yaml in `c:\Users\DevAI Studio\Documents\GitHub\PayMerch\dataconnect`
 {"metadata":{"emulator":{"name":"dataconnect"},"message":"E1111 14:02:45.795017    6988 watch.go:31] Failed to load config from \"c:\\\\Users\\\\DevAI Studio\\\\Documents\\\\GitHub\\\\PayMerch\\\\dataconnect\": could not find dataconnect.yaml in `c:\\Users\\DevAI Studio\\Documents\\GitHub\\PayMerch\\dataconnect`\n"}}
[debug] [2025-11-11T12:02:55.795Z] E1111 14:02:55.795037    6988 watch.go:31] Failed to load config from "c:\\Users\\DevAI Studio\\Documents\\GitHub\\PayMerch\\dataconnect": could not find dataconnect.yaml in `c:\Users\DevAI Studio\Documents\GitHub\PayMerch\dataconnect`
 {"metadata":{"emulator":{"name":"dataconnect"},"message":"E1111 14:02:55.795037    6988 watch.go:31] Failed to load config from \"c:\\\\Users\\\\DevAI Studio\\\\Documents\\\\GitHub\\\\PayMerch\\\\dataconnect\": could not find dataconnect.yaml in `c:\\Users\\DevAI Studio\\Documents\\GitHub\\PayMerch\\dataconnect`\n"}}
[debug] [2025-11-11T12:03:05.795Z] E1111 14:03:05.794937    6988 watch.go:31] Failed to load config from "c:\\Users\\DevAI Studio\\Documents\\GitHub\\PayMerch\\dataconnect": could not find dataconnect.yaml in `c:\Users\DevAI Studio\Documents\GitHub\PayMerch\dataconnect`
 {"metadata":{"emulator":{"name":"dataconnect"},"message":"E1111 14:03:05.794937    6988 watch.go:31] Failed to load config from \"c:\\\\Users\\\\DevAI Studio\\\\Documents\\\\GitHub\\\\PayMerch\\\\dataconnect\": could not find dataconnect.yaml in `c:\\Users\\DevAI Studio\\Documents\\GitHub\\PayMerch\\dataconnect`\n"}}
[debug] [2025-11-11T12:03:15.795Z] E1111 14:03:15.795268    6988 watch.go:31] Failed to load config from "c:\\Users\\DevAI Studio\\Documents\\GitHub\\PayMerch\\dataconnect": could not find dataconnect.yaml in `c:\Users\DevAI Studio\Documents\GitHub\PayMerch\dataconnect`
E1111 14:03:15.795559    6988 watch.go:102] watchAllDir unable to walk dir `c:\Users\DevAI Studio\Documents\GitHub\PayMerch\dataconnect`: CreateFile c:\Users\DevAI Studio\Documents\GitHub\PayMerch\dataconnect: The system cannot find the file specified.
 {"metadata":{"emulator":{"name":"dataconnect"},"message":"E1111 14:03:15.795268    6988 watch.go:31] Failed to load config from \"c:\\\\Users\\\\DevAI Studio\\\\Documents\\\\GitHub\\\\PayMerch\\\\dataconnect\": could not find dataconnect.yaml in `c:\\Users\\DevAI Studio\\Documents\\GitHub\\PayMerch\\dataconnect`\nE1111 14:03:15.795559    6988 watch.go:102] watchAllDir unable to walk dir `c:\\Users\\DevAI Studio\\Documents\\GitHub\\PayMerch\\dataconnect`: CreateFile c:\\Users\\DevAI Studio\\Documents\\GitHub\\PayMerch\\dataconnect: The system cannot find the file specified.\n"}}
[debug] [2025-11-11T12:03:25.795Z] E1111 14:03:25.794685    6988 watch.go:31] Failed to load config from "c:\\Users\\DevAI Studio\\Documents\\GitHub\\PayMerch\\dataconnect": could not find dataconnect.yaml in `c:\Users\DevAI Studio\Documents\GitHub\PayMerch\dataconnect`
 {"metadata":{"emulator":{"name":"dataconnect"},"message":"E1111 14:03:25.794685    6988 watch.go:31] Failed to load config from \"c:\\\\Users\\\\DevAI Studio\\\\Documents\\\\GitHub\\\\PayMerch\\\\dataconnect\": could not find dataconnect.yaml in `c:\\Users\\DevAI Studio\\Documents\\GitHub\\PayMerch\\dataconnect`\n"}}
[debug] [2025-11-11T12:03:35.794Z] E1111 14:03:35.794549    6988 watch.go:31] Failed to load config from "c:\\Users\\DevAI Studio\\Documents\\GitHub\\PayMerch\\dataconnect": could not find dataconnect.yaml in `c:\Users\DevAI Studio\Documents\GitHub\PayMerch\dataconnect`
 {"metadata":{"emulator":{"name":"dataconnect"},"message":"E1111 14:03:35.794549    6988 watch.go:31] Failed to load config from \"c:\\\\Users\\\\DevAI Studio\\\\Documents\\\\GitHub\\\\PayMerch\\\\dataconnect\": could not find dataconnect.yaml in `c:\\Users\\DevAI Studio\\Documents\\GitHub\\PayMerch\\dataconnect`\n"}}
[debug] [2025-11-11T12:03:45.793Z] E1111 14:03:45.794176    6988 watch.go:31] Failed to load config from "c:\\Users\\DevAI Studio\\Documents\\GitHub\\PayMerch\\dataconnect": could not find dataconnect.yaml in `c:\Users\DevAI Studio\Documents\GitHub\PayMerch\dataconnect`
 {"metadata":{"emulator":{"name":"dataconnect"},"message":"E1111 14:03:45.794176    6988 watch.go:31] Failed to load config from \"c:\\\\Users\\\\DevAI Studio\\\\Documents\\\\GitHub\\\\PayMerch\\\\dataconnect\": could not find dataconnect.yaml in `c:\\Users\\DevAI Studio\\Documents\\GitHub\\PayMerch\\dataconnect`\n"}}
[debug] [2025-11-11T12:03:55.794Z] E1111 14:03:55.794874    6988 watch.go:31] Failed to load config from "c:\\Users\\DevAI Studio\\Documents\\GitHub\\PayMerch\\dataconnect": could not find dataconnect.yaml in `c:\Users\DevAI Studio\Documents\GitHub\PayMerch\dataconnect`
 {"metadata":{"emulator":{"name":"dataconnect"},"message":"E1111 14:03:55.794874    6988 watch.go:31] Failed to load config from \"c:\\\\Users\\\\DevAI Studio\\\\Documents\\\\GitHub\\\\PayMerch\\\\dataconnect\": could not find dataconnect.yaml in `c:\\Users\\DevAI Studio\\Documents\\GitHub\\PayMerch\\dataconnect`\n"}}
[debug] [2025-11-11T12:04:05.795Z] E1111 14:04:05.794925    6988 watch.go:31] Failed to load config from "c:\\Users\\DevAI Studio\\Documents\\GitHub\\PayMerch\\dataconnect": could not find dataconnect.yaml in `c:\Users\DevAI Studio\Documents\GitHub\PayMerch\dataconnect`
 {"metadata":{"emulator":{"name":"dataconnect"},"message":"E1111 14:04:05.794925    6988 watch.go:31] Failed to load config from \"c:\\\\Users\\\\DevAI Studio\\\\Documents\\\\GitHub\\\\PayMerch\\\\dataconnect\": could not find dataconnect.yaml in `c:\\Users\\DevAI Studio\\Documents\\GitHub\\PayMerch\\dataconnect`\n"}}
[debug] [2025-11-11T12:04:15.795Z] E1111 14:04:15.794873    6988 watch.go:31] Failed to load config from "c:\\Users\\DevAI Studio\\Documents\\GitHub\\PayMerch\\dataconnect": could not find dataconnect.yaml in `c:\Users\DevAI Studio\Documents\GitHub\PayMerch\dataconnect`
 {"metadata":{"emulator":{"name":"dataconnect"},"message":"E1111 14:04:15.794873    6988 watch.go:31] Failed to load config from \"c:\\\\Users\\\\DevAI Studio\\\\Documents\\\\GitHub\\\\PayMerch\\\\dataconnect\": could not find dataconnect.yaml in `c:\\Users\\DevAI Studio\\Documents\\GitHub\\PayMerch\\dataconnect`\n"}}
[debug] [2025-11-11T12:04:25.794Z] E1111 14:04:25.794476    6988 watch.go:31] Failed to load config from "c:\\Users\\DevAI Studio\\Documents\\GitHub\\PayMerch\\dataconnect": could not find dataconnect.yaml in `c:\Users\DevAI Studio\Documents\GitHub\PayMerch\dataconnect`
 {"metadata":{"emulator":{"name":"dataconnect"},"message":"E1111 14:04:25.794476    6988 watch.go:31] Failed to load config from \"c:\\\\Users\\\\DevAI Studio\\\\Documents\\\\GitHub\\\\PayMerch\\\\dataconnect\": could not find dataconnect.yaml in `c:\\Users\\DevAI Studio\\Documents\\GitHub\\PayMerch\\dataconnect`\n"}}
[debug] [2025-11-11T12:04:35.795Z] E1111 14:04:35.794971    6988 watch.go:31] Failed to load config from "c:\\Users\\DevAI Studio\\Documents\\GitHub\\PayMerch\\dataconnect": could not find dataconnect.yaml in `c:\Users\DevAI Studio\Documents\GitHub\PayMerch\dataconnect`
 {"metadata":{"emulator":{"name":"dataconnect"},"message":"E1111 14:04:35.794971    6988 watch.go:31] Failed to load config from \"c:\\\\Users\\\\DevAI Studio\\\\Documents\\\\GitHub\\\\PayMerch\\\\dataconnect\": could not find dataconnect.yaml in `c:\\Users\\DevAI Studio\\Documents\\GitHub\\PayMerch\\dataconnect`\n"}}
[debug] [2025-11-11T12:04:45.795Z] E1111 14:04:45.794834    6988 watch.go:31] Failed to load config from "c:\\Users\\DevAI Studio\\Documents\\GitHub\\PayMerch\\dataconnect": could not find dataconnect.yaml in `c:\Users\DevAI Studio\Documents\GitHub\PayMerch\dataconnect`
 {"metadata":{"emulator":{"name":"dataconnect"},"message":"E1111 14:04:45.794834    6988 watch.go:31] Failed to load config from \"c:\\\\Users\\\\DevAI Studio\\\\Documents\\\\GitHub\\\\PayMerch\\\\dataconnect\": could not find dataconnect.yaml in `c:\\Users\\DevAI Studio\\Documents\\GitHub\\PayMerch\\dataconnect`\n"}}
[debug] [2025-11-11T12:04:55.795Z] E1111 14:04:55.795836    6988 watch.go:31] Failed to load config from "c:\\Users\\DevAI Studio\\Documents\\GitHub\\PayMerch\\dataconnect": could not find dataconnect.yaml in `c:\Users\DevAI Studio\Documents\GitHub\PayMerch\dataconnect`
 {"metadata":{"emulator":{"name":"dataconnect"},"message":"E1111 14:04:55.795836    6988 watch.go:31] Failed to load config from \"c:\\\\Users\\\\DevAI Studio\\\\Documents\\\\GitHub\\\\PayMerch\\\\dataconnect\": could not find dataconnect.yaml in `c:\\Users\\DevAI Studio\\Documents\\GitHub\\PayMerch\\dataconnect`\n"}}
[debug] [2025-11-11T12:05:05.794Z] E1111 14:05:05.794223    6988 watch.go:31] Failed to load config from "c:\\Users\\DevAI Studio\\Documents\\GitHub\\PayMerch\\dataconnect": could not find dataconnect.yaml in `c:\Users\DevAI Studio\Documents\GitHub\PayMerch\dataconnect`
 {"metadata":{"emulator":{"name":"dataconnect"},"message":"E1111 14:05:05.794223    6988 watch.go:31] Failed to load config from \"c:\\\\Users\\\\DevAI Studio\\\\Documents\\\\GitHub\\\\PayMerch\\\\dataconnect\": could not find dataconnect.yaml in `c:\\Users\\DevAI Studio\\Documents\\GitHub\\PayMerch\\dataconnect`\n"}}
[debug] [2025-11-11T12:05:15.795Z] E1111 14:05:15.794994    6988 watch.go:31] Failed to load config from "c:\\Users\\DevAI Studio\\Documents\\GitHub\\PayMerch\\dataconnect": could not find dataconnect.yaml in `c:\Users\DevAI Studio\Documents\GitHub\PayMerch\dataconnect`
E1111 14:05:15.794994    6988 watch.go:102] watchAllDir unable to walk dir `c:\Users\DevAI Studio\Documents\GitHub\PayMerch\dataconnect`: CreateFile c:\Users\DevAI Studio\Documents\GitHub\PayMerch\dataconnect: The system cannot find the file specified.
 {"metadata":{"emulator":{"name":"dataconnect"},"message":"E1111 14:05:15.794994    6988 watch.go:31] Failed to load config from \"c:\\\\Users\\\\DevAI Studio\\\\Documents\\\\GitHub\\\\PayMerch\\\\dataconnect\": could not find dataconnect.yaml in `c:\\Users\\DevAI Studio\\Documents\\GitHub\\PayMerch\\dataconnect`\nE1111 14:05:15.794994    6988 watch.go:102] watchAllDir unable to walk dir `c:\\Users\\DevAI Studio\\Documents\\GitHub\\PayMerch\\dataconnect`: CreateFile c:\\Users\\DevAI Studio\\Documents\\GitHub\\PayMerch\\dataconnect: The system cannot find the file specified.\n"}}
[debug] [2025-11-11T12:05:25.795Z] E1111 14:05:25.795122    6988 watch.go:31] Failed to load config from "c:\\Users\\DevAI Studio\\Documents\\GitHub\\PayMerch\\dataconnect": could not find dataconnect.yaml in `c:\Users\DevAI Studio\Documents\GitHub\PayMerch\dataconnect`
 {"metadata":{"emulator":{"name":"dataconnect"},"message":"E1111 14:05:25.795122    6988 watch.go:31] Failed to load config from \"c:\\\\Users\\\\DevAI Studio\\\\Documents\\\\GitHub\\\\PayMerch\\\\dataconnect\": could not find dataconnect.yaml in `c:\\Users\\DevAI Studio\\Documents\\GitHub\\PayMerch\\dataconnect`\n"}}
[debug] [2025-11-11T12:05:35.795Z] E1111 14:05:35.794918    6988 watch.go:31] Failed to load config from "c:\\Users\\DevAI Studio\\Documents\\GitHub\\PayMerch\\dataconnect": could not find dataconnect.yaml in `c:\Users\DevAI Studio\Documents\GitHub\PayMerch\dataconnect`
 {"metadata":{"emulator":{"name":"dataconnect"},"message":"E1111 14:05:35.794918    6988 watch.go:31] Failed to load config from \"c:\\\\Users\\\\DevAI Studio\\\\Documents\\\\GitHub\\\\PayMerch\\\\dataconnect\": could not find dataconnect.yaml in `c:\\Users\\DevAI Studio\\Documents\\GitHub\\PayMerch\\dataconnect`\n"}}
[debug] [2025-11-11T12:05:45.795Z] E1111 14:05:45.795217    6988 watch.go:31] Failed to load config from "c:\\Users\\DevAI Studio\\Documents\\GitHub\\PayMerch\\dataconnect": could not find dataconnect.yaml in `c:\Users\DevAI Studio\Documents\GitHub\PayMerch\dataconnect`
 {"metadata":{"emulator":{"name":"dataconnect"},"message":"E1111 14:05:45.795217    6988 watch.go:31] Failed to load config from \"c:\\\\Users\\\\DevAI Studio\\\\Documents\\\\GitHub\\\\PayMerch\\\\dataconnect\": could not find dataconnect.yaml in `c:\\Users\\DevAI Studio\\Documents\\GitHub\\PayMerch\\dataconnect`\n"}}
[debug] [2025-11-11T12:05:55.795Z] E1111 14:05:55.795203    6988 watch.go:31] Failed to load config from "c:\\Users\\DevAI Studio\\Documents\\GitHub\\PayMerch\\dataconnect": could not find dataconnect.yaml in `c:\Users\DevAI Studio\Documents\GitHub\PayMerch\dataconnect`
 {"metadata":{"emulator":{"name":"dataconnect"},"message":"E1111 14:05:55.795203    6988 watch.go:31] Failed to load config from \"c:\\\\Users\\\\DevAI Studio\\\\Documents\\\\GitHub\\\\PayMerch\\\\dataconnect\": could not find dataconnect.yaml in `c:\\Users\\DevAI Studio\\Documents\\GitHub\\PayMerch\\dataconnect`\n"}}
[debug] [2025-11-11T12:06:05.795Z] E1111 14:06:05.794999    6988 watch.go:31] Failed to load config from "c:\\Users\\DevAI Studio\\Documents\\GitHub\\PayMerch\\dataconnect": could not find dataconnect.yaml in `c:\Users\DevAI Studio\Documents\GitHub\PayMerch\dataconnect`
 {"metadata":{"emulator":{"name":"dataconnect"},"message":"E1111 14:06:05.794999    6988 watch.go:31] Failed to load config from \"c:\\\\Users\\\\DevAI Studio\\\\Documents\\\\GitHub\\\\PayMerch\\\\dataconnect\": could not find dataconnect.yaml in `c:\\Users\\DevAI Studio\\Documents\\GitHub\\PayMerch\\dataconnect`\n"}}
[debug] [2025-11-11T12:06:15.795Z] E1111 14:06:15.795534    6988 watch.go:31] Failed to load config from "c:\\Users\\DevAI Studio\\Documents\\GitHub\\PayMerch\\dataconnect": could not find dataconnect.yaml in `c:\Users\DevAI Studio\Documents\GitHub\PayMerch\dataconnect`
 {"metadata":{"emulator":{"name":"dataconnect"},"message":"E1111 14:06:15.795534    6988 watch.go:31] Failed to load config from \"c:\\\\Users\\\\DevAI Studio\\\\Documents\\\\GitHub\\\\PayMerch\\\\dataconnect\": could not find dataconnect.yaml in `c:\\Users\\DevAI Studio\\Documents\\GitHub\\PayMerch\\dataconnect`\n"}}
[debug] [2025-11-11T12:06:25.795Z] E1111 14:06:25.794995    6988 watch.go:31] Failed to load config from "c:\\Users\\DevAI Studio\\Documents\\GitHub\\PayMerch\\dataconnect": could not find dataconnect.yaml in `c:\Users\DevAI Studio\Documents\GitHub\PayMerch\dataconnect`
 {"metadata":{"emulator":{"name":"dataconnect"},"message":"E1111 14:06:25.794995    6988 watch.go:31] Failed to load config from \"c:\\\\Users\\\\DevAI Studio\\\\Documents\\\\GitHub\\\\PayMerch\\\\dataconnect\": could not find dataconnect.yaml in `c:\\Users\\DevAI Studio\\Documents\\GitHub\\PayMerch\\dataconnect`\n"}}
[debug] [2025-11-11T12:06:35.795Z] E1111 14:06:35.795792    6988 watch.go:31] Failed to load config from "c:\\Users\\DevAI Studio\\Documents\\GitHub\\PayMerch\\dataconnect": could not find dataconnect.yaml in `c:\Users\DevAI Studio\Documents\GitHub\PayMerch\dataconnect`
 {"metadata":{"emulator":{"name":"dataconnect"},"message":"E1111 14:06:35.795792    6988 watch.go:31] Failed to load config from \"c:\\\\Users\\\\DevAI Studio\\\\Documents\\\\GitHub\\\\PayMerch\\\\dataconnect\": could not find dataconnect.yaml in `c:\\Users\\DevAI Studio\\Documents\\GitHub\\PayMerch\\dataconnect`\n"}}
[debug] [2025-11-11T12:06:45.795Z] E1111 14:06:45.794603    6988 watch.go:31] Failed to load config from "c:\\Users\\DevAI Studio\\Documents\\GitHub\\PayMerch\\dataconnect": could not find dataconnect.yaml in `c:\Users\DevAI Studio\Documents\GitHub\PayMerch\dataconnect`
 {"metadata":{"emulator":{"name":"dataconnect"},"message":"E1111 14:06:45.794603    6988 watch.go:31] Failed to load config from \"c:\\\\Users\\\\DevAI Studio\\\\Documents\\\\GitHub\\\\PayMerch\\\\dataconnect\": could not find dataconnect.yaml in `c:\\Users\\DevAI Studio\\Documents\\GitHub\\PayMerch\\dataconnect`\n"}}
[debug] [2025-11-11T12:06:55.796Z] E1111 14:06:55.795629    6988 watch.go:31] Failed to load config from "c:\\Users\\DevAI Studio\\Documents\\GitHub\\PayMerch\\dataconnect": could not find dataconnect.yaml in `c:\Users\DevAI Studio\Documents\GitHub\PayMerch\dataconnect`
 {"metadata":{"emulator":{"name":"dataconnect"},"message":"E1111 14:06:55.795629    6988 watch.go:31] Failed to load config from \"c:\\\\Users\\\\DevAI Studio\\\\Documents\\\\GitHub\\\\PayMerch\\\\dataconnect\": could not find dataconnect.yaml in `c:\\Users\\DevAI Studio\\Documents\\GitHub\\PayMerch\\dataconnect`\n"}}
[debug] [2025-11-11T12:07:05.795Z] E1111 14:07:05.795286    6988 watch.go:31] Failed to load config from "c:\\Users\\DevAI Studio\\Documents\\GitHub\\PayMerch\\dataconnect": could not find dataconnect.yaml in `c:\Users\DevAI Studio\Documents\GitHub\PayMerch\dataconnect`
 {"metadata":{"emulator":{"name":"dataconnect"},"message":"E1111 14:07:05.795286    6988 watch.go:31] Failed to load config from \"c:\\\\Users\\\\DevAI Studio\\\\Documents\\\\GitHub\\\\PayMerch\\\\dataconnect\": could not find dataconnect.yaml in `c:\\Users\\DevAI Studio\\Documents\\GitHub\\PayMerch\\dataconnect`\n"}}
[debug] [2025-11-11T12:07:15.795Z] E1111 14:07:15.794873    6988 watch.go:31] Failed to load config from "c:\\Users\\DevAI Studio\\Documents\\GitHub\\PayMerch\\dataconnect": could not find dataconnect.yaml in `c:\Users\DevAI Studio\Documents\GitHub\PayMerch\dataconnect`
E1111 14:07:15.795392    6988 watch.go:102] watchAllDir unable to walk dir `c:\Users\DevAI Studio\Documents\GitHub\PayMerch\dataconnect`: CreateFile c:\Users\DevAI Studio\Documents\GitHub\PayMerch\dataconnect: The system cannot find the file specified.
 {"metadata":{"emulator":{"name":"dataconnect"},"message":"E1111 14:07:15.794873    6988 watch.go:31] Failed to load config from \"c:\\\\Users\\\\DevAI Studio\\\\Documents\\\\GitHub\\\\PayMerch\\\\dataconnect\": could not find dataconnect.yaml in `c:\\Users\\DevAI Studio\\Documents\\GitHub\\PayMerch\\dataconnect`\nE1111 14:07:15.795392    6988 watch.go:102] watchAllDir unable to walk dir `c:\\Users\\DevAI Studio\\Documents\\GitHub\\PayMerch\\dataconnect`: CreateFile c:\\Users\\DevAI Studio\\Documents\\GitHub\\PayMerch\\dataconnect: The system cannot find the file specified.\n"}}
[debug] [2025-11-11T12:07:25.795Z] E1111 14:07:25.794540    6988 watch.go:31] Failed to load config from "c:\\Users\\DevAI Studio\\Documents\\GitHub\\PayMerch\\dataconnect": could not find dataconnect.yaml in `c:\Users\DevAI Studio\Documents\GitHub\PayMerch\dataconnect`
 {"metadata":{"emulator":{"name":"dataconnect"},"message":"E1111 14:07:25.794540    6988 watch.go:31] Failed to load config from \"c:\\\\Users\\\\DevAI Studio\\\\Documents\\\\GitHub\\\\PayMerch\\\\dataconnect\": could not find dataconnect.yaml in `c:\\Users\\DevAI Studio\\Documents\\GitHub\\PayMerch\\dataconnect`\n"}}
[debug] [2025-11-11T12:07:35.795Z] E1111 14:07:35.794760    6988 watch.go:31] Failed to load config from "c:\\Users\\DevAI Studio\\Documents\\GitHub\\PayMerch\\dataconnect": could not find dataconnect.yaml in `c:\Users\DevAI Studio\Documents\GitHub\PayMerch\dataconnect`
 {"metadata":{"emulator":{"name":"dataconnect"},"message":"E1111 14:07:35.794760    6988 watch.go:31] Failed to load config from \"c:\\\\Users\\\\DevAI Studio\\\\Documents\\\\GitHub\\\\PayMerch\\\\dataconnect\": could not find dataconnect.yaml in `c:\\Users\\DevAI Studio\\Documents\\GitHub\\PayMerch\\dataconnect`\n"}}
[debug] [2025-11-11T12:07:45.794Z] E1111 14:07:45.794593    6988 watch.go:31] Failed to load config from "c:\\Users\\DevAI Studio\\Documents\\GitHub\\PayMerch\\dataconnect": could not find dataconnect.yaml in `c:\Users\DevAI Studio\Documents\GitHub\PayMerch\dataconnect`
 {"metadata":{"emulator":{"name":"dataconnect"},"message":"E1111 14:07:45.794593    6988 watch.go:31] Failed to load config from \"c:\\\\Users\\\\DevAI Studio\\\\Documents\\\\GitHub\\\\PayMerch\\\\dataconnect\": could not find dataconnect.yaml in `c:\\Users\\DevAI Studio\\Documents\\GitHub\\PayMerch\\dataconnect`\n"}}
[debug] [2025-11-11T12:07:55.795Z] E1111 14:07:55.794814    6988 watch.go:31] Failed to load config from "c:\\Users\\DevAI Studio\\Documents\\GitHub\\PayMerch\\dataconnect": could not find dataconnect.yaml in `c:\Users\DevAI Studio\Documents\GitHub\PayMerch\dataconnect`
 {"metadata":{"emulator":{"name":"dataconnect"},"message":"E1111 14:07:55.794814    6988 watch.go:31] Failed to load config from \"c:\\\\Users\\\\DevAI Studio\\\\Documents\\\\GitHub\\\\PayMerch\\\\dataconnect\": could not find dataconnect.yaml in `c:\\Users\\DevAI Studio\\Documents\\GitHub\\PayMerch\\dataconnect`\n"}}
[debug] [2025-11-11T12:08:05.795Z] E1111 14:08:05.794781    6988 watch.go:31] Failed to load config from "c:\\Users\\DevAI Studio\\Documents\\GitHub\\PayMerch\\dataconnect": could not find dataconnect.yaml in `c:\Users\DevAI Studio\Documents\GitHub\PayMerch\dataconnect`
 {"metadata":{"emulator":{"name":"dataconnect"},"message":"E1111 14:08:05.794781    6988 watch.go:31] Failed to load config from \"c:\\\\Users\\\\DevAI Studio\\\\Documents\\\\GitHub\\\\PayMerch\\\\dataconnect\": could not find dataconnect.yaml in `c:\\Users\\DevAI Studio\\Documents\\GitHub\\PayMerch\\dataconnect`\n"}}
[debug] [2025-11-11T12:08:15.795Z] E1111 14:08:15.794949    6988 watch.go:31] Failed to load config from "c:\\Users\\DevAI Studio\\Documents\\GitHub\\PayMerch\\dataconnect": could not find dataconnect.yaml in `c:\Users\DevAI Studio\Documents\GitHub\PayMerch\dataconnect`
 {"metadata":{"emulator":{"name":"dataconnect"},"message":"E1111 14:08:15.794949    6988 watch.go:31] Failed to load config from \"c:\\\\Users\\\\DevAI Studio\\\\Documents\\\\GitHub\\\\PayMerch\\\\dataconnect\": could not find dataconnect.yaml in `c:\\Users\\DevAI Studio\\Documents\\GitHub\\PayMerch\\dataconnect`\n"}}
[debug] [2025-11-11T12:08:25.794Z] E1111 14:08:25.794465    6988 watch.go:31] Failed to load config from "c:\\Users\\DevAI Studio\\Documents\\GitHub\\PayMerch\\dataconnect": could not find dataconnect.yaml in `c:\Users\DevAI Studio\Documents\GitHub\PayMerch\dataconnect`
 {"metadata":{"emulator":{"name":"dataconnect"},"message":"E1111 14:08:25.794465    6988 watch.go:31] Failed to load config from \"c:\\\\Users\\\\DevAI Studio\\\\Documents\\\\GitHub\\\\PayMerch\\\\dataconnect\": could not find dataconnect.yaml in `c:\\Users\\DevAI Studio\\Documents\\GitHub\\PayMerch\\dataconnect`\n"}}
[debug] [2025-11-11T12:08:35.795Z] E1111 14:08:35.794845    6988 watch.go:31] Failed to load config from "c:\\Users\\DevAI Studio\\Documents\\GitHub\\PayMerch\\dataconnect": could not find dataconnect.yaml in `c:\Users\DevAI Studio\Documents\GitHub\PayMerch\dataconnect`
 {"metadata":{"emulator":{"name":"dataconnect"},"message":"E1111 14:08:35.794845    6988 watch.go:31] Failed to load config from \"c:\\\\Users\\\\DevAI Studio\\\\Documents\\\\GitHub\\\\PayMerch\\\\dataconnect\": could not find dataconnect.yaml in `c:\\Users\\DevAI Studio\\Documents\\GitHub\\PayMerch\\dataconnect`\n"}}
[debug] [2025-11-11T12:08:45.796Z] E1111 14:08:45.796036    6988 watch.go:31] Failed to load config from "c:\\Users\\DevAI Studio\\Documents\\GitHub\\PayMerch\\dataconnect": could not find dataconnect.yaml in `c:\Users\DevAI Studio\Documents\GitHub\PayMerch\dataconnect`
 {"metadata":{"emulator":{"name":"dataconnect"},"message":"E1111 14:08:45.796036    6988 watch.go:31] Failed to load config from \"c:\\\\Users\\\\DevAI Studio\\\\Documents\\\\GitHub\\\\PayMerch\\\\dataconnect\": could not find dataconnect.yaml in `c:\\Users\\DevAI Studio\\Documents\\GitHub\\PayMerch\\dataconnect`\n"}}
[debug] [2025-11-11T12:08:55.795Z] E1111 14:08:55.794698    6988 watch.go:31] Failed to load config from "c:\\Users\\DevAI Studio\\Documents\\GitHub\\PayMerch\\dataconnect": could not find dataconnect.yaml in `c:\Users\DevAI Studio\Documents\GitHub\PayMerch\dataconnect`
 {"metadata":{"emulator":{"name":"dataconnect"},"message":"E1111 14:08:55.794698    6988 watch.go:31] Failed to load config from \"c:\\\\Users\\\\DevAI Studio\\\\Documents\\\\GitHub\\\\PayMerch\\\\dataconnect\": could not find dataconnect.yaml in `c:\\Users\\DevAI Studio\\Documents\\GitHub\\PayMerch\\dataconnect`\n"}}
[debug] [2025-11-11T12:09:05.794Z] E1111 14:09:05.793948    6988 watch.go:31] Failed to load config from "c:\\Users\\DevAI Studio\\Documents\\GitHub\\PayMerch\\dataconnect": could not find dataconnect.yaml in `c:\Users\DevAI Studio\Documents\GitHub\PayMerch\dataconnect`
 {"metadata":{"emulator":{"name":"dataconnect"},"message":"E1111 14:09:05.793948    6988 watch.go:31] Failed to load config from \"c:\\\\Users\\\\DevAI Studio\\\\Documents\\\\GitHub\\\\PayMerch\\\\dataconnect\": could not find dataconnect.yaml in `c:\\Users\\DevAI Studio\\Documents\\GitHub\\PayMerch\\dataconnect`\n"}}
[debug] [2025-11-11T12:09:15.795Z] E1111 14:09:15.794938    6988 watch.go:31] Failed to load config from "c:\\Users\\DevAI Studio\\Documents\\GitHub\\PayMerch\\dataconnect": could not find dataconnect.yaml in `c:\Users\DevAI Studio\Documents\GitHub\PayMerch\dataconnect`
E1111 14:09:15.795460    6988 watch.go:102] watchAllDir unable to walk dir `c:\Users\DevAI Studio\Documents\GitHub\PayMerch\dataconnect`: CreateFile c:\Users\DevAI Studio\Documents\GitHub\PayMerch\dataconnect: The system cannot find the file specified.
 {"metadata":{"emulator":{"name":"dataconnect"},"message":"E1111 14:09:15.794938    6988 watch.go:31] Failed to load config from \"c:\\\\Users\\\\DevAI Studio\\\\Documents\\\\GitHub\\\\PayMerch\\\\dataconnect\": could not find dataconnect.yaml in `c:\\Users\\DevAI Studio\\Documents\\GitHub\\PayMerch\\dataconnect`\nE1111 14:09:15.795460    6988 watch.go:102] watchAllDir unable to walk dir `c:\\Users\\DevAI Studio\\Documents\\GitHub\\PayMerch\\dataconnect`: CreateFile c:\\Users\\DevAI Studio\\Documents\\GitHub\\PayMerch\\dataconnect: The system cannot find the file specified.\n"}}
[debug] [2025-11-11T12:09:25.794Z] E1111 14:09:25.794446    6988 watch.go:31] Failed to load config from "c:\\Users\\DevAI Studio\\Documents\\GitHub\\PayMerch\\dataconnect": could not find dataconnect.yaml in `c:\Users\DevAI Studio\Documents\GitHub\PayMerch\dataconnect`
 {"metadata":{"emulator":{"name":"dataconnect"},"message":"E1111 14:09:25.794446    6988 watch.go:31] Failed to load config from \"c:\\\\Users\\\\DevAI Studio\\\\Documents\\\\GitHub\\\\PayMerch\\\\dataconnect\": could not find dataconnect.yaml in `c:\\Users\\DevAI Studio\\Documents\\GitHub\\PayMerch\\dataconnect`\n"}}
[debug] [2025-11-11T12:09:35.796Z] E1111 14:09:35.795946    6988 watch.go:31] Failed to load config from "c:\\Users\\DevAI Studio\\Documents\\GitHub\\PayMerch\\dataconnect": could not find dataconnect.yaml in `c:\Users\DevAI Studio\Documents\GitHub\PayMerch\dataconnect`
 {"metadata":{"emulator":{"name":"dataconnect"},"message":"E1111 14:09:35.795946    6988 watch.go:31] Failed to load config from \"c:\\\\Users\\\\DevAI Studio\\\\Documents\\\\GitHub\\\\PayMerch\\\\dataconnect\": could not find dataconnect.yaml in `c:\\Users\\DevAI Studio\\Documents\\GitHub\\PayMerch\\dataconnect`\n"}}
[debug] [2025-11-11T12:09:45.796Z] E1111 14:09:45.795340    6988 watch.go:31] Failed to load config from "c:\\Users\\DevAI Studio\\Documents\\GitHub\\PayMerch\\dataconnect": could not find dataconnect.yaml in `c:\Users\DevAI Studio\Documents\GitHub\PayMerch\dataconnect`
 {"metadata":{"emulator":{"name":"dataconnect"},"message":"E1111 14:09:45.795340    6988 watch.go:31] Failed to load config from \"c:\\\\Users\\\\DevAI Studio\\\\Documents\\\\GitHub\\\\PayMerch\\\\dataconnect\": could not find dataconnect.yaml in `c:\\Users\\DevAI Studio\\Documents\\GitHub\\PayMerch\\dataconnect`\n"}}
[debug] [2025-11-11T12:09:55.795Z] E1111 14:09:55.795170    6988 watch.go:31] Failed to load config from "c:\\Users\\DevAI Studio\\Documents\\GitHub\\PayMerch\\dataconnect": could not find dataconnect.yaml in `c:\Users\DevAI Studio\Documents\GitHub\PayMerch\dataconnect`
 {"metadata":{"emulator":{"name":"dataconnect"},"message":"E1111 14:09:55.795170    6988 watch.go:31] Failed to load config from \"c:\\\\Users\\\\DevAI Studio\\\\Documents\\\\GitHub\\\\PayMerch\\\\dataconnect\": could not find dataconnect.yaml in `c:\\Users\\DevAI Studio\\Documents\\GitHub\\PayMerch\\dataconnect`\n"}}
[debug] [2025-11-11T12:10:05.795Z] E1111 14:10:05.794898    6988 watch.go:31] Failed to load config from "c:\\Users\\DevAI Studio\\Documents\\GitHub\\PayMerch\\dataconnect": could not find dataconnect.yaml in `c:\Users\DevAI Studio\Documents\GitHub\PayMerch\dataconnect`
 {"metadata":{"emulator":{"name":"dataconnect"},"message":"E1111 14:10:05.794898    6988 watch.go:31] Failed to load config from \"c:\\\\Users\\\\DevAI Studio\\\\Documents\\\\GitHub\\\\PayMerch\\\\dataconnect\": could not find dataconnect.yaml in `c:\\Users\\DevAI Studio\\Documents\\GitHub\\PayMerch\\dataconnect`\n"}}
[debug] [2025-11-11T12:10:15.795Z] E1111 14:10:15.795149    6988 watch.go:31] Failed to load config from "c:\\Users\\DevAI Studio\\Documents\\GitHub\\PayMerch\\dataconnect": could not find dataconnect.yaml in `c:\Users\DevAI Studio\Documents\GitHub\PayMerch\dataconnect`
 {"metadata":{"emulator":{"name":"dataconnect"},"message":"E1111 14:10:15.795149    6988 watch.go:31] Failed to load config from \"c:\\\\Users\\\\DevAI Studio\\\\Documents\\\\GitHub\\\\PayMerch\\\\dataconnect\": could not find dataconnect.yaml in `c:\\Users\\DevAI Studio\\Documents\\GitHub\\PayMerch\\dataconnect`\n"}}
[debug] [2025-11-11T12:10:25.795Z] E1111 14:10:25.794915    6988 watch.go:31] Failed to load config from "c:\\Users\\DevAI Studio\\Documents\\GitHub\\PayMerch\\dataconnect": could not find dataconnect.yaml in `c:\Users\DevAI Studio\Documents\GitHub\PayMerch\dataconnect`
 {"metadata":{"emulator":{"name":"dataconnect"},"message":"E1111 14:10:25.794915    6988 watch.go:31] Failed to load config from \"c:\\\\Users\\\\DevAI Studio\\\\Documents\\\\GitHub\\\\PayMerch\\\\dataconnect\": could not find dataconnect.yaml in `c:\\Users\\DevAI Studio\\Documents\\GitHub\\PayMerch\\dataconnect`\n"}}
[debug] [2025-11-11T12:10:35.795Z] E1111 14:10:35.794889    6988 watch.go:31] Failed to load config from "c:\\Users\\DevAI Studio\\Documents\\GitHub\\PayMerch\\dataconnect": could not find dataconnect.yaml in `c:\Users\DevAI Studio\Documents\GitHub\PayMerch\dataconnect`
 {"metadata":{"emulator":{"name":"dataconnect"},"message":"E1111 14:10:35.794889    6988 watch.go:31] Failed to load config from \"c:\\\\Users\\\\DevAI Studio\\\\Documents\\\\GitHub\\\\PayMerch\\\\dataconnect\": could not find dataconnect.yaml in `c:\\Users\\DevAI Studio\\Documents\\GitHub\\PayMerch\\dataconnect`\n"}}
[debug] [2025-11-11T12:10:45.793Z] E1111 14:10:45.795109    6988 watch.go:31] Failed to load config from "c:\\Users\\DevAI Studio\\Documents\\GitHub\\PayMerch\\dataconnect": could not find dataconnect.yaml in `c:\Users\DevAI Studio\Documents\GitHub\PayMerch\dataconnect`
 {"metadata":{"emulator":{"name":"dataconnect"},"message":"E1111 14:10:45.795109    6988 watch.go:31] Failed to load config from \"c:\\\\Users\\\\DevAI Studio\\\\Documents\\\\GitHub\\\\PayMerch\\\\dataconnect\": could not find dataconnect.yaml in `c:\\Users\\DevAI Studio\\Documents\\GitHub\\PayMerch\\dataconnect`\n"}}
[debug] [2025-11-11T12:10:55.793Z] E1111 14:10:55.795784    6988 watch.go:31] Failed to load config from "c:\\Users\\DevAI Studio\\Documents\\GitHub\\PayMerch\\dataconnect": could not find dataconnect.yaml in `c:\Users\DevAI Studio\Documents\GitHub\PayMerch\dataconnect`
 {"metadata":{"emulator":{"name":"dataconnect"},"message":"E1111 14:10:55.795784    6988 watch.go:31] Failed to load config from \"c:\\\\Users\\\\DevAI Studio\\\\Documents\\\\GitHub\\\\PayMerch\\\\dataconnect\": could not find dataconnect.yaml in `c:\\Users\\DevAI Studio\\Documents\\GitHub\\PayMerch\\dataconnect`\n"}}
[debug] [2025-11-11T12:11:05.792Z] E1111 14:11:05.794496    6988 watch.go:31] Failed to load config from "c:\\Users\\DevAI Studio\\Documents\\GitHub\\PayMerch\\dataconnect": could not find dataconnect.yaml in `c:\Users\DevAI Studio\Documents\GitHub\PayMerch\dataconnect`
 {"metadata":{"emulator":{"name":"dataconnect"},"message":"E1111 14:11:05.794496    6988 watch.go:31] Failed to load config from \"c:\\\\Users\\\\DevAI Studio\\\\Documents\\\\GitHub\\\\PayMerch\\\\dataconnect\": could not find dataconnect.yaml in `c:\\Users\\DevAI Studio\\Documents\\GitHub\\PayMerch\\dataconnect`\n"}}
[debug] [2025-11-11T12:11:15.793Z] E1111 14:11:15.795767    6988 watch.go:31] Failed to load config from "c:\\Users\\DevAI Studio\\Documents\\GitHub\\PayMerch\\dataconnect": could not find dataconnect.yaml in `c:\Users\DevAI Studio\Documents\GitHub\PayMerch\dataconnect`
E1111 14:11:15.795925    6988 watch.go:102] watchAllDir unable to walk dir `c:\Users\DevAI Studio\Documents\GitHub\PayMerch\dataconnect`: CreateFile c:\Users\DevAI Studio\Documents\GitHub\PayMerch\dataconnect: The system cannot find the file specified.
 {"metadata":{"emulator":{"name":"dataconnect"},"message":"E1111 14:11:15.795767    6988 watch.go:31] Failed to load config from \"c:\\\\Users\\\\DevAI Studio\\\\Documents\\\\GitHub\\\\PayMerch\\\\dataconnect\": could not find dataconnect.yaml in `c:\\Users\\DevAI Studio\\Documents\\GitHub\\PayMerch\\dataconnect`\nE1111 14:11:15.795925    6988 watch.go:102] watchAllDir unable to walk dir `c:\\Users\\DevAI Studio\\Documents\\GitHub\\PayMerch\\dataconnect`: CreateFile c:\\Users\\DevAI Studio\\Documents\\GitHub\\PayMerch\\dataconnect: The system cannot find the file specified.\n"}}
[debug] [2025-11-11T12:11:25.792Z] E1111 14:11:25.794767    6988 watch.go:31] Failed to load config from "c:\\Users\\DevAI Studio\\Documents\\GitHub\\PayMerch\\dataconnect": could not find dataconnect.yaml in `c:\Users\DevAI Studio\Documents\GitHub\PayMerch\dataconnect`
 {"metadata":{"emulator":{"name":"dataconnect"},"message":"E1111 14:11:25.794767    6988 watch.go:31] Failed to load config from \"c:\\\\Users\\\\DevAI Studio\\\\Documents\\\\GitHub\\\\PayMerch\\\\dataconnect\": could not find dataconnect.yaml in `c:\\Users\\DevAI Studio\\Documents\\GitHub\\PayMerch\\dataconnect`\n"}}
[debug] [2025-11-11T12:11:35.792Z] E1111 14:11:35.794739    6988 watch.go:31] Failed to load config from "c:\\Users\\DevAI Studio\\Documents\\GitHub\\PayMerch\\dataconnect": could not find dataconnect.yaml in `c:\Users\DevAI Studio\Documents\GitHub\PayMerch\dataconnect`
 {"metadata":{"emulator":{"name":"dataconnect"},"message":"E1111 14:11:35.794739    6988 watch.go:31] Failed to load config from \"c:\\\\Users\\\\DevAI Studio\\\\Documents\\\\GitHub\\\\PayMerch\\\\dataconnect\": could not find dataconnect.yaml in `c:\\Users\\DevAI Studio\\Documents\\GitHub\\PayMerch\\dataconnect`\n"}}
[debug] [2025-11-11T12:11:45.792Z] E1111 14:11:45.795739    6988 watch.go:31] Failed to load config from "c:\\Users\\DevAI Studio\\Documents\\GitHub\\PayMerch\\dataconnect": could not find dataconnect.yaml in `c:\Users\DevAI Studio\Documents\GitHub\PayMerch\dataconnect`
 {"metadata":{"emulator":{"name":"dataconnect"},"message":"E1111 14:11:45.795739    6988 watch.go:31] Failed to load config from \"c:\\\\Users\\\\DevAI Studio\\\\Documents\\\\GitHub\\\\PayMerch\\\\dataconnect\": could not find dataconnect.yaml in `c:\\Users\\DevAI Studio\\Documents\\GitHub\\PayMerch\\dataconnect`\n"}}
[debug] [2025-11-11T12:11:55.792Z] E1111 14:11:55.795215    6988 watch.go:31] Failed to load config from "c:\\Users\\DevAI Studio\\Documents\\GitHub\\PayMerch\\dataconnect": could not find dataconnect.yaml in `c:\Users\DevAI Studio\Documents\GitHub\PayMerch\dataconnect`
 {"metadata":{"emulator":{"name":"dataconnect"},"message":"E1111 14:11:55.795215    6988 watch.go:31] Failed to load config from \"c:\\\\Users\\\\DevAI Studio\\\\Documents\\\\GitHub\\\\PayMerch\\\\dataconnect\": could not find dataconnect.yaml in `c:\\Users\\DevAI Studio\\Documents\\GitHub\\PayMerch\\dataconnect`\n"}}
[debug] [2025-11-11T12:12:05.791Z] E1111 14:12:05.794489    6988 watch.go:31] Failed to load config from "c:\\Users\\DevAI Studio\\Documents\\GitHub\\PayMerch\\dataconnect": could not find dataconnect.yaml in `c:\Users\DevAI Studio\Documents\GitHub\PayMerch\dataconnect`
 {"metadata":{"emulator":{"name":"dataconnect"},"message":"E1111 14:12:05.794489    6988 watch.go:31] Failed to load config from \"c:\\\\Users\\\\DevAI Studio\\\\Documents\\\\GitHub\\\\PayMerch\\\\dataconnect\": could not find dataconnect.yaml in `c:\\Users\\DevAI Studio\\Documents\\GitHub\\PayMerch\\dataconnect`\n"}}
[debug] [2025-11-11T12:12:15.792Z] E1111 14:12:15.795411    6988 watch.go:31] Failed to load config from "c:\\Users\\DevAI Studio\\Documents\\GitHub\\PayMerch\\dataconnect": could not find dataconnect.yaml in `c:\Users\DevAI Studio\Documents\GitHub\PayMerch\dataconnect`
 {"metadata":{"emulator":{"name":"dataconnect"},"message":"E1111 14:12:15.795411    6988 watch.go:31] Failed to load config from \"c:\\\\Users\\\\DevAI Studio\\\\Documents\\\\GitHub\\\\PayMerch\\\\dataconnect\": could not find dataconnect.yaml in `c:\\Users\\DevAI Studio\\Documents\\GitHub\\PayMerch\\dataconnect`\n"}}
[debug] [2025-11-11T12:12:25.792Z] E1111 14:12:25.795218    6988 watch.go:31] Failed to load config from "c:\\Users\\DevAI Studio\\Documents\\GitHub\\PayMerch\\dataconnect": could not find dataconnect.yaml in `c:\Users\DevAI Studio\Documents\GitHub\PayMerch\dataconnect`
 {"metadata":{"emulator":{"name":"dataconnect"},"message":"E1111 14:12:25.795218    6988 watch.go:31] Failed to load config from \"c:\\\\Users\\\\DevAI Studio\\\\Documents\\\\GitHub\\\\PayMerch\\\\dataconnect\": could not find dataconnect.yaml in `c:\\Users\\DevAI Studio\\Documents\\GitHub\\PayMerch\\dataconnect`\n"}}
[debug] [2025-11-11T12:12:35.792Z] E1111 14:12:35.794986    6988 watch.go:31] Failed to load config from "c:\\Users\\DevAI Studio\\Documents\\GitHub\\PayMerch\\dataconnect": could not find dataconnect.yaml in `c:\Users\DevAI Studio\Documents\GitHub\PayMerch\dataconnect`
 {"metadata":{"emulator":{"name":"dataconnect"},"message":"E1111 14:12:35.794986    6988 watch.go:31] Failed to load config from \"c:\\\\Users\\\\DevAI Studio\\\\Documents\\\\GitHub\\\\PayMerch\\\\dataconnect\": could not find dataconnect.yaml in `c:\\Users\\DevAI Studio\\Documents\\GitHub\\PayMerch\\dataconnect`\n"}}
[debug] [2025-11-11T12:12:45.792Z] E1111 14:12:45.794951    6988 watch.go:31] Failed to load config from "c:\\Users\\DevAI Studio\\Documents\\GitHub\\PayMerch\\dataconnect": could not find dataconnect.yaml in `c:\Users\DevAI Studio\Documents\GitHub\PayMerch\dataconnect`
 {"metadata":{"emulator":{"name":"dataconnect"},"message":"E1111 14:12:45.794951    6988 watch.go:31] Failed to load config from \"c:\\\\Users\\\\DevAI Studio\\\\Documents\\\\GitHub\\\\PayMerch\\\\dataconnect\": could not find dataconnect.yaml in `c:\\Users\\DevAI Studio\\Documents\\GitHub\\PayMerch\\dataconnect`\n"}}
[debug] [2025-11-11T12:12:55.791Z] E1111 14:12:55.794683    6988 watch.go:31] Failed to load config from "c:\\Users\\DevAI Studio\\Documents\\GitHub\\PayMerch\\dataconnect": could not find dataconnect.yaml in `c:\Users\DevAI Studio\Documents\GitHub\PayMerch\dataconnect`
 {"metadata":{"emulator":{"name":"dataconnect"},"message":"E1111 14:12:55.794683    6988 watch.go:31] Failed to load config from \"c:\\\\Users\\\\DevAI Studio\\\\Documents\\\\GitHub\\\\PayMerch\\\\dataconnect\": could not find dataconnect.yaml in `c:\\Users\\DevAI Studio\\Documents\\GitHub\\PayMerch\\dataconnect`\n"}}
[debug] [2025-11-11T12:13:05.792Z] E1111 14:13:05.795218    6988 watch.go:31] Failed to load config from "c:\\Users\\DevAI Studio\\Documents\\GitHub\\PayMerch\\dataconnect": could not find dataconnect.yaml in `c:\Users\DevAI Studio\Documents\GitHub\PayMerch\dataconnect`
 {"metadata":{"emulator":{"name":"dataconnect"},"message":"E1111 14:13:05.795218    6988 watch.go:31] Failed to load config from \"c:\\\\Users\\\\DevAI Studio\\\\Documents\\\\GitHub\\\\PayMerch\\\\dataconnect\": could not find dataconnect.yaml in `c:\\Users\\DevAI Studio\\Documents\\GitHub\\PayMerch\\dataconnect`\n"}}
[debug] [2025-11-11T12:13:15.792Z] E1111 14:13:15.795140    6988 watch.go:31] Failed to load config from "c:\\Users\\DevAI Studio\\Documents\\GitHub\\PayMerch\\dataconnect": could not find dataconnect.yaml in `c:\Users\DevAI Studio\Documents\GitHub\PayMerch\dataconnect`
E1111 14:13:15.795405    6988 watch.go:102] watchAllDir unable to walk dir `c:\Users\DevAI Studio\Documents\GitHub\PayMerch\dataconnect`: CreateFile c:\Users\DevAI Studio\Documents\GitHub\PayMerch\dataconnect: The system cannot find the file specified.
 {"metadata":{"emulator":{"name":"dataconnect"},"message":"E1111 14:13:15.795140    6988 watch.go:31] Failed to load config from \"c:\\\\Users\\\\DevAI Studio\\\\Documents\\\\GitHub\\\\PayMerch\\\\dataconnect\": could not find dataconnect.yaml in `c:\\Users\\DevAI Studio\\Documents\\GitHub\\PayMerch\\dataconnect`\nE1111 14:13:15.795405    6988 watch.go:102] watchAllDir unable to walk dir `c:\\Users\\DevAI Studio\\Documents\\GitHub\\PayMerch\\dataconnect`: CreateFile c:\\Users\\DevAI Studio\\Documents\\GitHub\\PayMerch\\dataconnect: The system cannot find the file specified.\n"}}
[debug] [2025-11-11T12:13:25.791Z] E1111 14:13:25.794536    6988 watch.go:31] Failed to load config from "c:\\Users\\DevAI Studio\\Documents\\GitHub\\PayMerch\\dataconnect": could not find dataconnect.yaml in `c:\Users\DevAI Studio\Documents\GitHub\PayMerch\dataconnect`
 {"metadata":{"emulator":{"name":"dataconnect"},"message":"E1111 14:13:25.794536    6988 watch.go:31] Failed to load config from \"c:\\\\Users\\\\DevAI Studio\\\\Documents\\\\GitHub\\\\PayMerch\\\\dataconnect\": could not find dataconnect.yaml in `c:\\Users\\DevAI Studio\\Documents\\GitHub\\PayMerch\\dataconnect`\n"}}
[debug] [2025-11-11T12:13:35.792Z] E1111 14:13:35.794853    6988 watch.go:31] Failed to load config from "c:\\Users\\DevAI Studio\\Documents\\GitHub\\PayMerch\\dataconnect": could not find dataconnect.yaml in `c:\Users\DevAI Studio\Documents\GitHub\PayMerch\dataconnect`
 {"metadata":{"emulator":{"name":"dataconnect"},"message":"E1111 14:13:35.794853    6988 watch.go:31] Failed to load config from \"c:\\\\Users\\\\DevAI Studio\\\\Documents\\\\GitHub\\\\PayMerch\\\\dataconnect\": could not find dataconnect.yaml in `c:\\Users\\DevAI Studio\\Documents\\GitHub\\PayMerch\\dataconnect`\n"}}
[debug] [2025-11-11T12:13:45.795Z] E1111 14:13:45.794805    6988 watch.go:31] Failed to load config from "c:\\Users\\DevAI Studio\\Documents\\GitHub\\PayMerch\\dataconnect": could not find dataconnect.yaml in `c:\Users\DevAI Studio\Documents\GitHub\PayMerch\dataconnect`
 {"metadata":{"emulator":{"name":"dataconnect"},"message":"E1111 14:13:45.794805    6988 watch.go:31] Failed to load config from \"c:\\\\Users\\\\DevAI Studio\\\\Documents\\\\GitHub\\\\PayMerch\\\\dataconnect\": could not find dataconnect.yaml in `c:\\Users\\DevAI Studio\\Documents\\GitHub\\PayMerch\\dataconnect`\n"}}
[debug] [2025-11-11T12:13:55.794Z] E1111 14:13:55.794750    6988 watch.go:31] Failed to load config from "c:\\Users\\DevAI Studio\\Documents\\GitHub\\PayMerch\\dataconnect": could not find dataconnect.yaml in `c:\Users\DevAI Studio\Documents\GitHub\PayMerch\dataconnect`
 {"metadata":{"emulator":{"name":"dataconnect"},"message":"E1111 14:13:55.794750    6988 watch.go:31] Failed to load config from \"c:\\\\Users\\\\DevAI Studio\\\\Documents\\\\GitHub\\\\PayMerch\\\\dataconnect\": could not find dataconnect.yaml in `c:\\Users\\DevAI Studio\\Documents\\GitHub\\PayMerch\\dataconnect`\n"}}
[debug] [2025-11-11T12:14:05.794Z] E1111 14:14:05.794657    6988 watch.go:31] Failed to load config from "c:\\Users\\DevAI Studio\\Documents\\GitHub\\PayMerch\\dataconnect": could not find dataconnect.yaml in `c:\Users\DevAI Studio\Documents\GitHub\PayMerch\dataconnect`
 {"metadata":{"emulator":{"name":"dataconnect"},"message":"E1111 14:14:05.794657    6988 watch.go:31] Failed to load config from \"c:\\\\Users\\\\DevAI Studio\\\\Documents\\\\GitHub\\\\PayMerch\\\\dataconnect\": could not find dataconnect.yaml in `c:\\Users\\DevAI Studio\\Documents\\GitHub\\PayMerch\\dataconnect`\n"}}
[debug] [2025-11-11T12:14:15.794Z] E1111 14:14:15.794817    6988 watch.go:31] Failed to load config from "c:\\Users\\DevAI Studio\\Documents\\GitHub\\PayMerch\\dataconnect": could not find dataconnect.yaml in `c:\Users\DevAI Studio\Documents\GitHub\PayMerch\dataconnect`
 {"metadata":{"emulator":{"name":"dataconnect"},"message":"E1111 14:14:15.794817    6988 watch.go:31] Failed to load config from \"c:\\\\Users\\\\DevAI Studio\\\\Documents\\\\GitHub\\\\PayMerch\\\\dataconnect\": could not find dataconnect.yaml in `c:\\Users\\DevAI Studio\\Documents\\GitHub\\PayMerch\\dataconnect`\n"}}
[debug] [2025-11-11T12:14:25.795Z] E1111 14:14:25.794923    6988 watch.go:31] Failed to load config from "c:\\Users\\DevAI Studio\\Documents\\GitHub\\PayMerch\\dataconnect": could not find dataconnect.yaml in `c:\Users\DevAI Studio\Documents\GitHub\PayMerch\dataconnect`
 {"metadata":{"emulator":{"name":"dataconnect"},"message":"E1111 14:14:25.794923    6988 watch.go:31] Failed to load config from \"c:\\\\Users\\\\DevAI Studio\\\\Documents\\\\GitHub\\\\PayMerch\\\\dataconnect\": could not find dataconnect.yaml in `c:\\Users\\DevAI Studio\\Documents\\GitHub\\PayMerch\\dataconnect`\n"}}
[debug] [2025-11-11T12:14:35.795Z] E1111 14:14:35.794789    6988 watch.go:31] Failed to load config from "c:\\Users\\DevAI Studio\\Documents\\GitHub\\PayMerch\\dataconnect": could not find dataconnect.yaml in `c:\Users\DevAI Studio\Documents\GitHub\PayMerch\dataconnect`
 {"metadata":{"emulator":{"name":"dataconnect"},"message":"E1111 14:14:35.794789    6988 watch.go:31] Failed to load config from \"c:\\\\Users\\\\DevAI Studio\\\\Documents\\\\GitHub\\\\PayMerch\\\\dataconnect\": could not find dataconnect.yaml in `c:\\Users\\DevAI Studio\\Documents\\GitHub\\PayMerch\\dataconnect`\n"}}
[debug] [2025-11-11T12:14:45.795Z] E1111 14:14:45.795061    6988 watch.go:31] Failed to load config from "c:\\Users\\DevAI Studio\\Documents\\GitHub\\PayMerch\\dataconnect": could not find dataconnect.yaml in `c:\Users\DevAI Studio\Documents\GitHub\PayMerch\dataconnect`
 {"metadata":{"emulator":{"name":"dataconnect"},"message":"E1111 14:14:45.795061    6988 watch.go:31] Failed to load config from \"c:\\\\Users\\\\DevAI Studio\\\\Documents\\\\GitHub\\\\PayMerch\\\\dataconnect\": could not find dataconnect.yaml in `c:\\Users\\DevAI Studio\\Documents\\GitHub\\PayMerch\\dataconnect`\n"}}
[debug] [2025-11-11T12:14:55.795Z] E1111 14:14:55.794600    6988 watch.go:31] Failed to load config from "c:\\Users\\DevAI Studio\\Documents\\GitHub\\PayMerch\\dataconnect": could not find dataconnect.yaml in `c:\Users\DevAI Studio\Documents\GitHub\PayMerch\dataconnect`
 {"metadata":{"emulator":{"name":"dataconnect"},"message":"E1111 14:14:55.794600    6988 watch.go:31] Failed to load config from \"c:\\\\Users\\\\DevAI Studio\\\\Documents\\\\GitHub\\\\PayMerch\\\\dataconnect\": could not find dataconnect.yaml in `c:\\Users\\DevAI Studio\\Documents\\GitHub\\PayMerch\\dataconnect`\n"}}
[debug] [2025-11-11T12:15:05.795Z] E1111 14:15:05.794799    6988 watch.go:31] Failed to load config from "c:\\Users\\DevAI Studio\\Documents\\GitHub\\PayMerch\\dataconnect": could not find dataconnect.yaml in `c:\Users\DevAI Studio\Documents\GitHub\PayMerch\dataconnect`
 {"metadata":{"emulator":{"name":"dataconnect"},"message":"E1111 14:15:05.794799    6988 watch.go:31] Failed to load config from \"c:\\\\Users\\\\DevAI Studio\\\\Documents\\\\GitHub\\\\PayMerch\\\\dataconnect\": could not find dataconnect.yaml in `c:\\Users\\DevAI Studio\\Documents\\GitHub\\PayMerch\\dataconnect`\n"}}
[debug] [2025-11-11T12:15:15.795Z] E1111 14:15:15.795183    6988 watch.go:31] Failed to load config from "c:\\Users\\DevAI Studio\\Documents\\GitHub\\PayMerch\\dataconnect": could not find dataconnect.yaml in `c:\Users\DevAI Studio\Documents\GitHub\PayMerch\dataconnect`
E1111 14:15:15.795402    6988 watch.go:102] watchAllDir unable to walk dir `c:\Users\DevAI Studio\Documents\GitHub\PayMerch\dataconnect`: CreateFile c:\Users\DevAI Studio\Documents\GitHub\PayMerch\dataconnect: The system cannot find the file specified.
 {"metadata":{"emulator":{"name":"dataconnect"},"message":"E1111 14:15:15.795183    6988 watch.go:31] Failed to load config from \"c:\\\\Users\\\\DevAI Studio\\\\Documents\\\\GitHub\\\\PayMerch\\\\dataconnect\": could not find dataconnect.yaml in `c:\\Users\\DevAI Studio\\Documents\\GitHub\\PayMerch\\dataconnect`\nE1111 14:15:15.795402    6988 watch.go:102] watchAllDir unable to walk dir `c:\\Users\\DevAI Studio\\Documents\\GitHub\\PayMerch\\dataconnect`: CreateFile c:\\Users\\DevAI Studio\\Documents\\GitHub\\PayMerch\\dataconnect: The system cannot find the file specified.\n"}}
[debug] [2025-11-11T12:15:25.795Z] E1111 14:15:25.794952    6988 watch.go:31] Failed to load config from "c:\\Users\\DevAI Studio\\Documents\\GitHub\\PayMerch\\dataconnect": could not find dataconnect.yaml in `c:\Users\DevAI Studio\Documents\GitHub\PayMerch\dataconnect`
 {"metadata":{"emulator":{"name":"dataconnect"},"message":"E1111 14:15:25.794952    6988 watch.go:31] Failed to load config from \"c:\\\\Users\\\\DevAI Studio\\\\Documents\\\\GitHub\\\\PayMerch\\\\dataconnect\": could not find dataconnect.yaml in `c:\\Users\\DevAI Studio\\Documents\\GitHub\\PayMerch\\dataconnect`\n"}}
[debug] [2025-11-11T12:15:35.795Z] E1111 14:15:35.794698    6988 watch.go:31] Failed to load config from "c:\\Users\\DevAI Studio\\Documents\\GitHub\\PayMerch\\dataconnect": could not find dataconnect.yaml in `c:\Users\DevAI Studio\Documents\GitHub\PayMerch\dataconnect`
 {"metadata":{"emulator":{"name":"dataconnect"},"message":"E1111 14:15:35.794698    6988 watch.go:31] Failed to load config from \"c:\\\\Users\\\\DevAI Studio\\\\Documents\\\\GitHub\\\\PayMerch\\\\dataconnect\": could not find dataconnect.yaml in `c:\\Users\\DevAI Studio\\Documents\\GitHub\\PayMerch\\dataconnect`\n"}}
[debug] [2025-11-11T12:15:45.795Z] E1111 14:15:45.795238    6988 watch.go:31] Failed to load config from "c:\\Users\\DevAI Studio\\Documents\\GitHub\\PayMerch\\dataconnect": could not find dataconnect.yaml in `c:\Users\DevAI Studio\Documents\GitHub\PayMerch\dataconnect`
 {"metadata":{"emulator":{"name":"dataconnect"},"message":"E1111 14:15:45.795238    6988 watch.go:31] Failed to load config from \"c:\\\\Users\\\\DevAI Studio\\\\Documents\\\\GitHub\\\\PayMerch\\\\dataconnect\": could not find dataconnect.yaml in `c:\\Users\\DevAI Studio\\Documents\\GitHub\\PayMerch\\dataconnect`\n"}}
[debug] [2025-11-11T12:15:55.795Z] E1111 14:15:55.795504    6988 watch.go:31] Failed to load config from "c:\\Users\\DevAI Studio\\Documents\\GitHub\\PayMerch\\dataconnect": could not find dataconnect.yaml in `c:\Users\DevAI Studio\Documents\GitHub\PayMerch\dataconnect`
 {"metadata":{"emulator":{"name":"dataconnect"},"message":"E1111 14:15:55.795504    6988 watch.go:31] Failed to load config from \"c:\\\\Users\\\\DevAI Studio\\\\Documents\\\\GitHub\\\\PayMerch\\\\dataconnect\": could not find dataconnect.yaml in `c:\\Users\\DevAI Studio\\Documents\\GitHub\\PayMerch\\dataconnect`\n"}}
[debug] [2025-11-11T12:16:05.794Z] E1111 14:16:05.794606    6988 watch.go:31] Failed to load config from "c:\\Users\\DevAI Studio\\Documents\\GitHub\\PayMerch\\dataconnect": could not find dataconnect.yaml in `c:\Users\DevAI Studio\Documents\GitHub\PayMerch\dataconnect`
 {"metadata":{"emulator":{"name":"dataconnect"},"message":"E1111 14:16:05.794606    6988 watch.go:31] Failed to load config from \"c:\\\\Users\\\\DevAI Studio\\\\Documents\\\\GitHub\\\\PayMerch\\\\dataconnect\": could not find dataconnect.yaml in `c:\\Users\\DevAI Studio\\Documents\\GitHub\\PayMerch\\dataconnect`\n"}}
[debug] [2025-11-11T12:16:15.795Z] E1111 14:16:15.794648    6988 watch.go:31] Failed to load config from "c:\\Users\\DevAI Studio\\Documents\\GitHub\\PayMerch\\dataconnect": could not find dataconnect.yaml in `c:\Users\DevAI Studio\Documents\GitHub\PayMerch\dataconnect`
 {"metadata":{"emulator":{"name":"dataconnect"},"message":"E1111 14:16:15.794648    6988 watch.go:31] Failed to load config from \"c:\\\\Users\\\\DevAI Studio\\\\Documents\\\\GitHub\\\\PayMerch\\\\dataconnect\": could not find dataconnect.yaml in `c:\\Users\\DevAI Studio\\Documents\\GitHub\\PayMerch\\dataconnect`\n"}}
[debug] [2025-11-11T12:16:25.795Z] E1111 14:16:25.795154    6988 watch.go:31] Failed to load config from "c:\\Users\\DevAI Studio\\Documents\\GitHub\\PayMerch\\dataconnect": could not find dataconnect.yaml in `c:\Users\DevAI Studio\Documents\GitHub\PayMerch\dataconnect`
 {"metadata":{"emulator":{"name":"dataconnect"},"message":"E1111 14:16:25.795154    6988 watch.go:31] Failed to load config from \"c:\\\\Users\\\\DevAI Studio\\\\Documents\\\\GitHub\\\\PayMerch\\\\dataconnect\": could not find dataconnect.yaml in `c:\\Users\\DevAI Studio\\Documents\\GitHub\\PayMerch\\dataconnect`\n"}}
[debug] [2025-11-11T12:16:35.795Z] E1111 14:16:35.794873    6988 watch.go:31] Failed to load config from "c:\\Users\\DevAI Studio\\Documents\\GitHub\\PayMerch\\dataconnect": could not find dataconnect.yaml in `c:\Users\DevAI Studio\Documents\GitHub\PayMerch\dataconnect`
 {"metadata":{"emulator":{"name":"dataconnect"},"message":"E1111 14:16:35.794873    6988 watch.go:31] Failed to load config from \"c:\\\\Users\\\\DevAI Studio\\\\Documents\\\\GitHub\\\\PayMerch\\\\dataconnect\": could not find dataconnect.yaml in `c:\\Users\\DevAI Studio\\Documents\\GitHub\\PayMerch\\dataconnect`\n"}}
[debug] [2025-11-11T12:16:45.795Z] E1111 14:16:45.794899    6988 watch.go:31] Failed to load config from "c:\\Users\\DevAI Studio\\Documents\\GitHub\\PayMerch\\dataconnect": could not find dataconnect.yaml in `c:\Users\DevAI Studio\Documents\GitHub\PayMerch\dataconnect`
 {"metadata":{"emulator":{"name":"dataconnect"},"message":"E1111 14:16:45.794899    6988 watch.go:31] Failed to load config from \"c:\\\\Users\\\\DevAI Studio\\\\Documents\\\\GitHub\\\\PayMerch\\\\dataconnect\": could not find dataconnect.yaml in `c:\\Users\\DevAI Studio\\Documents\\GitHub\\PayMerch\\dataconnect`\n"}}
[debug] [2025-11-11T12:16:55.795Z] E1111 14:16:55.795299    6988 watch.go:31] Failed to load config from "c:\\Users\\DevAI Studio\\Documents\\GitHub\\PayMerch\\dataconnect": could not find dataconnect.yaml in `c:\Users\DevAI Studio\Documents\GitHub\PayMerch\dataconnect`
 {"metadata":{"emulator":{"name":"dataconnect"},"message":"E1111 14:16:55.795299    6988 watch.go:31] Failed to load config from \"c:\\\\Users\\\\DevAI Studio\\\\Documents\\\\GitHub\\\\PayMerch\\\\dataconnect\": could not find dataconnect.yaml in `c:\\Users\\DevAI Studio\\Documents\\GitHub\\PayMerch\\dataconnect`\n"}}
[debug] [2025-11-11T12:17:05.794Z] E1111 14:17:05.795030    6988 watch.go:31] Failed to load config from "c:\\Users\\DevAI Studio\\Documents\\GitHub\\PayMerch\\dataconnect": could not find dataconnect.yaml in `c:\Users\DevAI Studio\Documents\GitHub\PayMerch\dataconnect`
 {"metadata":{"emulator":{"name":"dataconnect"},"message":"E1111 14:17:05.795030    6988 watch.go:31] Failed to load config from \"c:\\\\Users\\\\DevAI Studio\\\\Documents\\\\GitHub\\\\PayMerch\\\\dataconnect\": could not find dataconnect.yaml in `c:\\Users\\DevAI Studio\\Documents\\GitHub\\PayMerch\\dataconnect`\n"}}
[debug] [2025-11-11T12:17:15.795Z] E1111 14:17:15.795161    6988 watch.go:31] Failed to load config from "c:\\Users\\DevAI Studio\\Documents\\GitHub\\PayMerch\\dataconnect": could not find dataconnect.yaml in `c:\Users\DevAI Studio\Documents\GitHub\PayMerch\dataconnect`
E1111 14:17:15.795789    6988 watch.go:102] watchAllDir unable to walk dir `c:\Users\DevAI Studio\Documents\GitHub\PayMerch\dataconnect`: CreateFile c:\Users\DevAI Studio\Documents\GitHub\PayMerch\dataconnect: The system cannot find the file specified.
 {"metadata":{"emulator":{"name":"dataconnect"},"message":"E1111 14:17:15.795161    6988 watch.go:31] Failed to load config from \"c:\\\\Users\\\\DevAI Studio\\\\Documents\\\\GitHub\\\\PayMerch\\\\dataconnect\": could not find dataconnect.yaml in `c:\\Users\\DevAI Studio\\Documents\\GitHub\\PayMerch\\dataconnect`\nE1111 14:17:15.795789    6988 watch.go:102] watchAllDir unable to walk dir `c:\\Users\\DevAI Studio\\Documents\\GitHub\\PayMerch\\dataconnect`: CreateFile c:\\Users\\DevAI Studio\\Documents\\GitHub\\PayMerch\\dataconnect: The system cannot find the file specified.\n"}}
[debug] [2025-11-11T12:17:25.794Z] E1111 14:17:25.794956    6988 watch.go:31] Failed to load config from "c:\\Users\\DevAI Studio\\Documents\\GitHub\\PayMerch\\dataconnect": could not find dataconnect.yaml in `c:\Users\DevAI Studio\Documents\GitHub\PayMerch\dataconnect`
 {"metadata":{"emulator":{"name":"dataconnect"},"message":"E1111 14:17:25.794956    6988 watch.go:31] Failed to load config from \"c:\\\\Users\\\\DevAI Studio\\\\Documents\\\\GitHub\\\\PayMerch\\\\dataconnect\": could not find dataconnect.yaml in `c:\\Users\\DevAI Studio\\Documents\\GitHub\\PayMerch\\dataconnect`\n"}}
[debug] [2025-11-11T12:17:35.794Z] E1111 14:17:35.794618    6988 watch.go:31] Failed to load config from "c:\\Users\\DevAI Studio\\Documents\\GitHub\\PayMerch\\dataconnect": could not find dataconnect.yaml in `c:\Users\DevAI Studio\Documents\GitHub\PayMerch\dataconnect`
 {"metadata":{"emulator":{"name":"dataconnect"},"message":"E1111 14:17:35.794618    6988 watch.go:31] Failed to load config from \"c:\\\\Users\\\\DevAI Studio\\\\Documents\\\\GitHub\\\\PayMerch\\\\dataconnect\": could not find dataconnect.yaml in `c:\\Users\\DevAI Studio\\Documents\\GitHub\\PayMerch\\dataconnect`\n"}}
[debug] [2025-11-11T12:17:45.794Z] E1111 14:17:45.794355    6988 watch.go:31] Failed to load config from "c:\\Users\\DevAI Studio\\Documents\\GitHub\\PayMerch\\dataconnect": could not find dataconnect.yaml in `c:\Users\DevAI Studio\Documents\GitHub\PayMerch\dataconnect`
 {"metadata":{"emulator":{"name":"dataconnect"},"message":"E1111 14:17:45.794355    6988 watch.go:31] Failed to load config from \"c:\\\\Users\\\\DevAI Studio\\\\Documents\\\\GitHub\\\\PayMerch\\\\dataconnect\": could not find dataconnect.yaml in `c:\\Users\\DevAI Studio\\Documents\\GitHub\\PayMerch\\dataconnect`\n"}}
[debug] [2025-11-11T12:17:55.794Z] E1111 14:17:55.794819    6988 watch.go:31] Failed to load config from "c:\\Users\\DevAI Studio\\Documents\\GitHub\\PayMerch\\dataconnect": could not find dataconnect.yaml in `c:\Users\DevAI Studio\Documents\GitHub\PayMerch\dataconnect`
 {"metadata":{"emulator":{"name":"dataconnect"},"message":"E1111 14:17:55.794819    6988 watch.go:31] Failed to load config from \"c:\\\\Users\\\\DevAI Studio\\\\Documents\\\\GitHub\\\\PayMerch\\\\dataconnect\": could not find dataconnect.yaml in `c:\\Users\\DevAI Studio\\Documents\\GitHub\\PayMerch\\dataconnect`\n"}}
[debug] [2025-11-11T12:18:05.794Z] E1111 14:18:05.795004    6988 watch.go:31] Failed to load config from "c:\\Users\\DevAI Studio\\Documents\\GitHub\\PayMerch\\dataconnect": could not find dataconnect.yaml in `c:\Users\DevAI Studio\Documents\GitHub\PayMerch\dataconnect`
 {"metadata":{"emulator":{"name":"dataconnect"},"message":"E1111 14:18:05.795004    6988 watch.go:31] Failed to load config from \"c:\\\\Users\\\\DevAI Studio\\\\Documents\\\\GitHub\\\\PayMerch\\\\dataconnect\": could not find dataconnect.yaml in `c:\\Users\\DevAI Studio\\Documents\\GitHub\\PayMerch\\dataconnect`\n"}}
[debug] [2025-11-11T12:18:15.795Z] E1111 14:18:15.794843    6988 watch.go:31] Failed to load config from "c:\\Users\\DevAI Studio\\Documents\\GitHub\\PayMerch\\dataconnect": could not find dataconnect.yaml in `c:\Users\DevAI Studio\Documents\GitHub\PayMerch\dataconnect`
 {"metadata":{"emulator":{"name":"dataconnect"},"message":"E1111 14:18:15.794843    6988 watch.go:31] Failed to load config from \"c:\\\\Users\\\\DevAI Studio\\\\Documents\\\\GitHub\\\\PayMerch\\\\dataconnect\": could not find dataconnect.yaml in `c:\\Users\\DevAI Studio\\Documents\\GitHub\\PayMerch\\dataconnect`\n"}}
[debug] [2025-11-11T12:18:25.795Z] E1111 14:18:25.794754    6988 watch.go:31] Failed to load config from "c:\\Users\\DevAI Studio\\Documents\\GitHub\\PayMerch\\dataconnect": could not find dataconnect.yaml in `c:\Users\DevAI Studio\Documents\GitHub\PayMerch\dataconnect`
 {"metadata":{"emulator":{"name":"dataconnect"},"message":"E1111 14:18:25.794754    6988 watch.go:31] Failed to load config from \"c:\\\\Users\\\\DevAI Studio\\\\Documents\\\\GitHub\\\\PayMerch\\\\dataconnect\": could not find dataconnect.yaml in `c:\\Users\\DevAI Studio\\Documents\\GitHub\\PayMerch\\dataconnect`\n"}}
[debug] [2025-11-11T12:18:35.794Z] E1111 14:18:35.794546    6988 watch.go:31] Failed to load config from "c:\\Users\\DevAI Studio\\Documents\\GitHub\\PayMerch\\dataconnect": could not find dataconnect.yaml in `c:\Users\DevAI Studio\Documents\GitHub\PayMerch\dataconnect`
 {"metadata":{"emulator":{"name":"dataconnect"},"message":"E1111 14:18:35.794546    6988 watch.go:31] Failed to load config from \"c:\\\\Users\\\\DevAI Studio\\\\Documents\\\\GitHub\\\\PayMerch\\\\dataconnect\": could not find dataconnect.yaml in `c:\\Users\\DevAI Studio\\Documents\\GitHub\\PayMerch\\dataconnect`\n"}}
[debug] [2025-11-11T12:18:45.794Z] E1111 14:18:45.794588    6988 watch.go:31] Failed to load config from "c:\\Users\\DevAI Studio\\Documents\\GitHub\\PayMerch\\dataconnect": could not find dataconnect.yaml in `c:\Users\DevAI Studio\Documents\GitHub\PayMerch\dataconnect`
 {"metadata":{"emulator":{"name":"dataconnect"},"message":"E1111 14:18:45.794588    6988 watch.go:31] Failed to load config from \"c:\\\\Users\\\\DevAI Studio\\\\Documents\\\\GitHub\\\\PayMerch\\\\dataconnect\": could not find dataconnect.yaml in `c:\\Users\\DevAI Studio\\Documents\\GitHub\\PayMerch\\dataconnect`\n"}}
[debug] [2025-11-11T12:18:55.794Z] E1111 14:18:55.794476    6988 watch.go:31] Failed to load config from "c:\\Users\\DevAI Studio\\Documents\\GitHub\\PayMerch\\dataconnect": could not find dataconnect.yaml in `c:\Users\DevAI Studio\Documents\GitHub\PayMerch\dataconnect`
 {"metadata":{"emulator":{"name":"dataconnect"},"message":"E1111 14:18:55.794476    6988 watch.go:31] Failed to load config from \"c:\\\\Users\\\\DevAI Studio\\\\Documents\\\\GitHub\\\\PayMerch\\\\dataconnect\": could not find dataconnect.yaml in `c:\\Users\\DevAI Studio\\Documents\\GitHub\\PayMerch\\dataconnect`\n"}}
[debug] [2025-11-11T12:19:05.794Z] E1111 14:19:05.794485    6988 watch.go:31] Failed to load config from "c:\\Users\\DevAI Studio\\Documents\\GitHub\\PayMerch\\dataconnect": could not find dataconnect.yaml in `c:\Users\DevAI Studio\Documents\GitHub\PayMerch\dataconnect`
 {"metadata":{"emulator":{"name":"dataconnect"},"message":"E1111 14:19:05.794485    6988 watch.go:31] Failed to load config from \"c:\\\\Users\\\\DevAI Studio\\\\Documents\\\\GitHub\\\\PayMerch\\\\dataconnect\": could not find dataconnect.yaml in `c:\\Users\\DevAI Studio\\Documents\\GitHub\\PayMerch\\dataconnect`\n"}}
[debug] [2025-11-11T12:19:15.794Z] E1111 14:19:15.795057    6988 watch.go:31] Failed to load config from "c:\\Users\\DevAI Studio\\Documents\\GitHub\\PayMerch\\dataconnect": could not find dataconnect.yaml in `c:\Users\DevAI Studio\Documents\GitHub\PayMerch\dataconnect`
E1111 14:19:15.795057    6988 watch.go:102] watchAllDir unable to walk dir `c:\Users\DevAI Studio\Documents\GitHub\PayMerch\dataconnect`: CreateFile c:\Users\DevAI Studio\Documents\GitHub\PayMerch\dataconnect: The system cannot find the file specified.
 {"metadata":{"emulator":{"name":"dataconnect"},"message":"E1111 14:19:15.795057    6988 watch.go:31] Failed to load config from \"c:\\\\Users\\\\DevAI Studio\\\\Documents\\\\GitHub\\\\PayMerch\\\\dataconnect\": could not find dataconnect.yaml in `c:\\Users\\DevAI Studio\\Documents\\GitHub\\PayMerch\\dataconnect`\nE1111 14:19:15.795057    6988 watch.go:102] watchAllDir unable to walk dir `c:\\Users\\DevAI Studio\\Documents\\GitHub\\PayMerch\\dataconnect`: CreateFile c:\\Users\\DevAI Studio\\Documents\\GitHub\\PayMerch\\dataconnect: The system cannot find the file specified.\n"}}
[debug] [2025-11-11T12:19:25.795Z] E1111 14:19:25.794946    6988 watch.go:31] Failed to load config from "c:\\Users\\DevAI Studio\\Documents\\GitHub\\PayMerch\\dataconnect": could not find dataconnect.yaml in `c:\Users\DevAI Studio\Documents\GitHub\PayMerch\dataconnect`
 {"metadata":{"emulator":{"name":"dataconnect"},"message":"E1111 14:19:25.794946    6988 watch.go:31] Failed to load config from \"c:\\\\Users\\\\DevAI Studio\\\\Documents\\\\GitHub\\\\PayMerch\\\\dataconnect\": could not find dataconnect.yaml in `c:\\Users\\DevAI Studio\\Documents\\GitHub\\PayMerch\\dataconnect`\n"}}
[debug] [2025-11-11T12:19:35.794Z] E1111 14:19:35.794917    6988 watch.go:31] Failed to load config from "c:\\Users\\DevAI Studio\\Documents\\GitHub\\PayMerch\\dataconnect": could not find dataconnect.yaml in `c:\Users\DevAI Studio\Documents\GitHub\PayMerch\dataconnect`
 {"metadata":{"emulator":{"name":"dataconnect"},"message":"E1111 14:19:35.794917    6988 watch.go:31] Failed to load config from \"c:\\\\Users\\\\DevAI Studio\\\\Documents\\\\GitHub\\\\PayMerch\\\\dataconnect\": could not find dataconnect.yaml in `c:\\Users\\DevAI Studio\\Documents\\GitHub\\PayMerch\\dataconnect`\n"}}
[debug] [2025-11-11T12:19:45.795Z] E1111 14:19:45.795084    6988 watch.go:31] Failed to load config from "c:\\Users\\DevAI Studio\\Documents\\GitHub\\PayMerch\\dataconnect": could not find dataconnect.yaml in `c:\Users\DevAI Studio\Documents\GitHub\PayMerch\dataconnect`
 {"metadata":{"emulator":{"name":"dataconnect"},"message":"E1111 14:19:45.795084    6988 watch.go:31] Failed to load config from \"c:\\\\Users\\\\DevAI Studio\\\\Documents\\\\GitHub\\\\PayMerch\\\\dataconnect\": could not find dataconnect.yaml in `c:\\Users\\DevAI Studio\\Documents\\GitHub\\PayMerch\\dataconnect`\n"}}
[debug] [2025-11-11T12:19:55.796Z] E1111 14:19:55.795624    6988 watch.go:31] Failed to load config from "c:\\Users\\DevAI Studio\\Documents\\GitHub\\PayMerch\\dataconnect": could not find dataconnect.yaml in `c:\Users\DevAI Studio\Documents\GitHub\PayMerch\dataconnect`
 {"metadata":{"emulator":{"name":"dataconnect"},"message":"E1111 14:19:55.795624    6988 watch.go:31] Failed to load config from \"c:\\\\Users\\\\DevAI Studio\\\\Documents\\\\GitHub\\\\PayMerch\\\\dataconnect\": could not find dataconnect.yaml in `c:\\Users\\DevAI Studio\\Documents\\GitHub\\PayMerch\\dataconnect`\n"}}
[debug] [2025-11-11T12:20:05.795Z] E1111 14:20:05.795218    6988 watch.go:31] Failed to load config from "c:\\Users\\DevAI Studio\\Documents\\GitHub\\PayMerch\\dataconnect": could not find dataconnect.yaml in `c:\Users\DevAI Studio\Documents\GitHub\PayMerch\dataconnect`
 {"metadata":{"emulator":{"name":"dataconnect"},"message":"E1111 14:20:05.795218    6988 watch.go:31] Failed to load config from \"c:\\\\Users\\\\DevAI Studio\\\\Documents\\\\GitHub\\\\PayMerch\\\\dataconnect\": could not find dataconnect.yaml in `c:\\Users\\DevAI Studio\\Documents\\GitHub\\PayMerch\\dataconnect`\n"}}
[debug] [2025-11-11T12:20:15.794Z] E1111 14:20:15.794793    6988 watch.go:31] Failed to load config from "c:\\Users\\DevAI Studio\\Documents\\GitHub\\PayMerch\\dataconnect": could not find dataconnect.yaml in `c:\Users\DevAI Studio\Documents\GitHub\PayMerch\dataconnect`
 {"metadata":{"emulator":{"name":"dataconnect"},"message":"E1111 14:20:15.794793    6988 watch.go:31] Failed to load config from \"c:\\\\Users\\\\DevAI Studio\\\\Documents\\\\GitHub\\\\PayMerch\\\\dataconnect\": could not find dataconnect.yaml in `c:\\Users\\DevAI Studio\\Documents\\GitHub\\PayMerch\\dataconnect`\n"}}
[debug] [2025-11-11T12:20:25.795Z] E1111 14:20:25.794624    6988 watch.go:31] Failed to load config from "c:\\Users\\DevAI Studio\\Documents\\GitHub\\PayMerch\\dataconnect": could not find dataconnect.yaml in `c:\Users\DevAI Studio\Documents\GitHub\PayMerch\dataconnect`
 {"metadata":{"emulator":{"name":"dataconnect"},"message":"E1111 14:20:25.794624    6988 watch.go:31] Failed to load config from \"c:\\\\Users\\\\DevAI Studio\\\\Documents\\\\GitHub\\\\PayMerch\\\\dataconnect\": could not find dataconnect.yaml in `c:\\Users\\DevAI Studio\\Documents\\GitHub\\PayMerch\\dataconnect`\n"}}
[debug] [2025-11-11T12:20:35.795Z] E1111 14:20:35.795421    6988 watch.go:31] Failed to load config from "c:\\Users\\DevAI Studio\\Documents\\GitHub\\PayMerch\\dataconnect": could not find dataconnect.yaml in `c:\Users\DevAI Studio\Documents\GitHub\PayMerch\dataconnect`
 {"metadata":{"emulator":{"name":"dataconnect"},"message":"E1111 14:20:35.795421    6988 watch.go:31] Failed to load config from \"c:\\\\Users\\\\DevAI Studio\\\\Documents\\\\GitHub\\\\PayMerch\\\\dataconnect\": could not find dataconnect.yaml in `c:\\Users\\DevAI Studio\\Documents\\GitHub\\PayMerch\\dataconnect`\n"}}
[debug] [2025-11-11T12:20:45.794Z] E1111 14:20:45.794746    6988 watch.go:31] Failed to load config from "c:\\Users\\DevAI Studio\\Documents\\GitHub\\PayMerch\\dataconnect": could not find dataconnect.yaml in `c:\Users\DevAI Studio\Documents\GitHub\PayMerch\dataconnect`
 {"metadata":{"emulator":{"name":"dataconnect"},"message":"E1111 14:20:45.794746    6988 watch.go:31] Failed to load config from \"c:\\\\Users\\\\DevAI Studio\\\\Documents\\\\GitHub\\\\PayMerch\\\\dataconnect\": could not find dataconnect.yaml in `c:\\Users\\DevAI Studio\\Documents\\GitHub\\PayMerch\\dataconnect`\n"}}
[debug] [2025-11-11T12:20:55.795Z] E1111 14:20:55.794845    6988 watch.go:31] Failed to load config from "c:\\Users\\DevAI Studio\\Documents\\GitHub\\PayMerch\\dataconnect": could not find dataconnect.yaml in `c:\Users\DevAI Studio\Documents\GitHub\PayMerch\dataconnect`
 {"metadata":{"emulator":{"name":"dataconnect"},"message":"E1111 14:20:55.794845    6988 watch.go:31] Failed to load config from \"c:\\\\Users\\\\DevAI Studio\\\\Documents\\\\GitHub\\\\PayMerch\\\\dataconnect\": could not find dataconnect.yaml in `c:\\Users\\DevAI Studio\\Documents\\GitHub\\PayMerch\\dataconnect`\n"}}
[debug] [2025-11-11T12:21:05.794Z] E1111 14:21:05.794410    6988 watch.go:31] Failed to load config from "c:\\Users\\DevAI Studio\\Documents\\GitHub\\PayMerch\\dataconnect": could not find dataconnect.yaml in `c:\Users\DevAI Studio\Documents\GitHub\PayMerch\dataconnect`
 {"metadata":{"emulator":{"name":"dataconnect"},"message":"E1111 14:21:05.794410    6988 watch.go:31] Failed to load config from \"c:\\\\Users\\\\DevAI Studio\\\\Documents\\\\GitHub\\\\PayMerch\\\\dataconnect\": could not find dataconnect.yaml in `c:\\Users\\DevAI Studio\\Documents\\GitHub\\PayMerch\\dataconnect`\n"}}
[debug] [2025-11-11T12:21:15.795Z] E1111 14:21:15.795385    6988 watch.go:31] Failed to load config from "c:\\Users\\DevAI Studio\\Documents\\GitHub\\PayMerch\\dataconnect": could not find dataconnect.yaml in `c:\Users\DevAI Studio\Documents\GitHub\PayMerch\dataconnect`
E1111 14:21:15.795385    6988 watch.go:102] watchAllDir unable to walk dir `c:\Users\DevAI Studio\Documents\GitHub\PayMerch\dataconnect`: CreateFile c:\Users\DevAI Studio\Documents\GitHub\PayMerch\dataconnect: The system cannot find the file specified.
 {"metadata":{"emulator":{"name":"dataconnect"},"message":"E1111 14:21:15.795385    6988 watch.go:31] Failed to load config from \"c:\\\\Users\\\\DevAI Studio\\\\Documents\\\\GitHub\\\\PayMerch\\\\dataconnect\": could not find dataconnect.yaml in `c:\\Users\\DevAI Studio\\Documents\\GitHub\\PayMerch\\dataconnect`\nE1111 14:21:15.795385    6988 watch.go:102] watchAllDir unable to walk dir `c:\\Users\\DevAI Studio\\Documents\\GitHub\\PayMerch\\dataconnect`: CreateFile c:\\Users\\DevAI Studio\\Documents\\GitHub\\PayMerch\\dataconnect: The system cannot find the file specified.\n"}}
[debug] [2025-11-11T12:21:25.795Z] E1111 14:21:25.795588    6988 watch.go:31] Failed to load config from "c:\\Users\\DevAI Studio\\Documents\\GitHub\\PayMerch\\dataconnect": could not find dataconnect.yaml in `c:\Users\DevAI Studio\Documents\GitHub\PayMerch\dataconnect`
 {"metadata":{"emulator":{"name":"dataconnect"},"message":"E1111 14:21:25.795588    6988 watch.go:31] Failed to load config from \"c:\\\\Users\\\\DevAI Studio\\\\Documents\\\\GitHub\\\\PayMerch\\\\dataconnect\": could not find dataconnect.yaml in `c:\\Users\\DevAI Studio\\Documents\\GitHub\\PayMerch\\dataconnect`\n"}}
[debug] [2025-11-11T12:21:35.795Z] E1111 14:21:35.795251    6988 watch.go:31] Failed to load config from "c:\\Users\\DevAI Studio\\Documents\\GitHub\\PayMerch\\dataconnect": could not find dataconnect.yaml in `c:\Users\DevAI Studio\Documents\GitHub\PayMerch\dataconnect`
 {"metadata":{"emulator":{"name":"dataconnect"},"message":"E1111 14:21:35.795251    6988 watch.go:31] Failed to load config from \"c:\\\\Users\\\\DevAI Studio\\\\Documents\\\\GitHub\\\\PayMerch\\\\dataconnect\": could not find dataconnect.yaml in `c:\\Users\\DevAI Studio\\Documents\\GitHub\\PayMerch\\dataconnect`\n"}}
[debug] [2025-11-11T12:21:45.795Z] E1111 14:21:45.795022    6988 watch.go:31] Failed to load config from "c:\\Users\\DevAI Studio\\Documents\\GitHub\\PayMerch\\dataconnect": could not find dataconnect.yaml in `c:\Users\DevAI Studio\Documents\GitHub\PayMerch\dataconnect`
 {"metadata":{"emulator":{"name":"dataconnect"},"message":"E1111 14:21:45.795022    6988 watch.go:31] Failed to load config from \"c:\\\\Users\\\\DevAI Studio\\\\Documents\\\\GitHub\\\\PayMerch\\\\dataconnect\": could not find dataconnect.yaml in `c:\\Users\\DevAI Studio\\Documents\\GitHub\\PayMerch\\dataconnect`\n"}}
[debug] [2025-11-11T12:21:55.794Z] E1111 14:21:55.794373    6988 watch.go:31] Failed to load config from "c:\\Users\\DevAI Studio\\Documents\\GitHub\\PayMerch\\dataconnect": could not find dataconnect.yaml in `c:\Users\DevAI Studio\Documents\GitHub\PayMerch\dataconnect`
 {"metadata":{"emulator":{"name":"dataconnect"},"message":"E1111 14:21:55.794373    6988 watch.go:31] Failed to load config from \"c:\\\\Users\\\\DevAI Studio\\\\Documents\\\\GitHub\\\\PayMerch\\\\dataconnect\": could not find dataconnect.yaml in `c:\\Users\\DevAI Studio\\Documents\\GitHub\\PayMerch\\dataconnect`\n"}}
[debug] [2025-11-11T12:22:05.795Z] E1111 14:22:05.794722    6988 watch.go:31] Failed to load config from "c:\\Users\\DevAI Studio\\Documents\\GitHub\\PayMerch\\dataconnect": could not find dataconnect.yaml in `c:\Users\DevAI Studio\Documents\GitHub\PayMerch\dataconnect`
 {"metadata":{"emulator":{"name":"dataconnect"},"message":"E1111 14:22:05.794722    6988 watch.go:31] Failed to load config from \"c:\\\\Users\\\\DevAI Studio\\\\Documents\\\\GitHub\\\\PayMerch\\\\dataconnect\": could not find dataconnect.yaml in `c:\\Users\\DevAI Studio\\Documents\\GitHub\\PayMerch\\dataconnect`\n"}}
[debug] [2025-11-11T12:22:15.795Z] E1111 14:22:15.794677    6988 watch.go:31] Failed to load config from "c:\\Users\\DevAI Studio\\Documents\\GitHub\\PayMerch\\dataconnect": could not find dataconnect.yaml in `c:\Users\DevAI Studio\Documents\GitHub\PayMerch\dataconnect`
 {"metadata":{"emulator":{"name":"dataconnect"},"message":"E1111 14:22:15.794677    6988 watch.go:31] Failed to load config from \"c:\\\\Users\\\\DevAI Studio\\\\Documents\\\\GitHub\\\\PayMerch\\\\dataconnect\": could not find dataconnect.yaml in `c:\\Users\\DevAI Studio\\Documents\\GitHub\\PayMerch\\dataconnect`\n"}}
[debug] [2025-11-11T12:22:25.795Z] E1111 14:22:25.794935    6988 watch.go:31] Failed to load config from "c:\\Users\\DevAI Studio\\Documents\\GitHub\\PayMerch\\dataconnect": could not find dataconnect.yaml in `c:\Users\DevAI Studio\Documents\GitHub\PayMerch\dataconnect`
 {"metadata":{"emulator":{"name":"dataconnect"},"message":"E1111 14:22:25.794935    6988 watch.go:31] Failed to load config from \"c:\\\\Users\\\\DevAI Studio\\\\Documents\\\\GitHub\\\\PayMerch\\\\dataconnect\": could not find dataconnect.yaml in `c:\\Users\\DevAI Studio\\Documents\\GitHub\\PayMerch\\dataconnect`\n"}}
[debug] [2025-11-11T12:22:35.795Z] E1111 14:22:35.795215    6988 watch.go:31] Failed to load config from "c:\\Users\\DevAI Studio\\Documents\\GitHub\\PayMerch\\dataconnect": could not find dataconnect.yaml in `c:\Users\DevAI Studio\Documents\GitHub\PayMerch\dataconnect`
 {"metadata":{"emulator":{"name":"dataconnect"},"message":"E1111 14:22:35.795215    6988 watch.go:31] Failed to load config from \"c:\\\\Users\\\\DevAI Studio\\\\Documents\\\\GitHub\\\\PayMerch\\\\dataconnect\": could not find dataconnect.yaml in `c:\\Users\\DevAI Studio\\Documents\\GitHub\\PayMerch\\dataconnect`\n"}}
[debug] [2025-11-11T12:22:45.795Z] E1111 14:22:45.794713    6988 watch.go:31] Failed to load config from "c:\\Users\\DevAI Studio\\Documents\\GitHub\\PayMerch\\dataconnect": could not find dataconnect.yaml in `c:\Users\DevAI Studio\Documents\GitHub\PayMerch\dataconnect`
 {"metadata":{"emulator":{"name":"dataconnect"},"message":"E1111 14:22:45.794713    6988 watch.go:31] Failed to load config from \"c:\\\\Users\\\\DevAI Studio\\\\Documents\\\\GitHub\\\\PayMerch\\\\dataconnect\": could not find dataconnect.yaml in `c:\\Users\\DevAI Studio\\Documents\\GitHub\\PayMerch\\dataconnect`\n"}}
[debug] [2025-11-11T12:22:55.794Z] E1111 14:22:55.794440    6988 watch.go:31] Failed to load config from "c:\\Users\\DevAI Studio\\Documents\\GitHub\\PayMerch\\dataconnect": could not find dataconnect.yaml in `c:\Users\DevAI Studio\Documents\GitHub\PayMerch\dataconnect`
 {"metadata":{"emulator":{"name":"dataconnect"},"message":"E1111 14:22:55.794440    6988 watch.go:31] Failed to load config from \"c:\\\\Users\\\\DevAI Studio\\\\Documents\\\\GitHub\\\\PayMerch\\\\dataconnect\": could not find dataconnect.yaml in `c:\\Users\\DevAI Studio\\Documents\\GitHub\\PayMerch\\dataconnect`\n"}}
[debug] [2025-11-11T12:23:05.794Z] E1111 14:23:05.794502    6988 watch.go:31] Failed to load config from "c:\\Users\\DevAI Studio\\Documents\\GitHub\\PayMerch\\dataconnect": could not find dataconnect.yaml in `c:\Users\DevAI Studio\Documents\GitHub\PayMerch\dataconnect`
 {"metadata":{"emulator":{"name":"dataconnect"},"message":"E1111 14:23:05.794502    6988 watch.go:31] Failed to load config from \"c:\\\\Users\\\\DevAI Studio\\\\Documents\\\\GitHub\\\\PayMerch\\\\dataconnect\": could not find dataconnect.yaml in `c:\\Users\\DevAI Studio\\Documents\\GitHub\\PayMerch\\dataconnect`\n"}}
[debug] [2025-11-11T12:23:15.795Z] E1111 14:23:15.794723    6988 watch.go:31] Failed to load config from "c:\\Users\\DevAI Studio\\Documents\\GitHub\\PayMerch\\dataconnect": could not find dataconnect.yaml in `c:\Users\DevAI Studio\Documents\GitHub\PayMerch\dataconnect`
E1111 14:23:15.794723    6988 watch.go:102] watchAllDir unable to walk dir `c:\Users\DevAI Studio\Documents\GitHub\PayMerch\dataconnect`: CreateFile c:\Users\DevAI Studio\Documents\GitHub\PayMerch\dataconnect: The system cannot find the file specified.
 {"metadata":{"emulator":{"name":"dataconnect"},"message":"E1111 14:23:15.794723    6988 watch.go:31] Failed to load config from \"c:\\\\Users\\\\DevAI Studio\\\\Documents\\\\GitHub\\\\PayMerch\\\\dataconnect\": could not find dataconnect.yaml in `c:\\Users\\DevAI Studio\\Documents\\GitHub\\PayMerch\\dataconnect`\nE1111 14:23:15.794723    6988 watch.go:102] watchAllDir unable to walk dir `c:\\Users\\DevAI Studio\\Documents\\GitHub\\PayMerch\\dataconnect`: CreateFile c:\\Users\\DevAI Studio\\Documents\\GitHub\\PayMerch\\dataconnect: The system cannot find the file specified.\n"}}
[debug] [2025-11-11T12:23:25.795Z] E1111 14:23:25.794950    6988 watch.go:31] Failed to load config from "c:\\Users\\DevAI Studio\\Documents\\GitHub\\PayMerch\\dataconnect": could not find dataconnect.yaml in `c:\Users\DevAI Studio\Documents\GitHub\PayMerch\dataconnect`
 {"metadata":{"emulator":{"name":"dataconnect"},"message":"E1111 14:23:25.794950    6988 watch.go:31] Failed to load config from \"c:\\\\Users\\\\DevAI Studio\\\\Documents\\\\GitHub\\\\PayMerch\\\\dataconnect\": could not find dataconnect.yaml in `c:\\Users\\DevAI Studio\\Documents\\GitHub\\PayMerch\\dataconnect`\n"}}
[debug] [2025-11-11T12:23:35.795Z] E1111 14:23:35.795738    6988 watch.go:31] Failed to load config from "c:\\Users\\DevAI Studio\\Documents\\GitHub\\PayMerch\\dataconnect": could not find dataconnect.yaml in `c:\Users\DevAI Studio\Documents\GitHub\PayMerch\dataconnect`
 {"metadata":{"emulator":{"name":"dataconnect"},"message":"E1111 14:23:35.795738    6988 watch.go:31] Failed to load config from \"c:\\\\Users\\\\DevAI Studio\\\\Documents\\\\GitHub\\\\PayMerch\\\\dataconnect\": could not find dataconnect.yaml in `c:\\Users\\DevAI Studio\\Documents\\GitHub\\PayMerch\\dataconnect`\n"}}
[debug] [2025-11-11T12:23:45.795Z] E1111 14:23:45.794685    6988 watch.go:31] Failed to load config from "c:\\Users\\DevAI Studio\\Documents\\GitHub\\PayMerch\\dataconnect": could not find dataconnect.yaml in `c:\Users\DevAI Studio\Documents\GitHub\PayMerch\dataconnect`
 {"metadata":{"emulator":{"name":"dataconnect"},"message":"E1111 14:23:45.794685    6988 watch.go:31] Failed to load config from \"c:\\\\Users\\\\DevAI Studio\\\\Documents\\\\GitHub\\\\PayMerch\\\\dataconnect\": could not find dataconnect.yaml in `c:\\Users\\DevAI Studio\\Documents\\GitHub\\PayMerch\\dataconnect`\n"}}
[debug] [2025-11-11T12:23:55.794Z] E1111 14:23:55.794505    6988 watch.go:31] Failed to load config from "c:\\Users\\DevAI Studio\\Documents\\GitHub\\PayMerch\\dataconnect": could not find dataconnect.yaml in `c:\Users\DevAI Studio\Documents\GitHub\PayMerch\dataconnect`
 {"metadata":{"emulator":{"name":"dataconnect"},"message":"E1111 14:23:55.794505    6988 watch.go:31] Failed to load config from \"c:\\\\Users\\\\DevAI Studio\\\\Documents\\\\GitHub\\\\PayMerch\\\\dataconnect\": could not find dataconnect.yaml in `c:\\Users\\DevAI Studio\\Documents\\GitHub\\PayMerch\\dataconnect`\n"}}
[debug] [2025-11-11T12:24:05.795Z] E1111 14:24:05.794980    6988 watch.go:31] Failed to load config from "c:\\Users\\DevAI Studio\\Documents\\GitHub\\PayMerch\\dataconnect": could not find dataconnect.yaml in `c:\Users\DevAI Studio\Documents\GitHub\PayMerch\dataconnect`
 {"metadata":{"emulator":{"name":"dataconnect"},"message":"E1111 14:24:05.794980    6988 watch.go:31] Failed to load config from \"c:\\\\Users\\\\DevAI Studio\\\\Documents\\\\GitHub\\\\PayMerch\\\\dataconnect\": could not find dataconnect.yaml in `c:\\Users\\DevAI Studio\\Documents\\GitHub\\PayMerch\\dataconnect`\n"}}
[debug] [2025-11-11T12:24:15.794Z] E1111 14:24:15.794597    6988 watch.go:31] Failed to load config from "c:\\Users\\DevAI Studio\\Documents\\GitHub\\PayMerch\\dataconnect": could not find dataconnect.yaml in `c:\Users\DevAI Studio\Documents\GitHub\PayMerch\dataconnect`
 {"metadata":{"emulator":{"name":"dataconnect"},"message":"E1111 14:24:15.794597    6988 watch.go:31] Failed to load config from \"c:\\\\Users\\\\DevAI Studio\\\\Documents\\\\GitHub\\\\PayMerch\\\\dataconnect\": could not find dataconnect.yaml in `c:\\Users\\DevAI Studio\\Documents\\GitHub\\PayMerch\\dataconnect`\n"}}
[debug] [2025-11-11T12:24:25.794Z] E1111 14:24:25.794300    6988 watch.go:31] Failed to load config from "c:\\Users\\DevAI Studio\\Documents\\GitHub\\PayMerch\\dataconnect": could not find dataconnect.yaml in `c:\Users\DevAI Studio\Documents\GitHub\PayMerch\dataconnect`
 {"metadata":{"emulator":{"name":"dataconnect"},"message":"E1111 14:24:25.794300    6988 watch.go:31] Failed to load config from \"c:\\\\Users\\\\DevAI Studio\\\\Documents\\\\GitHub\\\\PayMerch\\\\dataconnect\": could not find dataconnect.yaml in `c:\\Users\\DevAI Studio\\Documents\\GitHub\\PayMerch\\dataconnect`\n"}}
[debug] [2025-11-11T12:24:35.795Z] E1111 14:24:35.794947    6988 watch.go:31] Failed to load config from "c:\\Users\\DevAI Studio\\Documents\\GitHub\\PayMerch\\dataconnect": could not find dataconnect.yaml in `c:\Users\DevAI Studio\Documents\GitHub\PayMerch\dataconnect`
 {"metadata":{"emulator":{"name":"dataconnect"},"message":"E1111 14:24:35.794947    6988 watch.go:31] Failed to load config from \"c:\\\\Users\\\\DevAI Studio\\\\Documents\\\\GitHub\\\\PayMerch\\\\dataconnect\": could not find dataconnect.yaml in `c:\\Users\\DevAI Studio\\Documents\\GitHub\\PayMerch\\dataconnect`\n"}}
[debug] [2025-11-11T12:24:45.795Z] E1111 14:24:45.795183    6988 watch.go:31] Failed to load config from "c:\\Users\\DevAI Studio\\Documents\\GitHub\\PayMerch\\dataconnect": could not find dataconnect.yaml in `c:\Users\DevAI Studio\Documents\GitHub\PayMerch\dataconnect`
 {"metadata":{"emulator":{"name":"dataconnect"},"message":"E1111 14:24:45.795183    6988 watch.go:31] Failed to load config from \"c:\\\\Users\\\\DevAI Studio\\\\Documents\\\\GitHub\\\\PayMerch\\\\dataconnect\": could not find dataconnect.yaml in `c:\\Users\\DevAI Studio\\Documents\\GitHub\\PayMerch\\dataconnect`\n"}}
[debug] [2025-11-11T12:24:55.794Z] E1111 14:24:55.794351    6988 watch.go:31] Failed to load config from "c:\\Users\\DevAI Studio\\Documents\\GitHub\\PayMerch\\dataconnect": could not find dataconnect.yaml in `c:\Users\DevAI Studio\Documents\GitHub\PayMerch\dataconnect`
 {"metadata":{"emulator":{"name":"dataconnect"},"message":"E1111 14:24:55.794351    6988 watch.go:31] Failed to load config from \"c:\\\\Users\\\\DevAI Studio\\\\Documents\\\\GitHub\\\\PayMerch\\\\dataconnect\": could not find dataconnect.yaml in `c:\\Users\\DevAI Studio\\Documents\\GitHub\\PayMerch\\dataconnect`\n"}}
[debug] [2025-11-11T12:25:05.795Z] E1111 14:25:05.794834    6988 watch.go:31] Failed to load config from "c:\\Users\\DevAI Studio\\Documents\\GitHub\\PayMerch\\dataconnect": could not find dataconnect.yaml in `c:\Users\DevAI Studio\Documents\GitHub\PayMerch\dataconnect`
 {"metadata":{"emulator":{"name":"dataconnect"},"message":"E1111 14:25:05.794834    6988 watch.go:31] Failed to load config from \"c:\\\\Users\\\\DevAI Studio\\\\Documents\\\\GitHub\\\\PayMerch\\\\dataconnect\": could not find dataconnect.yaml in `c:\\Users\\DevAI Studio\\Documents\\GitHub\\PayMerch\\dataconnect`\n"}}
[debug] [2025-11-11T12:25:15.795Z] E1111 14:25:15.795255    6988 watch.go:31] Failed to load config from "c:\\Users\\DevAI Studio\\Documents\\GitHub\\PayMerch\\dataconnect": could not find dataconnect.yaml in `c:\Users\DevAI Studio\Documents\GitHub\PayMerch\dataconnect`
E1111 14:25:15.795255    6988 watch.go:102] watchAllDir unable to walk dir `c:\Users\DevAI Studio\Documents\GitHub\PayMerch\dataconnect`: CreateFile c:\Users\DevAI Studio\Documents\GitHub\PayMerch\dataconnect: The system cannot find the file specified.
 {"metadata":{"emulator":{"name":"dataconnect"},"message":"E1111 14:25:15.795255    6988 watch.go:31] Failed to load config from \"c:\\\\Users\\\\DevAI Studio\\\\Documents\\\\GitHub\\\\PayMerch\\\\dataconnect\": could not find dataconnect.yaml in `c:\\Users\\DevAI Studio\\Documents\\GitHub\\PayMerch\\dataconnect`\nE1111 14:25:15.795255    6988 watch.go:102] watchAllDir unable to walk dir `c:\\Users\\DevAI Studio\\Documents\\GitHub\\PayMerch\\dataconnect`: CreateFile c:\\Users\\DevAI Studio\\Documents\\GitHub\\PayMerch\\dataconnect: The system cannot find the file specified.\n"}}
[debug] [2025-11-11T12:25:25.795Z] E1111 14:25:25.795309    6988 watch.go:31] Failed to load config from "c:\\Users\\DevAI Studio\\Documents\\GitHub\\PayMerch\\dataconnect": could not find dataconnect.yaml in `c:\Users\DevAI Studio\Documents\GitHub\PayMerch\dataconnect`
 {"metadata":{"emulator":{"name":"dataconnect"},"message":"E1111 14:25:25.795309    6988 watch.go:31] Failed to load config from \"c:\\\\Users\\\\DevAI Studio\\\\Documents\\\\GitHub\\\\PayMerch\\\\dataconnect\": could not find dataconnect.yaml in `c:\\Users\\DevAI Studio\\Documents\\GitHub\\PayMerch\\dataconnect`\n"}}
[debug] [2025-11-11T12:25:35.795Z] E1111 14:25:35.795071    6988 watch.go:31] Failed to load config from "c:\\Users\\DevAI Studio\\Documents\\GitHub\\PayMerch\\dataconnect": could not find dataconnect.yaml in `c:\Users\DevAI Studio\Documents\GitHub\PayMerch\dataconnect`
 {"metadata":{"emulator":{"name":"dataconnect"},"message":"E1111 14:25:35.795071    6988 watch.go:31] Failed to load config from \"c:\\\\Users\\\\DevAI Studio\\\\Documents\\\\GitHub\\\\PayMerch\\\\dataconnect\": could not find dataconnect.yaml in `c:\\Users\\DevAI Studio\\Documents\\GitHub\\PayMerch\\dataconnect`\n"}}
[debug] [2025-11-11T12:25:45.795Z] E1111 14:25:45.795303    6988 watch.go:31] Failed to load config from "c:\\Users\\DevAI Studio\\Documents\\GitHub\\PayMerch\\dataconnect": could not find dataconnect.yaml in `c:\Users\DevAI Studio\Documents\GitHub\PayMerch\dataconnect`
 {"metadata":{"emulator":{"name":"dataconnect"},"message":"E1111 14:25:45.795303    6988 watch.go:31] Failed to load config from \"c:\\\\Users\\\\DevAI Studio\\\\Documents\\\\GitHub\\\\PayMerch\\\\dataconnect\": could not find dataconnect.yaml in `c:\\Users\\DevAI Studio\\Documents\\GitHub\\PayMerch\\dataconnect`\n"}}
[debug] [2025-11-11T12:25:55.795Z] E1111 14:25:55.795490    6988 watch.go:31] Failed to load config from "c:\\Users\\DevAI Studio\\Documents\\GitHub\\PayMerch\\dataconnect": could not find dataconnect.yaml in `c:\Users\DevAI Studio\Documents\GitHub\PayMerch\dataconnect`
 {"metadata":{"emulator":{"name":"dataconnect"},"message":"E1111 14:25:55.795490    6988 watch.go:31] Failed to load config from \"c:\\\\Users\\\\DevAI Studio\\\\Documents\\\\GitHub\\\\PayMerch\\\\dataconnect\": could not find dataconnect.yaml in `c:\\Users\\DevAI Studio\\Documents\\GitHub\\PayMerch\\dataconnect`\n"}}
[debug] [2025-11-11T12:26:05.795Z] E1111 14:26:05.794628    6988 watch.go:31] Failed to load config from "c:\\Users\\DevAI Studio\\Documents\\GitHub\\PayMerch\\dataconnect": could not find dataconnect.yaml in `c:\Users\DevAI Studio\Documents\GitHub\PayMerch\dataconnect`
 {"metadata":{"emulator":{"name":"dataconnect"},"message":"E1111 14:26:05.794628    6988 watch.go:31] Failed to load config from \"c:\\\\Users\\\\DevAI Studio\\\\Documents\\\\GitHub\\\\PayMerch\\\\dataconnect\": could not find dataconnect.yaml in `c:\\Users\\DevAI Studio\\Documents\\GitHub\\PayMerch\\dataconnect`\n"}}
[debug] [2025-11-11T12:26:15.795Z] E1111 14:26:15.795519    6988 watch.go:31] Failed to load config from "c:\\Users\\DevAI Studio\\Documents\\GitHub\\PayMerch\\dataconnect": could not find dataconnect.yaml in `c:\Users\DevAI Studio\Documents\GitHub\PayMerch\dataconnect`
 {"metadata":{"emulator":{"name":"dataconnect"},"message":"E1111 14:26:15.795519    6988 watch.go:31] Failed to load config from \"c:\\\\Users\\\\DevAI Studio\\\\Documents\\\\GitHub\\\\PayMerch\\\\dataconnect\": could not find dataconnect.yaml in `c:\\Users\\DevAI Studio\\Documents\\GitHub\\PayMerch\\dataconnect`\n"}}
[debug] [2025-11-11T12:26:25.795Z] E1111 14:26:25.795048    6988 watch.go:31] Failed to load config from "c:\\Users\\DevAI Studio\\Documents\\GitHub\\PayMerch\\dataconnect": could not find dataconnect.yaml in `c:\Users\DevAI Studio\Documents\GitHub\PayMerch\dataconnect`
 {"metadata":{"emulator":{"name":"dataconnect"},"message":"E1111 14:26:25.795048    6988 watch.go:31] Failed to load config from \"c:\\\\Users\\\\DevAI Studio\\\\Documents\\\\GitHub\\\\PayMerch\\\\dataconnect\": could not find dataconnect.yaml in `c:\\Users\\DevAI Studio\\Documents\\GitHub\\PayMerch\\dataconnect`\n"}}
[debug] [2025-11-11T12:26:35.794Z] E1111 14:26:35.794820    6988 watch.go:31] Failed to load config from "c:\\Users\\DevAI Studio\\Documents\\GitHub\\PayMerch\\dataconnect": could not find dataconnect.yaml in `c:\Users\DevAI Studio\Documents\GitHub\PayMerch\dataconnect`
 {"metadata":{"emulator":{"name":"dataconnect"},"message":"E1111 14:26:35.794820    6988 watch.go:31] Failed to load config from \"c:\\\\Users\\\\DevAI Studio\\\\Documents\\\\GitHub\\\\PayMerch\\\\dataconnect\": could not find dataconnect.yaml in `c:\\Users\\DevAI Studio\\Documents\\GitHub\\PayMerch\\dataconnect`\n"}}
[debug] [2025-11-11T12:26:45.795Z] E1111 14:26:45.794623    6988 watch.go:31] Failed to load config from "c:\\Users\\DevAI Studio\\Documents\\GitHub\\PayMerch\\dataconnect": could not find dataconnect.yaml in `c:\Users\DevAI Studio\Documents\GitHub\PayMerch\dataconnect`
 {"metadata":{"emulator":{"name":"dataconnect"},"message":"E1111 14:26:45.794623    6988 watch.go:31] Failed to load config from \"c:\\\\Users\\\\DevAI Studio\\\\Documents\\\\GitHub\\\\PayMerch\\\\dataconnect\": could not find dataconnect.yaml in `c:\\Users\\DevAI Studio\\Documents\\GitHub\\PayMerch\\dataconnect`\n"}}
[debug] [2025-11-11T12:26:55.794Z] E1111 14:26:55.794462    6988 watch.go:31] Failed to load config from "c:\\Users\\DevAI Studio\\Documents\\GitHub\\PayMerch\\dataconnect": could not find dataconnect.yaml in `c:\Users\DevAI Studio\Documents\GitHub\PayMerch\dataconnect`
 {"metadata":{"emulator":{"name":"dataconnect"},"message":"E1111 14:26:55.794462    6988 watch.go:31] Failed to load config from \"c:\\\\Users\\\\DevAI Studio\\\\Documents\\\\GitHub\\\\PayMerch\\\\dataconnect\": could not find dataconnect.yaml in `c:\\Users\\DevAI Studio\\Documents\\GitHub\\PayMerch\\dataconnect`\n"}}
[debug] [2025-11-11T12:27:05.796Z] E1111 14:27:05.795808    6988 watch.go:31] Failed to load config from "c:\\Users\\DevAI Studio\\Documents\\GitHub\\PayMerch\\dataconnect": could not find dataconnect.yaml in `c:\Users\DevAI Studio\Documents\GitHub\PayMerch\dataconnect`
 {"metadata":{"emulator":{"name":"dataconnect"},"message":"E1111 14:27:05.795808    6988 watch.go:31] Failed to load config from \"c:\\\\Users\\\\DevAI Studio\\\\Documents\\\\GitHub\\\\PayMerch\\\\dataconnect\": could not find dataconnect.yaml in `c:\\Users\\DevAI Studio\\Documents\\GitHub\\PayMerch\\dataconnect`\n"}}
[debug] [2025-11-11T12:27:15.794Z] E1111 14:27:15.794588    6988 watch.go:31] Failed to load config from "c:\\Users\\DevAI Studio\\Documents\\GitHub\\PayMerch\\dataconnect": could not find dataconnect.yaml in `c:\Users\DevAI Studio\Documents\GitHub\PayMerch\dataconnect`
E1111 14:27:15.794588    6988 watch.go:102] watchAllDir unable to walk dir `c:\Users\DevAI Studio\Documents\GitHub\PayMerch\dataconnect`: CreateFile c:\Users\DevAI Studio\Documents\GitHub\PayMerch\dataconnect: The system cannot find the file specified.
 {"metadata":{"emulator":{"name":"dataconnect"},"message":"E1111 14:27:15.794588    6988 watch.go:31] Failed to load config from \"c:\\\\Users\\\\DevAI Studio\\\\Documents\\\\GitHub\\\\PayMerch\\\\dataconnect\": could not find dataconnect.yaml in `c:\\Users\\DevAI Studio\\Documents\\GitHub\\PayMerch\\dataconnect`\nE1111 14:27:15.794588    6988 watch.go:102] watchAllDir unable to walk dir `c:\\Users\\DevAI Studio\\Documents\\GitHub\\PayMerch\\dataconnect`: CreateFile c:\\Users\\DevAI Studio\\Documents\\GitHub\\PayMerch\\dataconnect: The system cannot find the file specified.\n"}}
[debug] [2025-11-11T12:27:25.795Z] E1111 14:27:25.795016    6988 watch.go:31] Failed to load config from "c:\\Users\\DevAI Studio\\Documents\\GitHub\\PayMerch\\dataconnect": could not find dataconnect.yaml in `c:\Users\DevAI Studio\Documents\GitHub\PayMerch\dataconnect`
 {"metadata":{"emulator":{"name":"dataconnect"},"message":"E1111 14:27:25.795016    6988 watch.go:31] Failed to load config from \"c:\\\\Users\\\\DevAI Studio\\\\Documents\\\\GitHub\\\\PayMerch\\\\dataconnect\": could not find dataconnect.yaml in `c:\\Users\\DevAI Studio\\Documents\\GitHub\\PayMerch\\dataconnect`\n"}}
[debug] [2025-11-11T12:27:35.795Z] E1111 14:27:35.794605    6988 watch.go:31] Failed to load config from "c:\\Users\\DevAI Studio\\Documents\\GitHub\\PayMerch\\dataconnect": could not find dataconnect.yaml in `c:\Users\DevAI Studio\Documents\GitHub\PayMerch\dataconnect`
 {"metadata":{"emulator":{"name":"dataconnect"},"message":"E1111 14:27:35.794605    6988 watch.go:31] Failed to load config from \"c:\\\\Users\\\\DevAI Studio\\\\Documents\\\\GitHub\\\\PayMerch\\\\dataconnect\": could not find dataconnect.yaml in `c:\\Users\\DevAI Studio\\Documents\\GitHub\\PayMerch\\dataconnect`\n"}}
[debug] [2025-11-11T12:27:45.796Z] E1111 14:27:45.795607    6988 watch.go:31] Failed to load config from "c:\\Users\\DevAI Studio\\Documents\\GitHub\\PayMerch\\dataconnect": could not find dataconnect.yaml in `c:\Users\DevAI Studio\Documents\GitHub\PayMerch\dataconnect`
 {"metadata":{"emulator":{"name":"dataconnect"},"message":"E1111 14:27:45.795607    6988 watch.go:31] Failed to load config from \"c:\\\\Users\\\\DevAI Studio\\\\Documents\\\\GitHub\\\\PayMerch\\\\dataconnect\": could not find dataconnect.yaml in `c:\\Users\\DevAI Studio\\Documents\\GitHub\\PayMerch\\dataconnect`\n"}}
[debug] [2025-11-11T12:27:55.795Z] E1111 14:27:55.795196    6988 watch.go:31] Failed to load config from "c:\\Users\\DevAI Studio\\Documents\\GitHub\\PayMerch\\dataconnect": could not find dataconnect.yaml in `c:\Users\DevAI Studio\Documents\GitHub\PayMerch\dataconnect`
 {"metadata":{"emulator":{"name":"dataconnect"},"message":"E1111 14:27:55.795196    6988 watch.go:31] Failed to load config from \"c:\\\\Users\\\\DevAI Studio\\\\Documents\\\\GitHub\\\\PayMerch\\\\dataconnect\": could not find dataconnect.yaml in `c:\\Users\\DevAI Studio\\Documents\\GitHub\\PayMerch\\dataconnect`\n"}}
[debug] [2025-11-11T12:28:05.795Z] E1111 14:28:05.795103    6988 watch.go:31] Failed to load config from "c:\\Users\\DevAI Studio\\Documents\\GitHub\\PayMerch\\dataconnect": could not find dataconnect.yaml in `c:\Users\DevAI Studio\Documents\GitHub\PayMerch\dataconnect`
 {"metadata":{"emulator":{"name":"dataconnect"},"message":"E1111 14:28:05.795103    6988 watch.go:31] Failed to load config from \"c:\\\\Users\\\\DevAI Studio\\\\Documents\\\\GitHub\\\\PayMerch\\\\dataconnect\": could not find dataconnect.yaml in `c:\\Users\\DevAI Studio\\Documents\\GitHub\\PayMerch\\dataconnect`\n"}}
[debug] [2025-11-11T12:28:15.796Z] E1111 14:28:15.796070    6988 watch.go:31] Failed to load config from "c:\\Users\\DevAI Studio\\Documents\\GitHub\\PayMerch\\dataconnect": could not find dataconnect.yaml in `c:\Users\DevAI Studio\Documents\GitHub\PayMerch\dataconnect`
 {"metadata":{"emulator":{"name":"dataconnect"},"message":"E1111 14:28:15.796070    6988 watch.go:31] Failed to load config from \"c:\\\\Users\\\\DevAI Studio\\\\Documents\\\\GitHub\\\\PayMerch\\\\dataconnect\": could not find dataconnect.yaml in `c:\\Users\\DevAI Studio\\Documents\\GitHub\\PayMerch\\dataconnect`\n"}}
[debug] [2025-11-11T12:28:25.795Z] E1111 14:28:25.794891    6988 watch.go:31] Failed to load config from "c:\\Users\\DevAI Studio\\Documents\\GitHub\\PayMerch\\dataconnect": could not find dataconnect.yaml in `c:\Users\DevAI Studio\Documents\GitHub\PayMerch\dataconnect`
 {"metadata":{"emulator":{"name":"dataconnect"},"message":"E1111 14:28:25.794891    6988 watch.go:31] Failed to load config from \"c:\\\\Users\\\\DevAI Studio\\\\Documents\\\\GitHub\\\\PayMerch\\\\dataconnect\": could not find dataconnect.yaml in `c:\\Users\\DevAI Studio\\Documents\\GitHub\\PayMerch\\dataconnect`\n"}}
[debug] [2025-11-11T12:28:35.795Z] E1111 14:28:35.794568    6988 watch.go:31] Failed to load config from "c:\\Users\\DevAI Studio\\Documents\\GitHub\\PayMerch\\dataconnect": could not find dataconnect.yaml in `c:\Users\DevAI Studio\Documents\GitHub\PayMerch\dataconnect`
 {"metadata":{"emulator":{"name":"dataconnect"},"message":"E1111 14:28:35.794568    6988 watch.go:31] Failed to load config from \"c:\\\\Users\\\\DevAI Studio\\\\Documents\\\\GitHub\\\\PayMerch\\\\dataconnect\": could not find dataconnect.yaml in `c:\\Users\\DevAI Studio\\Documents\\GitHub\\PayMerch\\dataconnect`\n"}}
[debug] [2025-11-11T12:28:45.794Z] E1111 14:28:45.794256    6988 watch.go:31] Failed to load config from "c:\\Users\\DevAI Studio\\Documents\\GitHub\\PayMerch\\dataconnect": could not find dataconnect.yaml in `c:\Users\DevAI Studio\Documents\GitHub\PayMerch\dataconnect`
 {"metadata":{"emulator":{"name":"dataconnect"},"message":"E1111 14:28:45.794256    6988 watch.go:31] Failed to load config from \"c:\\\\Users\\\\DevAI Studio\\\\Documents\\\\GitHub\\\\PayMerch\\\\dataconnect\": could not find dataconnect.yaml in `c:\\Users\\DevAI Studio\\Documents\\GitHub\\PayMerch\\dataconnect`\n"}}
[debug] [2025-11-11T12:28:55.795Z] E1111 14:28:55.794530    6988 watch.go:31] Failed to load config from "c:\\Users\\DevAI Studio\\Documents\\GitHub\\PayMerch\\dataconnect": could not find dataconnect.yaml in `c:\Users\DevAI Studio\Documents\GitHub\PayMerch\dataconnect`
 {"metadata":{"emulator":{"name":"dataconnect"},"message":"E1111 14:28:55.794530    6988 watch.go:31] Failed to load config from \"c:\\\\Users\\\\DevAI Studio\\\\Documents\\\\GitHub\\\\PayMerch\\\\dataconnect\": could not find dataconnect.yaml in `c:\\Users\\DevAI Studio\\Documents\\GitHub\\PayMerch\\dataconnect`\n"}}
[debug] [2025-11-11T12:29:05.794Z] E1111 14:29:05.794457    6988 watch.go:31] Failed to load config from "c:\\Users\\DevAI Studio\\Documents\\GitHub\\PayMerch\\dataconnect": could not find dataconnect.yaml in `c:\Users\DevAI Studio\Documents\GitHub\PayMerch\dataconnect`
 {"metadata":{"emulator":{"name":"dataconnect"},"message":"E1111 14:29:05.794457    6988 watch.go:31] Failed to load config from \"c:\\\\Users\\\\DevAI Studio\\\\Documents\\\\GitHub\\\\PayMerch\\\\dataconnect\": could not find dataconnect.yaml in `c:\\Users\\DevAI Studio\\Documents\\GitHub\\PayMerch\\dataconnect`\n"}}
[debug] [2025-11-11T12:29:15.795Z] E1111 14:29:15.795331    6988 watch.go:31] Failed to load config from "c:\\Users\\DevAI Studio\\Documents\\GitHub\\PayMerch\\dataconnect": could not find dataconnect.yaml in `c:\Users\DevAI Studio\Documents\GitHub\PayMerch\dataconnect`
E1111 14:29:15.795331    6988 watch.go:102] watchAllDir unable to walk dir `c:\Users\DevAI Studio\Documents\GitHub\PayMerch\dataconnect`: CreateFile c:\Users\DevAI Studio\Documents\GitHub\PayMerch\dataconnect: The system cannot find the file specified.
 {"metadata":{"emulator":{"name":"dataconnect"},"message":"E1111 14:29:15.795331    6988 watch.go:31] Failed to load config from \"c:\\\\Users\\\\DevAI Studio\\\\Documents\\\\GitHub\\\\PayMerch\\\\dataconnect\": could not find dataconnect.yaml in `c:\\Users\\DevAI Studio\\Documents\\GitHub\\PayMerch\\dataconnect`\nE1111 14:29:15.795331    6988 watch.go:102] watchAllDir unable to walk dir `c:\\Users\\DevAI Studio\\Documents\\GitHub\\PayMerch\\dataconnect`: CreateFile c:\\Users\\DevAI Studio\\Documents\\GitHub\\PayMerch\\dataconnect: The system cannot find the file specified.\n"}}
[debug] [2025-11-11T12:29:25.795Z] E1111 14:29:25.795081    6988 watch.go:31] Failed to load config from "c:\\Users\\DevAI Studio\\Documents\\GitHub\\PayMerch\\dataconnect": could not find dataconnect.yaml in `c:\Users\DevAI Studio\Documents\GitHub\PayMerch\dataconnect`
 {"metadata":{"emulator":{"name":"dataconnect"},"message":"E1111 14:29:25.795081    6988 watch.go:31] Failed to load config from \"c:\\\\Users\\\\DevAI Studio\\\\Documents\\\\GitHub\\\\PayMerch\\\\dataconnect\": could not find dataconnect.yaml in `c:\\Users\\DevAI Studio\\Documents\\GitHub\\PayMerch\\dataconnect`\n"}}
[debug] [2025-11-11T12:29:35.794Z] E1111 14:29:35.794128    6988 watch.go:31] Failed to load config from "c:\\Users\\DevAI Studio\\Documents\\GitHub\\PayMerch\\dataconnect": could not find dataconnect.yaml in `c:\Users\DevAI Studio\Documents\GitHub\PayMerch\dataconnect`
 {"metadata":{"emulator":{"name":"dataconnect"},"message":"E1111 14:29:35.794128    6988 watch.go:31] Failed to load config from \"c:\\\\Users\\\\DevAI Studio\\\\Documents\\\\GitHub\\\\PayMerch\\\\dataconnect\": could not find dataconnect.yaml in `c:\\Users\\DevAI Studio\\Documents\\GitHub\\PayMerch\\dataconnect`\n"}}
[debug] [2025-11-11T12:29:45.794Z] E1111 14:29:45.794692    6988 watch.go:31] Failed to load config from "c:\\Users\\DevAI Studio\\Documents\\GitHub\\PayMerch\\dataconnect": could not find dataconnect.yaml in `c:\Users\DevAI Studio\Documents\GitHub\PayMerch\dataconnect`
 {"metadata":{"emulator":{"name":"dataconnect"},"message":"E1111 14:29:45.794692    6988 watch.go:31] Failed to load config from \"c:\\\\Users\\\\DevAI Studio\\\\Documents\\\\GitHub\\\\PayMerch\\\\dataconnect\": could not find dataconnect.yaml in `c:\\Users\\DevAI Studio\\Documents\\GitHub\\PayMerch\\dataconnect`\n"}}
[debug] [2025-11-11T12:29:55.794Z] E1111 14:29:55.794209    6988 watch.go:31] Failed to load config from "c:\\Users\\DevAI Studio\\Documents\\GitHub\\PayMerch\\dataconnect": could not find dataconnect.yaml in `c:\Users\DevAI Studio\Documents\GitHub\PayMerch\dataconnect`
 {"metadata":{"emulator":{"name":"dataconnect"},"message":"E1111 14:29:55.794209    6988 watch.go:31] Failed to load config from \"c:\\\\Users\\\\DevAI Studio\\\\Documents\\\\GitHub\\\\PayMerch\\\\dataconnect\": could not find dataconnect.yaml in `c:\\Users\\DevAI Studio\\Documents\\GitHub\\PayMerch\\dataconnect`\n"}}
[debug] [2025-11-11T12:30:05.795Z] E1111 14:30:05.794811    6988 watch.go:31] Failed to load config from "c:\\Users\\DevAI Studio\\Documents\\GitHub\\PayMerch\\dataconnect": could not find dataconnect.yaml in `c:\Users\DevAI Studio\Documents\GitHub\PayMerch\dataconnect`
 {"metadata":{"emulator":{"name":"dataconnect"},"message":"E1111 14:30:05.794811    6988 watch.go:31] Failed to load config from \"c:\\\\Users\\\\DevAI Studio\\\\Documents\\\\GitHub\\\\PayMerch\\\\dataconnect\": could not find dataconnect.yaml in `c:\\Users\\DevAI Studio\\Documents\\GitHub\\PayMerch\\dataconnect`\n"}}
[debug] [2025-11-11T12:30:15.795Z] E1111 14:30:15.794894    6988 watch.go:31] Failed to load config from "c:\\Users\\DevAI Studio\\Documents\\GitHub\\PayMerch\\dataconnect": could not find dataconnect.yaml in `c:\Users\DevAI Studio\Documents\GitHub\PayMerch\dataconnect`
 {"metadata":{"emulator":{"name":"dataconnect"},"message":"E1111 14:30:15.794894    6988 watch.go:31] Failed to load config from \"c:\\\\Users\\\\DevAI Studio\\\\Documents\\\\GitHub\\\\PayMerch\\\\dataconnect\": could not find dataconnect.yaml in `c:\\Users\\DevAI Studio\\Documents\\GitHub\\PayMerch\\dataconnect`\n"}}
[debug] [2025-11-11T12:30:25.794Z] E1111 14:30:25.794266    6988 watch.go:31] Failed to load config from "c:\\Users\\DevAI Studio\\Documents\\GitHub\\PayMerch\\dataconnect": could not find dataconnect.yaml in `c:\Users\DevAI Studio\Documents\GitHub\PayMerch\dataconnect`
 {"metadata":{"emulator":{"name":"dataconnect"},"message":"E1111 14:30:25.794266    6988 watch.go:31] Failed to load config from \"c:\\\\Users\\\\DevAI Studio\\\\Documents\\\\GitHub\\\\PayMerch\\\\dataconnect\": could not find dataconnect.yaml in `c:\\Users\\DevAI Studio\\Documents\\GitHub\\PayMerch\\dataconnect`\n"}}
[debug] [2025-11-11T12:30:35.794Z] E1111 14:30:35.794332    6988 watch.go:31] Failed to load config from "c:\\Users\\DevAI Studio\\Documents\\GitHub\\PayMerch\\dataconnect": could not find dataconnect.yaml in `c:\Users\DevAI Studio\Documents\GitHub\PayMerch\dataconnect`
 {"metadata":{"emulator":{"name":"dataconnect"},"message":"E1111 14:30:35.794332    6988 watch.go:31] Failed to load config from \"c:\\\\Users\\\\DevAI Studio\\\\Documents\\\\GitHub\\\\PayMerch\\\\dataconnect\": could not find dataconnect.yaml in `c:\\Users\\DevAI Studio\\Documents\\GitHub\\PayMerch\\dataconnect`\n"}}
[debug] [2025-11-11T12:30:45.795Z] E1111 14:30:45.794602    6988 watch.go:31] Failed to load config from "c:\\Users\\DevAI Studio\\Documents\\GitHub\\PayMerch\\dataconnect": could not find dataconnect.yaml in `c:\Users\DevAI Studio\Documents\GitHub\PayMerch\dataconnect`
 {"metadata":{"emulator":{"name":"dataconnect"},"message":"E1111 14:30:45.794602    6988 watch.go:31] Failed to load config from \"c:\\\\Users\\\\DevAI Studio\\\\Documents\\\\GitHub\\\\PayMerch\\\\dataconnect\": could not find dataconnect.yaml in `c:\\Users\\DevAI Studio\\Documents\\GitHub\\PayMerch\\dataconnect`\n"}}
[debug] [2025-11-11T12:30:55.794Z] E1111 14:30:55.794880    6988 watch.go:31] Failed to load config from "c:\\Users\\DevAI Studio\\Documents\\GitHub\\PayMerch\\dataconnect": could not find dataconnect.yaml in `c:\Users\DevAI Studio\Documents\GitHub\PayMerch\dataconnect`
 {"metadata":{"emulator":{"name":"dataconnect"},"message":"E1111 14:30:55.794880    6988 watch.go:31] Failed to load config from \"c:\\\\Users\\\\DevAI Studio\\\\Documents\\\\GitHub\\\\PayMerch\\\\dataconnect\": could not find dataconnect.yaml in `c:\\Users\\DevAI Studio\\Documents\\GitHub\\PayMerch\\dataconnect`\n"}}
[debug] [2025-11-11T12:31:05.795Z] E1111 14:31:05.794520    6988 watch.go:31] Failed to load config from "c:\\Users\\DevAI Studio\\Documents\\GitHub\\PayMerch\\dataconnect": could not find dataconnect.yaml in `c:\Users\DevAI Studio\Documents\GitHub\PayMerch\dataconnect`
 {"metadata":{"emulator":{"name":"dataconnect"},"message":"E1111 14:31:05.794520    6988 watch.go:31] Failed to load config from \"c:\\\\Users\\\\DevAI Studio\\\\Documents\\\\GitHub\\\\PayMerch\\\\dataconnect\": could not find dataconnect.yaml in `c:\\Users\\DevAI Studio\\Documents\\GitHub\\PayMerch\\dataconnect`\n"}}
[debug] [2025-11-11T12:31:15.794Z] E1111 14:31:15.794077    6988 watch.go:31] Failed to load config from "c:\\Users\\DevAI Studio\\Documents\\GitHub\\PayMerch\\dataconnect": could not find dataconnect.yaml in `c:\Users\DevAI Studio\Documents\GitHub\PayMerch\dataconnect`
E1111 14:31:15.794077    6988 watch.go:102] watchAllDir unable to walk dir `c:\Users\DevAI Studio\Documents\GitHub\PayMerch\dataconnect`: CreateFile c:\Users\DevAI Studio\Documents\GitHub\PayMerch\dataconnect: The system cannot find the file specified.
 {"metadata":{"emulator":{"name":"dataconnect"},"message":"E1111 14:31:15.794077    6988 watch.go:31] Failed to load config from \"c:\\\\Users\\\\DevAI Studio\\\\Documents\\\\GitHub\\\\PayMerch\\\\dataconnect\": could not find dataconnect.yaml in `c:\\Users\\DevAI Studio\\Documents\\GitHub\\PayMerch\\dataconnect`\nE1111 14:31:15.794077    6988 watch.go:102] watchAllDir unable to walk dir `c:\\Users\\DevAI Studio\\Documents\\GitHub\\PayMerch\\dataconnect`: CreateFile c:\\Users\\DevAI Studio\\Documents\\GitHub\\PayMerch\\dataconnect: The system cannot find the file specified.\n"}}
[debug] [2025-11-11T12:31:25.795Z] E1111 14:31:25.794930    6988 watch.go:31] Failed to load config from "c:\\Users\\DevAI Studio\\Documents\\GitHub\\PayMerch\\dataconnect": could not find dataconnect.yaml in `c:\Users\DevAI Studio\Documents\GitHub\PayMerch\dataconnect`
 {"metadata":{"emulator":{"name":"dataconnect"},"message":"E1111 14:31:25.794930    6988 watch.go:31] Failed to load config from \"c:\\\\Users\\\\DevAI Studio\\\\Documents\\\\GitHub\\\\PayMerch\\\\dataconnect\": could not find dataconnect.yaml in `c:\\Users\\DevAI Studio\\Documents\\GitHub\\PayMerch\\dataconnect`\n"}}
[debug] [2025-11-11T12:31:35.794Z] E1111 14:31:35.794912    6988 watch.go:31] Failed to load config from "c:\\Users\\DevAI Studio\\Documents\\GitHub\\PayMerch\\dataconnect": could not find dataconnect.yaml in `c:\Users\DevAI Studio\Documents\GitHub\PayMerch\dataconnect`
 {"metadata":{"emulator":{"name":"dataconnect"},"message":"E1111 14:31:35.794912    6988 watch.go:31] Failed to load config from \"c:\\\\Users\\\\DevAI Studio\\\\Documents\\\\GitHub\\\\PayMerch\\\\dataconnect\": could not find dataconnect.yaml in `c:\\Users\\DevAI Studio\\Documents\\GitHub\\PayMerch\\dataconnect`\n"}}
[debug] [2025-11-11T12:31:45.796Z] E1111 14:31:45.796269    6988 watch.go:31] Failed to load config from "c:\\Users\\DevAI Studio\\Documents\\GitHub\\PayMerch\\dataconnect": could not find dataconnect.yaml in `c:\Users\DevAI Studio\Documents\GitHub\PayMerch\dataconnect`
 {"metadata":{"emulator":{"name":"dataconnect"},"message":"E1111 14:31:45.796269    6988 watch.go:31] Failed to load config from \"c:\\\\Users\\\\DevAI Studio\\\\Documents\\\\GitHub\\\\PayMerch\\\\dataconnect\": could not find dataconnect.yaml in `c:\\Users\\DevAI Studio\\Documents\\GitHub\\PayMerch\\dataconnect`\n"}}
[debug] [2025-11-11T12:31:55.796Z] E1111 14:31:55.795627    6988 watch.go:31] Failed to load config from "c:\\Users\\DevAI Studio\\Documents\\GitHub\\PayMerch\\dataconnect": could not find dataconnect.yaml in `c:\Users\DevAI Studio\Documents\GitHub\PayMerch\dataconnect`
 {"metadata":{"emulator":{"name":"dataconnect"},"message":"E1111 14:31:55.795627    6988 watch.go:31] Failed to load config from \"c:\\\\Users\\\\DevAI Studio\\\\Documents\\\\GitHub\\\\PayMerch\\\\dataconnect\": could not find dataconnect.yaml in `c:\\Users\\DevAI Studio\\Documents\\GitHub\\PayMerch\\dataconnect`\n"}}
[debug] [2025-11-11T12:32:05.797Z] E1111 14:32:05.796851    6988 watch.go:31] Failed to load config from "c:\\Users\\DevAI Studio\\Documents\\GitHub\\PayMerch\\dataconnect": could not find dataconnect.yaml in `c:\Users\DevAI Studio\Documents\GitHub\PayMerch\dataconnect`
 {"metadata":{"emulator":{"name":"dataconnect"},"message":"E1111 14:32:05.796851    6988 watch.go:31] Failed to load config from \"c:\\\\Users\\\\DevAI Studio\\\\Documents\\\\GitHub\\\\PayMerch\\\\dataconnect\": could not find dataconnect.yaml in `c:\\Users\\DevAI Studio\\Documents\\GitHub\\PayMerch\\dataconnect`\n"}}
[debug] [2025-11-11T12:32:15.795Z] E1111 14:32:15.794248    6988 watch.go:31] Failed to load config from "c:\\Users\\DevAI Studio\\Documents\\GitHub\\PayMerch\\dataconnect": could not find dataconnect.yaml in `c:\Users\DevAI Studio\Documents\GitHub\PayMerch\dataconnect`
 {"metadata":{"emulator":{"name":"dataconnect"},"message":"E1111 14:32:15.794248    6988 watch.go:31] Failed to load config from \"c:\\\\Users\\\\DevAI Studio\\\\Documents\\\\GitHub\\\\PayMerch\\\\dataconnect\": could not find dataconnect.yaml in `c:\\Users\\DevAI Studio\\Documents\\GitHub\\PayMerch\\dataconnect`\n"}}
[debug] [2025-11-11T12:32:25.795Z] E1111 14:32:25.794810    6988 watch.go:31] Failed to load config from "c:\\Users\\DevAI Studio\\Documents\\GitHub\\PayMerch\\dataconnect": could not find dataconnect.yaml in `c:\Users\DevAI Studio\Documents\GitHub\PayMerch\dataconnect`
 {"metadata":{"emulator":{"name":"dataconnect"},"message":"E1111 14:32:25.794810    6988 watch.go:31] Failed to load config from \"c:\\\\Users\\\\DevAI Studio\\\\Documents\\\\GitHub\\\\PayMerch\\\\dataconnect\": could not find dataconnect.yaml in `c:\\Users\\DevAI Studio\\Documents\\GitHub\\PayMerch\\dataconnect`\n"}}
[debug] [2025-11-11T12:32:35.795Z] E1111 14:32:35.795087    6988 watch.go:31] Failed to load config from "c:\\Users\\DevAI Studio\\Documents\\GitHub\\PayMerch\\dataconnect": could not find dataconnect.yaml in `c:\Users\DevAI Studio\Documents\GitHub\PayMerch\dataconnect`
 {"metadata":{"emulator":{"name":"dataconnect"},"message":"E1111 14:32:35.795087    6988 watch.go:31] Failed to load config from \"c:\\\\Users\\\\DevAI Studio\\\\Documents\\\\GitHub\\\\PayMerch\\\\dataconnect\": could not find dataconnect.yaml in `c:\\Users\\DevAI Studio\\Documents\\GitHub\\PayMerch\\dataconnect`\n"}}
[debug] [2025-11-11T12:32:45.795Z] E1111 14:32:45.794781    6988 watch.go:31] Failed to load config from "c:\\Users\\DevAI Studio\\Documents\\GitHub\\PayMerch\\dataconnect": could not find dataconnect.yaml in `c:\Users\DevAI Studio\Documents\GitHub\PayMerch\dataconnect`
 {"metadata":{"emulator":{"name":"dataconnect"},"message":"E1111 14:32:45.794781    6988 watch.go:31] Failed to load config from \"c:\\\\Users\\\\DevAI Studio\\\\Documents\\\\GitHub\\\\PayMerch\\\\dataconnect\": could not find dataconnect.yaml in `c:\\Users\\DevAI Studio\\Documents\\GitHub\\PayMerch\\dataconnect`\n"}}
[debug] [2025-11-11T12:32:55.795Z] E1111 14:32:55.794397    6988 watch.go:31] Failed to load config from "c:\\Users\\DevAI Studio\\Documents\\GitHub\\PayMerch\\dataconnect": could not find dataconnect.yaml in `c:\Users\DevAI Studio\Documents\GitHub\PayMerch\dataconnect`
 {"metadata":{"emulator":{"name":"dataconnect"},"message":"E1111 14:32:55.794397    6988 watch.go:31] Failed to load config from \"c:\\\\Users\\\\DevAI Studio\\\\Documents\\\\GitHub\\\\PayMerch\\\\dataconnect\": could not find dataconnect.yaml in `c:\\Users\\DevAI Studio\\Documents\\GitHub\\PayMerch\\dataconnect`\n"}}
[debug] [2025-11-11T12:33:05.794Z] E1111 14:33:05.794448    6988 watch.go:31] Failed to load config from "c:\\Users\\DevAI Studio\\Documents\\GitHub\\PayMerch\\dataconnect": could not find dataconnect.yaml in `c:\Users\DevAI Studio\Documents\GitHub\PayMerch\dataconnect`
 {"metadata":{"emulator":{"name":"dataconnect"},"message":"E1111 14:33:05.794448    6988 watch.go:31] Failed to load config from \"c:\\\\Users\\\\DevAI Studio\\\\Documents\\\\GitHub\\\\PayMerch\\\\dataconnect\": could not find dataconnect.yaml in `c:\\Users\\DevAI Studio\\Documents\\GitHub\\PayMerch\\dataconnect`\n"}}
[debug] [2025-11-11T12:33:15.795Z] E1111 14:33:15.795021    6988 watch.go:31] Failed to load config from "c:\\Users\\DevAI Studio\\Documents\\GitHub\\PayMerch\\dataconnect": could not find dataconnect.yaml in `c:\Users\DevAI Studio\Documents\GitHub\PayMerch\dataconnect`
E1111 14:33:15.795021    6988 watch.go:102] watchAllDir unable to walk dir `c:\Users\DevAI Studio\Documents\GitHub\PayMerch\dataconnect`: CreateFile c:\Users\DevAI Studio\Documents\GitHub\PayMerch\dataconnect: The system cannot find the file specified.
 {"metadata":{"emulator":{"name":"dataconnect"},"message":"E1111 14:33:15.795021    6988 watch.go:31] Failed to load config from \"c:\\\\Users\\\\DevAI Studio\\\\Documents\\\\GitHub\\\\PayMerch\\\\dataconnect\": could not find dataconnect.yaml in `c:\\Users\\DevAI Studio\\Documents\\GitHub\\PayMerch\\dataconnect`\nE1111 14:33:15.795021    6988 watch.go:102] watchAllDir unable to walk dir `c:\\Users\\DevAI Studio\\Documents\\GitHub\\PayMerch\\dataconnect`: CreateFile c:\\Users\\DevAI Studio\\Documents\\GitHub\\PayMerch\\dataconnect: The system cannot find the file specified.\n"}}
[debug] [2025-11-11T12:33:25.795Z] E1111 14:33:25.795106    6988 watch.go:31] Failed to load config from "c:\\Users\\DevAI Studio\\Documents\\GitHub\\PayMerch\\dataconnect": could not find dataconnect.yaml in `c:\Users\DevAI Studio\Documents\GitHub\PayMerch\dataconnect`
 {"metadata":{"emulator":{"name":"dataconnect"},"message":"E1111 14:33:25.795106    6988 watch.go:31] Failed to load config from \"c:\\\\Users\\\\DevAI Studio\\\\Documents\\\\GitHub\\\\PayMerch\\\\dataconnect\": could not find dataconnect.yaml in `c:\\Users\\DevAI Studio\\Documents\\GitHub\\PayMerch\\dataconnect`\n"}}
[debug] [2025-11-11T12:33:35.795Z] E1111 14:33:35.794657    6988 watch.go:31] Failed to load config from "c:\\Users\\DevAI Studio\\Documents\\GitHub\\PayMerch\\dataconnect": could not find dataconnect.yaml in `c:\Users\DevAI Studio\Documents\GitHub\PayMerch\dataconnect`
 {"metadata":{"emulator":{"name":"dataconnect"},"message":"E1111 14:33:35.794657    6988 watch.go:31] Failed to load config from \"c:\\\\Users\\\\DevAI Studio\\\\Documents\\\\GitHub\\\\PayMerch\\\\dataconnect\": could not find dataconnect.yaml in `c:\\Users\\DevAI Studio\\Documents\\GitHub\\PayMerch\\dataconnect`\n"}}
[debug] [2025-11-11T12:33:45.794Z] E1111 14:33:45.793862    6988 watch.go:31] Failed to load config from "c:\\Users\\DevAI Studio\\Documents\\GitHub\\PayMerch\\dataconnect": could not find dataconnect.yaml in `c:\Users\DevAI Studio\Documents\GitHub\PayMerch\dataconnect`
 {"metadata":{"emulator":{"name":"dataconnect"},"message":"E1111 14:33:45.793862    6988 watch.go:31] Failed to load config from \"c:\\\\Users\\\\DevAI Studio\\\\Documents\\\\GitHub\\\\PayMerch\\\\dataconnect\": could not find dataconnect.yaml in `c:\\Users\\DevAI Studio\\Documents\\GitHub\\PayMerch\\dataconnect`\n"}}
[debug] [2025-11-11T12:33:55.794Z] E1111 14:33:55.794016    6988 watch.go:31] Failed to load config from "c:\\Users\\DevAI Studio\\Documents\\GitHub\\PayMerch\\dataconnect": could not find dataconnect.yaml in `c:\Users\DevAI Studio\Documents\GitHub\PayMerch\dataconnect`
 {"metadata":{"emulator":{"name":"dataconnect"},"message":"E1111 14:33:55.794016    6988 watch.go:31] Failed to load config from \"c:\\\\Users\\\\DevAI Studio\\\\Documents\\\\GitHub\\\\PayMerch\\\\dataconnect\": could not find dataconnect.yaml in `c:\\Users\\DevAI Studio\\Documents\\GitHub\\PayMerch\\dataconnect`\n"}}
[debug] [2025-11-11T12:34:05.796Z] E1111 14:34:05.795227    6988 watch.go:31] Failed to load config from "c:\\Users\\DevAI Studio\\Documents\\GitHub\\PayMerch\\dataconnect": could not find dataconnect.yaml in `c:\Users\DevAI Studio\Documents\GitHub\PayMerch\dataconnect`
 {"metadata":{"emulator":{"name":"dataconnect"},"message":"E1111 14:34:05.795227    6988 watch.go:31] Failed to load config from \"c:\\\\Users\\\\DevAI Studio\\\\Documents\\\\GitHub\\\\PayMerch\\\\dataconnect\": could not find dataconnect.yaml in `c:\\Users\\DevAI Studio\\Documents\\GitHub\\PayMerch\\dataconnect`\n"}}
[debug] [2025-11-11T12:34:15.796Z] E1111 14:34:15.795466    6988 watch.go:31] Failed to load config from "c:\\Users\\DevAI Studio\\Documents\\GitHub\\PayMerch\\dataconnect": could not find dataconnect.yaml in `c:\Users\DevAI Studio\Documents\GitHub\PayMerch\dataconnect`
 {"metadata":{"emulator":{"name":"dataconnect"},"message":"E1111 14:34:15.795466    6988 watch.go:31] Failed to load config from \"c:\\\\Users\\\\DevAI Studio\\\\Documents\\\\GitHub\\\\PayMerch\\\\dataconnect\": could not find dataconnect.yaml in `c:\\Users\\DevAI Studio\\Documents\\GitHub\\PayMerch\\dataconnect`\n"}}
[debug] [2025-11-11T12:34:25.795Z] E1111 14:34:25.794808    6988 watch.go:31] Failed to load config from "c:\\Users\\DevAI Studio\\Documents\\GitHub\\PayMerch\\dataconnect": could not find dataconnect.yaml in `c:\Users\DevAI Studio\Documents\GitHub\PayMerch\dataconnect`
 {"metadata":{"emulator":{"name":"dataconnect"},"message":"E1111 14:34:25.794808    6988 watch.go:31] Failed to load config from \"c:\\\\Users\\\\DevAI Studio\\\\Documents\\\\GitHub\\\\PayMerch\\\\dataconnect\": could not find dataconnect.yaml in `c:\\Users\\DevAI Studio\\Documents\\GitHub\\PayMerch\\dataconnect`\n"}}
[debug] [2025-11-11T12:34:35.794Z] E1111 14:34:35.794402    6988 watch.go:31] Failed to load config from "c:\\Users\\DevAI Studio\\Documents\\GitHub\\PayMerch\\dataconnect": could not find dataconnect.yaml in `c:\Users\DevAI Studio\Documents\GitHub\PayMerch\dataconnect`
 {"metadata":{"emulator":{"name":"dataconnect"},"message":"E1111 14:34:35.794402    6988 watch.go:31] Failed to load config from \"c:\\\\Users\\\\DevAI Studio\\\\Documents\\\\GitHub\\\\PayMerch\\\\dataconnect\": could not find dataconnect.yaml in `c:\\Users\\DevAI Studio\\Documents\\GitHub\\PayMerch\\dataconnect`\n"}}
[debug] [2025-11-11T12:34:45.795Z] E1111 14:34:45.795537    6988 watch.go:31] Failed to load config from "c:\\Users\\DevAI Studio\\Documents\\GitHub\\PayMerch\\dataconnect": could not find dataconnect.yaml in `c:\Users\DevAI Studio\Documents\GitHub\PayMerch\dataconnect`
 {"metadata":{"emulator":{"name":"dataconnect"},"message":"E1111 14:34:45.795537    6988 watch.go:31] Failed to load config from \"c:\\\\Users\\\\DevAI Studio\\\\Documents\\\\GitHub\\\\PayMerch\\\\dataconnect\": could not find dataconnect.yaml in `c:\\Users\\DevAI Studio\\Documents\\GitHub\\PayMerch\\dataconnect`\n"}}
[debug] [2025-11-11T12:34:55.795Z] E1111 14:34:55.794960    6988 watch.go:31] Failed to load config from "c:\\Users\\DevAI Studio\\Documents\\GitHub\\PayMerch\\dataconnect": could not find dataconnect.yaml in `c:\Users\DevAI Studio\Documents\GitHub\PayMerch\dataconnect`
 {"metadata":{"emulator":{"name":"dataconnect"},"message":"E1111 14:34:55.794960    6988 watch.go:31] Failed to load config from \"c:\\\\Users\\\\DevAI Studio\\\\Documents\\\\GitHub\\\\PayMerch\\\\dataconnect\": could not find dataconnect.yaml in `c:\\Users\\DevAI Studio\\Documents\\GitHub\\PayMerch\\dataconnect`\n"}}
[debug] [2025-11-11T12:35:05.794Z] E1111 14:35:05.794366    6988 watch.go:31] Failed to load config from "c:\\Users\\DevAI Studio\\Documents\\GitHub\\PayMerch\\dataconnect": could not find dataconnect.yaml in `c:\Users\DevAI Studio\Documents\GitHub\PayMerch\dataconnect`
 {"metadata":{"emulator":{"name":"dataconnect"},"message":"E1111 14:35:05.794366    6988 watch.go:31] Failed to load config from \"c:\\\\Users\\\\DevAI Studio\\\\Documents\\\\GitHub\\\\PayMerch\\\\dataconnect\": could not find dataconnect.yaml in `c:\\Users\\DevAI Studio\\Documents\\GitHub\\PayMerch\\dataconnect`\n"}}
[debug] [2025-11-11T12:35:15.794Z] E1111 14:35:15.793660    6988 watch.go:31] Failed to load config from "c:\\Users\\DevAI Studio\\Documents\\GitHub\\PayMerch\\dataconnect": could not find dataconnect.yaml in `c:\Users\DevAI Studio\Documents\GitHub\PayMerch\dataconnect`
E1111 14:35:15.793660    6988 watch.go:102] watchAllDir unable to walk dir `c:\Users\DevAI Studio\Documents\GitHub\PayMerch\dataconnect`: CreateFile c:\Users\DevAI Studio\Documents\GitHub\PayMerch\dataconnect: The system cannot find the file specified.
 {"metadata":{"emulator":{"name":"dataconnect"},"message":"E1111 14:35:15.793660    6988 watch.go:31] Failed to load config from \"c:\\\\Users\\\\DevAI Studio\\\\Documents\\\\GitHub\\\\PayMerch\\\\dataconnect\": could not find dataconnect.yaml in `c:\\Users\\DevAI Studio\\Documents\\GitHub\\PayMerch\\dataconnect`\nE1111 14:35:15.793660    6988 watch.go:102] watchAllDir unable to walk dir `c:\\Users\\DevAI Studio\\Documents\\GitHub\\PayMerch\\dataconnect`: CreateFile c:\\Users\\DevAI Studio\\Documents\\GitHub\\PayMerch\\dataconnect: The system cannot find the file specified.\n"}}
[debug] [2025-11-11T12:35:25.794Z] E1111 14:35:25.794012    6988 watch.go:31] Failed to load config from "c:\\Users\\DevAI Studio\\Documents\\GitHub\\PayMerch\\dataconnect": could not find dataconnect.yaml in `c:\Users\DevAI Studio\Documents\GitHub\PayMerch\dataconnect`
 {"metadata":{"emulator":{"name":"dataconnect"},"message":"E1111 14:35:25.794012    6988 watch.go:31] Failed to load config from \"c:\\\\Users\\\\DevAI Studio\\\\Documents\\\\GitHub\\\\PayMerch\\\\dataconnect\": could not find dataconnect.yaml in `c:\\Users\\DevAI Studio\\Documents\\GitHub\\PayMerch\\dataconnect`\n"}}
[debug] [2025-11-11T12:35:35.795Z] E1111 14:35:35.795261    6988 watch.go:31] Failed to load config from "c:\\Users\\DevAI Studio\\Documents\\GitHub\\PayMerch\\dataconnect": could not find dataconnect.yaml in `c:\Users\DevAI Studio\Documents\GitHub\PayMerch\dataconnect`
 {"metadata":{"emulator":{"name":"dataconnect"},"message":"E1111 14:35:35.795261    6988 watch.go:31] Failed to load config from \"c:\\\\Users\\\\DevAI Studio\\\\Documents\\\\GitHub\\\\PayMerch\\\\dataconnect\": could not find dataconnect.yaml in `c:\\Users\\DevAI Studio\\Documents\\GitHub\\PayMerch\\dataconnect`\n"}}
[debug] [2025-11-11T12:35:45.795Z] E1111 14:35:45.795424    6988 watch.go:31] Failed to load config from "c:\\Users\\DevAI Studio\\Documents\\GitHub\\PayMerch\\dataconnect": could not find dataconnect.yaml in `c:\Users\DevAI Studio\Documents\GitHub\PayMerch\dataconnect`
 {"metadata":{"emulator":{"name":"dataconnect"},"message":"E1111 14:35:45.795424    6988 watch.go:31] Failed to load config from \"c:\\\\Users\\\\DevAI Studio\\\\Documents\\\\GitHub\\\\PayMerch\\\\dataconnect\": could not find dataconnect.yaml in `c:\\Users\\DevAI Studio\\Documents\\GitHub\\PayMerch\\dataconnect`\n"}}
[debug] [2025-11-11T12:35:55.795Z] E1111 14:35:55.795191    6988 watch.go:31] Failed to load config from "c:\\Users\\DevAI Studio\\Documents\\GitHub\\PayMerch\\dataconnect": could not find dataconnect.yaml in `c:\Users\DevAI Studio\Documents\GitHub\PayMerch\dataconnect`
 {"metadata":{"emulator":{"name":"dataconnect"},"message":"E1111 14:35:55.795191    6988 watch.go:31] Failed to load config from \"c:\\\\Users\\\\DevAI Studio\\\\Documents\\\\GitHub\\\\PayMerch\\\\dataconnect\": could not find dataconnect.yaml in `c:\\Users\\DevAI Studio\\Documents\\GitHub\\PayMerch\\dataconnect`\n"}}
[debug] [2025-11-11T12:36:05.795Z] E1111 14:36:05.795348    6988 watch.go:31] Failed to load config from "c:\\Users\\DevAI Studio\\Documents\\GitHub\\PayMerch\\dataconnect": could not find dataconnect.yaml in `c:\Users\DevAI Studio\Documents\GitHub\PayMerch\dataconnect`
 {"metadata":{"emulator":{"name":"dataconnect"},"message":"E1111 14:36:05.795348    6988 watch.go:31] Failed to load config from \"c:\\\\Users\\\\DevAI Studio\\\\Documents\\\\GitHub\\\\PayMerch\\\\dataconnect\": could not find dataconnect.yaml in `c:\\Users\\DevAI Studio\\Documents\\GitHub\\PayMerch\\dataconnect`\n"}}
[debug] [2025-11-11T12:36:15.795Z] E1111 14:36:15.795508    6988 watch.go:31] Failed to load config from "c:\\Users\\DevAI Studio\\Documents\\GitHub\\PayMerch\\dataconnect": could not find dataconnect.yaml in `c:\Users\DevAI Studio\Documents\GitHub\PayMerch\dataconnect`
 {"metadata":{"emulator":{"name":"dataconnect"},"message":"E1111 14:36:15.795508    6988 watch.go:31] Failed to load config from \"c:\\\\Users\\\\DevAI Studio\\\\Documents\\\\GitHub\\\\PayMerch\\\\dataconnect\": could not find dataconnect.yaml in `c:\\Users\\DevAI Studio\\Documents\\GitHub\\PayMerch\\dataconnect`\n"}}
[debug] [2025-11-11T12:36:25.794Z] E1111 14:36:25.794781    6988 watch.go:31] Failed to load config from "c:\\Users\\DevAI Studio\\Documents\\GitHub\\PayMerch\\dataconnect": could not find dataconnect.yaml in `c:\Users\DevAI Studio\Documents\GitHub\PayMerch\dataconnect`
 {"metadata":{"emulator":{"name":"dataconnect"},"message":"E1111 14:36:25.794781    6988 watch.go:31] Failed to load config from \"c:\\\\Users\\\\DevAI Studio\\\\Documents\\\\GitHub\\\\PayMerch\\\\dataconnect\": could not find dataconnect.yaml in `c:\\Users\\DevAI Studio\\Documents\\GitHub\\PayMerch\\dataconnect`\n"}}
[debug] [2025-11-11T12:36:35.794Z] E1111 14:36:35.794219    6988 watch.go:31] Failed to load config from "c:\\Users\\DevAI Studio\\Documents\\GitHub\\PayMerch\\dataconnect": could not find dataconnect.yaml in `c:\Users\DevAI Studio\Documents\GitHub\PayMerch\dataconnect`
 {"metadata":{"emulator":{"name":"dataconnect"},"message":"E1111 14:36:35.794219    6988 watch.go:31] Failed to load config from \"c:\\\\Users\\\\DevAI Studio\\\\Documents\\\\GitHub\\\\PayMerch\\\\dataconnect\": could not find dataconnect.yaml in `c:\\Users\\DevAI Studio\\Documents\\GitHub\\PayMerch\\dataconnect`\n"}}
[debug] [2025-11-11T12:36:45.795Z] E1111 14:36:45.795386    6988 watch.go:31] Failed to load config from "c:\\Users\\DevAI Studio\\Documents\\GitHub\\PayMerch\\dataconnect": could not find dataconnect.yaml in `c:\Users\DevAI Studio\Documents\GitHub\PayMerch\dataconnect`
 {"metadata":{"emulator":{"name":"dataconnect"},"message":"E1111 14:36:45.795386    6988 watch.go:31] Failed to load config from \"c:\\\\Users\\\\DevAI Studio\\\\Documents\\\\GitHub\\\\PayMerch\\\\dataconnect\": could not find dataconnect.yaml in `c:\\Users\\DevAI Studio\\Documents\\GitHub\\PayMerch\\dataconnect`\n"}}
[debug] [2025-11-11T12:36:55.795Z] E1111 14:36:55.794531    6988 watch.go:31] Failed to load config from "c:\\Users\\DevAI Studio\\Documents\\GitHub\\PayMerch\\dataconnect": could not find dataconnect.yaml in `c:\Users\DevAI Studio\Documents\GitHub\PayMerch\dataconnect`
 {"metadata":{"emulator":{"name":"dataconnect"},"message":"E1111 14:36:55.794531    6988 watch.go:31] Failed to load config from \"c:\\\\Users\\\\DevAI Studio\\\\Documents\\\\GitHub\\\\PayMerch\\\\dataconnect\": could not find dataconnect.yaml in `c:\\Users\\DevAI Studio\\Documents\\GitHub\\PayMerch\\dataconnect`\n"}}
[debug] [2025-11-11T12:37:05.797Z] E1111 14:37:05.796880    6988 watch.go:31] Failed to load config from "c:\\Users\\DevAI Studio\\Documents\\GitHub\\PayMerch\\dataconnect": could not find dataconnect.yaml in `c:\Users\DevAI Studio\Documents\GitHub\PayMerch\dataconnect`
 {"metadata":{"emulator":{"name":"dataconnect"},"message":"E1111 14:37:05.796880    6988 watch.go:31] Failed to load config from \"c:\\\\Users\\\\DevAI Studio\\\\Documents\\\\GitHub\\\\PayMerch\\\\dataconnect\": could not find dataconnect.yaml in `c:\\Users\\DevAI Studio\\Documents\\GitHub\\PayMerch\\dataconnect`\n"}}
[debug] [2025-11-11T12:37:15.795Z] E1111 14:37:15.795090    6988 watch.go:31] Failed to load config from "c:\\Users\\DevAI Studio\\Documents\\GitHub\\PayMerch\\dataconnect": could not find dataconnect.yaml in `c:\Users\DevAI Studio\Documents\GitHub\PayMerch\dataconnect`
E1111 14:37:15.795602    6988 watch.go:102] watchAllDir unable to walk dir `c:\Users\DevAI Studio\Documents\GitHub\PayMerch\dataconnect`: CreateFile c:\Users\DevAI Studio\Documents\GitHub\PayMerch\dataconnect: The system cannot find the file specified.
 {"metadata":{"emulator":{"name":"dataconnect"},"message":"E1111 14:37:15.795090    6988 watch.go:31] Failed to load config from \"c:\\\\Users\\\\DevAI Studio\\\\Documents\\\\GitHub\\\\PayMerch\\\\dataconnect\": could not find dataconnect.yaml in `c:\\Users\\DevAI Studio\\Documents\\GitHub\\PayMerch\\dataconnect`\nE1111 14:37:15.795602    6988 watch.go:102] watchAllDir unable to walk dir `c:\\Users\\DevAI Studio\\Documents\\GitHub\\PayMerch\\dataconnect`: CreateFile c:\\Users\\DevAI Studio\\Documents\\GitHub\\PayMerch\\dataconnect: The system cannot find the file specified.\n"}}
[debug] [2025-11-11T12:37:25.795Z] E1111 14:37:25.794715    6988 watch.go:31] Failed to load config from "c:\\Users\\DevAI Studio\\Documents\\GitHub\\PayMerch\\dataconnect": could not find dataconnect.yaml in `c:\Users\DevAI Studio\Documents\GitHub\PayMerch\dataconnect`
 {"metadata":{"emulator":{"name":"dataconnect"},"message":"E1111 14:37:25.794715    6988 watch.go:31] Failed to load config from \"c:\\\\Users\\\\DevAI Studio\\\\Documents\\\\GitHub\\\\PayMerch\\\\dataconnect\": could not find dataconnect.yaml in `c:\\Users\\DevAI Studio\\Documents\\GitHub\\PayMerch\\dataconnect`\n"}}
[debug] [2025-11-11T12:37:35.795Z] E1111 14:37:35.794525    6988 watch.go:31] Failed to load config from "c:\\Users\\DevAI Studio\\Documents\\GitHub\\PayMerch\\dataconnect": could not find dataconnect.yaml in `c:\Users\DevAI Studio\Documents\GitHub\PayMerch\dataconnect`
 {"metadata":{"emulator":{"name":"dataconnect"},"message":"E1111 14:37:35.794525    6988 watch.go:31] Failed to load config from \"c:\\\\Users\\\\DevAI Studio\\\\Documents\\\\GitHub\\\\PayMerch\\\\dataconnect\": could not find dataconnect.yaml in `c:\\Users\\DevAI Studio\\Documents\\GitHub\\PayMerch\\dataconnect`\n"}}
[debug] [2025-11-11T12:37:45.794Z] E1111 14:37:45.793977    6988 watch.go:31] Failed to load config from "c:\\Users\\DevAI Studio\\Documents\\GitHub\\PayMerch\\dataconnect": could not find dataconnect.yaml in `c:\Users\DevAI Studio\Documents\GitHub\PayMerch\dataconnect`
 {"metadata":{"emulator":{"name":"dataconnect"},"message":"E1111 14:37:45.793977    6988 watch.go:31] Failed to load config from \"c:\\\\Users\\\\DevAI Studio\\\\Documents\\\\GitHub\\\\PayMerch\\\\dataconnect\": could not find dataconnect.yaml in `c:\\Users\\DevAI Studio\\Documents\\GitHub\\PayMerch\\dataconnect`\n"}}
[debug] [2025-11-11T12:37:55.796Z] E1111 14:37:55.796614    6988 watch.go:31] Failed to load config from "c:\\Users\\DevAI Studio\\Documents\\GitHub\\PayMerch\\dataconnect": could not find dataconnect.yaml in `c:\Users\DevAI Studio\Documents\GitHub\PayMerch\dataconnect`
 {"metadata":{"emulator":{"name":"dataconnect"},"message":"E1111 14:37:55.796614    6988 watch.go:31] Failed to load config from \"c:\\\\Users\\\\DevAI Studio\\\\Documents\\\\GitHub\\\\PayMerch\\\\dataconnect\": could not find dataconnect.yaml in `c:\\Users\\DevAI Studio\\Documents\\GitHub\\PayMerch\\dataconnect`\n"}}
[debug] [2025-11-11T12:38:05.794Z] E1111 14:38:05.794863    6988 watch.go:31] Failed to load config from "c:\\Users\\DevAI Studio\\Documents\\GitHub\\PayMerch\\dataconnect": could not find dataconnect.yaml in `c:\Users\DevAI Studio\Documents\GitHub\PayMerch\dataconnect`
 {"metadata":{"emulator":{"name":"dataconnect"},"message":"E1111 14:38:05.794863    6988 watch.go:31] Failed to load config from \"c:\\\\Users\\\\DevAI Studio\\\\Documents\\\\GitHub\\\\PayMerch\\\\dataconnect\": could not find dataconnect.yaml in `c:\\Users\\DevAI Studio\\Documents\\GitHub\\PayMerch\\dataconnect`\n"}}
[debug] [2025-11-11T12:38:15.796Z] E1111 14:38:15.796454    6988 watch.go:31] Failed to load config from "c:\\Users\\DevAI Studio\\Documents\\GitHub\\PayMerch\\dataconnect": could not find dataconnect.yaml in `c:\Users\DevAI Studio\Documents\GitHub\PayMerch\dataconnect`
 {"metadata":{"emulator":{"name":"dataconnect"},"message":"E1111 14:38:15.796454    6988 watch.go:31] Failed to load config from \"c:\\\\Users\\\\DevAI Studio\\\\Documents\\\\GitHub\\\\PayMerch\\\\dataconnect\": could not find dataconnect.yaml in `c:\\Users\\DevAI Studio\\Documents\\GitHub\\PayMerch\\dataconnect`\n"}}
[debug] [2025-11-11T12:38:25.794Z] E1111 14:38:25.794729    6988 watch.go:31] Failed to load config from "c:\\Users\\DevAI Studio\\Documents\\GitHub\\PayMerch\\dataconnect": could not find dataconnect.yaml in `c:\Users\DevAI Studio\Documents\GitHub\PayMerch\dataconnect`
 {"metadata":{"emulator":{"name":"dataconnect"},"message":"E1111 14:38:25.794729    6988 watch.go:31] Failed to load config from \"c:\\\\Users\\\\DevAI Studio\\\\Documents\\\\GitHub\\\\PayMerch\\\\dataconnect\": could not find dataconnect.yaml in `c:\\Users\\DevAI Studio\\Documents\\GitHub\\PayMerch\\dataconnect`\n"}}
[debug] [2025-11-11T12:38:35.795Z] E1111 14:38:35.795334    6988 watch.go:31] Failed to load config from "c:\\Users\\DevAI Studio\\Documents\\GitHub\\PayMerch\\dataconnect": could not find dataconnect.yaml in `c:\Users\DevAI Studio\Documents\GitHub\PayMerch\dataconnect`
 {"metadata":{"emulator":{"name":"dataconnect"},"message":"E1111 14:38:35.795334    6988 watch.go:31] Failed to load config from \"c:\\\\Users\\\\DevAI Studio\\\\Documents\\\\GitHub\\\\PayMerch\\\\dataconnect\": could not find dataconnect.yaml in `c:\\Users\\DevAI Studio\\Documents\\GitHub\\PayMerch\\dataconnect`\n"}}
[debug] [2025-11-11T12:38:45.795Z] E1111 14:38:45.795261    6988 watch.go:31] Failed to load config from "c:\\Users\\DevAI Studio\\Documents\\GitHub\\PayMerch\\dataconnect": could not find dataconnect.yaml in `c:\Users\DevAI Studio\Documents\GitHub\PayMerch\dataconnect`
 {"metadata":{"emulator":{"name":"dataconnect"},"message":"E1111 14:38:45.795261    6988 watch.go:31] Failed to load config from \"c:\\\\Users\\\\DevAI Studio\\\\Documents\\\\GitHub\\\\PayMerch\\\\dataconnect\": could not find dataconnect.yaml in `c:\\Users\\DevAI Studio\\Documents\\GitHub\\PayMerch\\dataconnect`\n"}}
[debug] [2025-11-11T12:38:55.795Z] E1111 14:38:55.795653    6988 watch.go:31] Failed to load config from "c:\\Users\\DevAI Studio\\Documents\\GitHub\\PayMerch\\dataconnect": could not find dataconnect.yaml in `c:\Users\DevAI Studio\Documents\GitHub\PayMerch\dataconnect`
 {"metadata":{"emulator":{"name":"dataconnect"},"message":"E1111 14:38:55.795653    6988 watch.go:31] Failed to load config from \"c:\\\\Users\\\\DevAI Studio\\\\Documents\\\\GitHub\\\\PayMerch\\\\dataconnect\": could not find dataconnect.yaml in `c:\\Users\\DevAI Studio\\Documents\\GitHub\\PayMerch\\dataconnect`\n"}}
[debug] [2025-11-11T12:39:05.794Z] E1111 14:39:05.794378    6988 watch.go:31] Failed to load config from "c:\\Users\\DevAI Studio\\Documents\\GitHub\\PayMerch\\dataconnect": could not find dataconnect.yaml in `c:\Users\DevAI Studio\Documents\GitHub\PayMerch\dataconnect`
 {"metadata":{"emulator":{"name":"dataconnect"},"message":"E1111 14:39:05.794378    6988 watch.go:31] Failed to load config from \"c:\\\\Users\\\\DevAI Studio\\\\Documents\\\\GitHub\\\\PayMerch\\\\dataconnect\": could not find dataconnect.yaml in `c:\\Users\\DevAI Studio\\Documents\\GitHub\\PayMerch\\dataconnect`\n"}}
[debug] [2025-11-11T12:39:15.795Z] E1111 14:39:15.794897    6988 watch.go:31] Failed to load config from "c:\\Users\\DevAI Studio\\Documents\\GitHub\\PayMerch\\dataconnect": could not find dataconnect.yaml in `c:\Users\DevAI Studio\Documents\GitHub\PayMerch\dataconnect`
E1111 14:39:15.794897    6988 watch.go:102] watchAllDir unable to walk dir `c:\Users\DevAI Studio\Documents\GitHub\PayMerch\dataconnect`: CreateFile c:\Users\DevAI Studio\Documents\GitHub\PayMerch\dataconnect: The system cannot find the file specified.
 {"metadata":{"emulator":{"name":"dataconnect"},"message":"E1111 14:39:15.794897    6988 watch.go:31] Failed to load config from \"c:\\\\Users\\\\DevAI Studio\\\\Documents\\\\GitHub\\\\PayMerch\\\\dataconnect\": could not find dataconnect.yaml in `c:\\Users\\DevAI Studio\\Documents\\GitHub\\PayMerch\\dataconnect`\nE1111 14:39:15.794897    6988 watch.go:102] watchAllDir unable to walk dir `c:\\Users\\DevAI Studio\\Documents\\GitHub\\PayMerch\\dataconnect`: CreateFile c:\\Users\\DevAI Studio\\Documents\\GitHub\\PayMerch\\dataconnect: The system cannot find the file specified.\n"}}
[debug] [2025-11-11T12:39:25.794Z] E1111 14:39:25.795136    6988 watch.go:31] Failed to load config from "c:\\Users\\DevAI Studio\\Documents\\GitHub\\PayMerch\\dataconnect": could not find dataconnect.yaml in `c:\Users\DevAI Studio\Documents\GitHub\PayMerch\dataconnect`
 {"metadata":{"emulator":{"name":"dataconnect"},"message":"E1111 14:39:25.795136    6988 watch.go:31] Failed to load config from \"c:\\\\Users\\\\DevAI Studio\\\\Documents\\\\GitHub\\\\PayMerch\\\\dataconnect\": could not find dataconnect.yaml in `c:\\Users\\DevAI Studio\\Documents\\GitHub\\PayMerch\\dataconnect`\n"}}
[debug] [2025-11-11T12:39:35.793Z] E1111 14:39:35.793981    6988 watch.go:31] Failed to load config from "c:\\Users\\DevAI Studio\\Documents\\GitHub\\PayMerch\\dataconnect": could not find dataconnect.yaml in `c:\Users\DevAI Studio\Documents\GitHub\PayMerch\dataconnect`
 {"metadata":{"emulator":{"name":"dataconnect"},"message":"E1111 14:39:35.793981    6988 watch.go:31] Failed to load config from \"c:\\\\Users\\\\DevAI Studio\\\\Documents\\\\GitHub\\\\PayMerch\\\\dataconnect\": could not find dataconnect.yaml in `c:\\Users\\DevAI Studio\\Documents\\GitHub\\PayMerch\\dataconnect`\n"}}
[debug] [2025-11-11T12:39:45.796Z] E1111 14:39:45.795889    6988 watch.go:31] Failed to load config from "c:\\Users\\DevAI Studio\\Documents\\GitHub\\PayMerch\\dataconnect": could not find dataconnect.yaml in `c:\Users\DevAI Studio\Documents\GitHub\PayMerch\dataconnect`
 {"metadata":{"emulator":{"name":"dataconnect"},"message":"E1111 14:39:45.795889    6988 watch.go:31] Failed to load config from \"c:\\\\Users\\\\DevAI Studio\\\\Documents\\\\GitHub\\\\PayMerch\\\\dataconnect\": could not find dataconnect.yaml in `c:\\Users\\DevAI Studio\\Documents\\GitHub\\PayMerch\\dataconnect`\n"}}
[debug] [2025-11-11T12:39:55.796Z] E1111 14:39:55.794967    6988 watch.go:31] Failed to load config from "c:\\Users\\DevAI Studio\\Documents\\GitHub\\PayMerch\\dataconnect": could not find dataconnect.yaml in `c:\Users\DevAI Studio\Documents\GitHub\PayMerch\dataconnect`
 {"metadata":{"emulator":{"name":"dataconnect"},"message":"E1111 14:39:55.794967    6988 watch.go:31] Failed to load config from \"c:\\\\Users\\\\DevAI Studio\\\\Documents\\\\GitHub\\\\PayMerch\\\\dataconnect\": could not find dataconnect.yaml in `c:\\Users\\DevAI Studio\\Documents\\GitHub\\PayMerch\\dataconnect`\n"}}
[debug] [2025-11-11T12:40:05.795Z] E1111 14:40:05.794839    6988 watch.go:31] Failed to load config from "c:\\Users\\DevAI Studio\\Documents\\GitHub\\PayMerch\\dataconnect": could not find dataconnect.yaml in `c:\Users\DevAI Studio\Documents\GitHub\PayMerch\dataconnect`
 {"metadata":{"emulator":{"name":"dataconnect"},"message":"E1111 14:40:05.794839    6988 watch.go:31] Failed to load config from \"c:\\\\Users\\\\DevAI Studio\\\\Documents\\\\GitHub\\\\PayMerch\\\\dataconnect\": could not find dataconnect.yaml in `c:\\Users\\DevAI Studio\\Documents\\GitHub\\PayMerch\\dataconnect`\n"}}
[debug] [2025-11-11T12:40:15.795Z] E1111 14:40:15.795383    6988 watch.go:31] Failed to load config from "c:\\Users\\DevAI Studio\\Documents\\GitHub\\PayMerch\\dataconnect": could not find dataconnect.yaml in `c:\Users\DevAI Studio\Documents\GitHub\PayMerch\dataconnect`
 {"metadata":{"emulator":{"name":"dataconnect"},"message":"E1111 14:40:15.795383    6988 watch.go:31] Failed to load config from \"c:\\\\Users\\\\DevAI Studio\\\\Documents\\\\GitHub\\\\PayMerch\\\\dataconnect\": could not find dataconnect.yaml in `c:\\Users\\DevAI Studio\\Documents\\GitHub\\PayMerch\\dataconnect`\n"}}
[debug] [2025-11-11T12:40:25.796Z] E1111 14:40:25.795901    6988 watch.go:31] Failed to load config from "c:\\Users\\DevAI Studio\\Documents\\GitHub\\PayMerch\\dataconnect": could not find dataconnect.yaml in `c:\Users\DevAI Studio\Documents\GitHub\PayMerch\dataconnect`
 {"metadata":{"emulator":{"name":"dataconnect"},"message":"E1111 14:40:25.795901    6988 watch.go:31] Failed to load config from \"c:\\\\Users\\\\DevAI Studio\\\\Documents\\\\GitHub\\\\PayMerch\\\\dataconnect\": could not find dataconnect.yaml in `c:\\Users\\DevAI Studio\\Documents\\GitHub\\PayMerch\\dataconnect`\n"}}
[debug] [2025-11-11T12:40:35.795Z] E1111 14:40:35.794539    6988 watch.go:31] Failed to load config from "c:\\Users\\DevAI Studio\\Documents\\GitHub\\PayMerch\\dataconnect": could not find dataconnect.yaml in `c:\Users\DevAI Studio\Documents\GitHub\PayMerch\dataconnect`
 {"metadata":{"emulator":{"name":"dataconnect"},"message":"E1111 14:40:35.794539    6988 watch.go:31] Failed to load config from \"c:\\\\Users\\\\DevAI Studio\\\\Documents\\\\GitHub\\\\PayMerch\\\\dataconnect\": could not find dataconnect.yaml in `c:\\Users\\DevAI Studio\\Documents\\GitHub\\PayMerch\\dataconnect`\n"}}
[debug] [2025-11-11T12:40:45.794Z] E1111 14:40:45.794153    6988 watch.go:31] Failed to load config from "c:\\Users\\DevAI Studio\\Documents\\GitHub\\PayMerch\\dataconnect": could not find dataconnect.yaml in `c:\Users\DevAI Studio\Documents\GitHub\PayMerch\dataconnect`
 {"metadata":{"emulator":{"name":"dataconnect"},"message":"E1111 14:40:45.794153    6988 watch.go:31] Failed to load config from \"c:\\\\Users\\\\DevAI Studio\\\\Documents\\\\GitHub\\\\PayMerch\\\\dataconnect\": could not find dataconnect.yaml in `c:\\Users\\DevAI Studio\\Documents\\GitHub\\PayMerch\\dataconnect`\n"}}
[debug] [2025-11-11T12:40:55.795Z] E1111 14:40:55.795210    6988 watch.go:31] Failed to load config from "c:\\Users\\DevAI Studio\\Documents\\GitHub\\PayMerch\\dataconnect": could not find dataconnect.yaml in `c:\Users\DevAI Studio\Documents\GitHub\PayMerch\dataconnect`
 {"metadata":{"emulator":{"name":"dataconnect"},"message":"E1111 14:40:55.795210    6988 watch.go:31] Failed to load config from \"c:\\\\Users\\\\DevAI Studio\\\\Documents\\\\GitHub\\\\PayMerch\\\\dataconnect\": could not find dataconnect.yaml in `c:\\Users\\DevAI Studio\\Documents\\GitHub\\PayMerch\\dataconnect`\n"}}
[debug] [2025-11-11T12:41:05.795Z] E1111 14:41:05.794913    6988 watch.go:31] Failed to load config from "c:\\Users\\DevAI Studio\\Documents\\GitHub\\PayMerch\\dataconnect": could not find dataconnect.yaml in `c:\Users\DevAI Studio\Documents\GitHub\PayMerch\dataconnect`
 {"metadata":{"emulator":{"name":"dataconnect"},"message":"E1111 14:41:05.794913    6988 watch.go:31] Failed to load config from \"c:\\\\Users\\\\DevAI Studio\\\\Documents\\\\GitHub\\\\PayMerch\\\\dataconnect\": could not find dataconnect.yaml in `c:\\Users\\DevAI Studio\\Documents\\GitHub\\PayMerch\\dataconnect`\n"}}
[debug] [2025-11-11T12:41:15.796Z] E1111 14:41:15.795740    6988 watch.go:31] Failed to load config from "c:\\Users\\DevAI Studio\\Documents\\GitHub\\PayMerch\\dataconnect": could not find dataconnect.yaml in `c:\Users\DevAI Studio\Documents\GitHub\PayMerch\dataconnect`
E1111 14:41:15.795740    6988 watch.go:102] watchAllDir unable to walk dir `c:\Users\DevAI Studio\Documents\GitHub\PayMerch\dataconnect`: CreateFile c:\Users\DevAI Studio\Documents\GitHub\PayMerch\dataconnect: The system cannot find the file specified.
 {"metadata":{"emulator":{"name":"dataconnect"},"message":"E1111 14:41:15.795740    6988 watch.go:31] Failed to load config from \"c:\\\\Users\\\\DevAI Studio\\\\Documents\\\\GitHub\\\\PayMerch\\\\dataconnect\": could not find dataconnect.yaml in `c:\\Users\\DevAI Studio\\Documents\\GitHub\\PayMerch\\dataconnect`\nE1111 14:41:15.795740    6988 watch.go:102] watchAllDir unable to walk dir `c:\\Users\\DevAI Studio\\Documents\\GitHub\\PayMerch\\dataconnect`: CreateFile c:\\Users\\DevAI Studio\\Documents\\GitHub\\PayMerch\\dataconnect: The system cannot find the file specified.\n"}}
[debug] [2025-11-11T12:41:25.796Z] E1111 14:41:25.796236    6988 watch.go:31] Failed to load config from "c:\\Users\\DevAI Studio\\Documents\\GitHub\\PayMerch\\dataconnect": could not find dataconnect.yaml in `c:\Users\DevAI Studio\Documents\GitHub\PayMerch\dataconnect`
 {"metadata":{"emulator":{"name":"dataconnect"},"message":"E1111 14:41:25.796236    6988 watch.go:31] Failed to load config from \"c:\\\\Users\\\\DevAI Studio\\\\Documents\\\\GitHub\\\\PayMerch\\\\dataconnect\": could not find dataconnect.yaml in `c:\\Users\\DevAI Studio\\Documents\\GitHub\\PayMerch\\dataconnect`\n"}}
[debug] [2025-11-11T12:41:35.794Z] E1111 14:41:35.794337    6988 watch.go:31] Failed to load config from "c:\\Users\\DevAI Studio\\Documents\\GitHub\\PayMerch\\dataconnect": could not find dataconnect.yaml in `c:\Users\DevAI Studio\Documents\GitHub\PayMerch\dataconnect`
 {"metadata":{"emulator":{"name":"dataconnect"},"message":"E1111 14:41:35.794337    6988 watch.go:31] Failed to load config from \"c:\\\\Users\\\\DevAI Studio\\\\Documents\\\\GitHub\\\\PayMerch\\\\dataconnect\": could not find dataconnect.yaml in `c:\\Users\\DevAI Studio\\Documents\\GitHub\\PayMerch\\dataconnect`\n"}}
[debug] [2025-11-11T12:41:45.794Z] E1111 14:41:45.793971    6988 watch.go:31] Failed to load config from "c:\\Users\\DevAI Studio\\Documents\\GitHub\\PayMerch\\dataconnect": could not find dataconnect.yaml in `c:\Users\DevAI Studio\Documents\GitHub\PayMerch\dataconnect`
 {"metadata":{"emulator":{"name":"dataconnect"},"message":"E1111 14:41:45.793971    6988 watch.go:31] Failed to load config from \"c:\\\\Users\\\\DevAI Studio\\\\Documents\\\\GitHub\\\\PayMerch\\\\dataconnect\": could not find dataconnect.yaml in `c:\\Users\\DevAI Studio\\Documents\\GitHub\\PayMerch\\dataconnect`\n"}}
[debug] [2025-11-11T12:41:55.795Z] E1111 14:41:55.795102    6988 watch.go:31] Failed to load config from "c:\\Users\\DevAI Studio\\Documents\\GitHub\\PayMerch\\dataconnect": could not find dataconnect.yaml in `c:\Users\DevAI Studio\Documents\GitHub\PayMerch\dataconnect`
 {"metadata":{"emulator":{"name":"dataconnect"},"message":"E1111 14:41:55.795102    6988 watch.go:31] Failed to load config from \"c:\\\\Users\\\\DevAI Studio\\\\Documents\\\\GitHub\\\\PayMerch\\\\dataconnect\": could not find dataconnect.yaml in `c:\\Users\\DevAI Studio\\Documents\\GitHub\\PayMerch\\dataconnect`\n"}}
[debug] [2025-11-11T12:42:05.794Z] E1111 14:42:05.794628    6988 watch.go:31] Failed to load config from "c:\\Users\\DevAI Studio\\Documents\\GitHub\\PayMerch\\dataconnect": could not find dataconnect.yaml in `c:\Users\DevAI Studio\Documents\GitHub\PayMerch\dataconnect`
 {"metadata":{"emulator":{"name":"dataconnect"},"message":"E1111 14:42:05.794628    6988 watch.go:31] Failed to load config from \"c:\\\\Users\\\\DevAI Studio\\\\Documents\\\\GitHub\\\\PayMerch\\\\dataconnect\": could not find dataconnect.yaml in `c:\\Users\\DevAI Studio\\Documents\\GitHub\\PayMerch\\dataconnect`\n"}}
[debug] [2025-11-11T12:42:15.795Z] E1111 14:42:15.794360    6988 watch.go:31] Failed to load config from "c:\\Users\\DevAI Studio\\Documents\\GitHub\\PayMerch\\dataconnect": could not find dataconnect.yaml in `c:\Users\DevAI Studio\Documents\GitHub\PayMerch\dataconnect`
 {"metadata":{"emulator":{"name":"dataconnect"},"message":"E1111 14:42:15.794360    6988 watch.go:31] Failed to load config from \"c:\\\\Users\\\\DevAI Studio\\\\Documents\\\\GitHub\\\\PayMerch\\\\dataconnect\": could not find dataconnect.yaml in `c:\\Users\\DevAI Studio\\Documents\\GitHub\\PayMerch\\dataconnect`\n"}}
[debug] [2025-11-11T12:42:25.795Z] E1111 14:42:25.795484    6988 watch.go:31] Failed to load config from "c:\\Users\\DevAI Studio\\Documents\\GitHub\\PayMerch\\dataconnect": could not find dataconnect.yaml in `c:\Users\DevAI Studio\Documents\GitHub\PayMerch\dataconnect`
 {"metadata":{"emulator":{"name":"dataconnect"},"message":"E1111 14:42:25.795484    6988 watch.go:31] Failed to load config from \"c:\\\\Users\\\\DevAI Studio\\\\Documents\\\\GitHub\\\\PayMerch\\\\dataconnect\": could not find dataconnect.yaml in `c:\\Users\\DevAI Studio\\Documents\\GitHub\\PayMerch\\dataconnect`\n"}}
[debug] [2025-11-11T12:42:35.796Z] E1111 14:42:35.796390    6988 watch.go:31] Failed to load config from "c:\\Users\\DevAI Studio\\Documents\\GitHub\\PayMerch\\dataconnect": could not find dataconnect.yaml in `c:\Users\DevAI Studio\Documents\GitHub\PayMerch\dataconnect`
 {"metadata":{"emulator":{"name":"dataconnect"},"message":"E1111 14:42:35.796390    6988 watch.go:31] Failed to load config from \"c:\\\\Users\\\\DevAI Studio\\\\Documents\\\\GitHub\\\\PayMerch\\\\dataconnect\": could not find dataconnect.yaml in `c:\\Users\\DevAI Studio\\Documents\\GitHub\\PayMerch\\dataconnect`\n"}}
[debug] [2025-11-11T12:42:45.794Z] E1111 14:42:45.795309    6988 watch.go:31] Failed to load config from "c:\\Users\\DevAI Studio\\Documents\\GitHub\\PayMerch\\dataconnect": could not find dataconnect.yaml in `c:\Users\DevAI Studio\Documents\GitHub\PayMerch\dataconnect`
 {"metadata":{"emulator":{"name":"dataconnect"},"message":"E1111 14:42:45.795309    6988 watch.go:31] Failed to load config from \"c:\\\\Users\\\\DevAI Studio\\\\Documents\\\\GitHub\\\\PayMerch\\\\dataconnect\": could not find dataconnect.yaml in `c:\\Users\\DevAI Studio\\Documents\\GitHub\\PayMerch\\dataconnect`\n"}}
[debug] [2025-11-11T12:42:55.794Z] E1111 14:42:55.794290    6988 watch.go:31] Failed to load config from "c:\\Users\\DevAI Studio\\Documents\\GitHub\\PayMerch\\dataconnect": could not find dataconnect.yaml in `c:\Users\DevAI Studio\Documents\GitHub\PayMerch\dataconnect`
 {"metadata":{"emulator":{"name":"dataconnect"},"message":"E1111 14:42:55.794290    6988 watch.go:31] Failed to load config from \"c:\\\\Users\\\\DevAI Studio\\\\Documents\\\\GitHub\\\\PayMerch\\\\dataconnect\": could not find dataconnect.yaml in `c:\\Users\\DevAI Studio\\Documents\\GitHub\\PayMerch\\dataconnect`\n"}}
[debug] [2025-11-11T12:43:05.794Z] E1111 14:43:05.794722    6988 watch.go:31] Failed to load config from "c:\\Users\\DevAI Studio\\Documents\\GitHub\\PayMerch\\dataconnect": could not find dataconnect.yaml in `c:\Users\DevAI Studio\Documents\GitHub\PayMerch\dataconnect`
 {"metadata":{"emulator":{"name":"dataconnect"},"message":"E1111 14:43:05.794722    6988 watch.go:31] Failed to load config from \"c:\\\\Users\\\\DevAI Studio\\\\Documents\\\\GitHub\\\\PayMerch\\\\dataconnect\": could not find dataconnect.yaml in `c:\\Users\\DevAI Studio\\Documents\\GitHub\\PayMerch\\dataconnect`\n"}}
[debug] [2025-11-11T12:43:15.794Z] E1111 14:43:15.794080    6988 watch.go:31] Failed to load config from "c:\\Users\\DevAI Studio\\Documents\\GitHub\\PayMerch\\dataconnect": could not find dataconnect.yaml in `c:\Users\DevAI Studio\Documents\GitHub\PayMerch\dataconnect`
E1111 14:43:15.794080    6988 watch.go:102] watchAllDir unable to walk dir `c:\Users\DevAI Studio\Documents\GitHub\PayMerch\dataconnect`: CreateFile c:\Users\DevAI Studio\Documents\GitHub\PayMerch\dataconnect: The system cannot find the file specified.
 {"metadata":{"emulator":{"name":"dataconnect"},"message":"E1111 14:43:15.794080    6988 watch.go:31] Failed to load config from \"c:\\\\Users\\\\DevAI Studio\\\\Documents\\\\GitHub\\\\PayMerch\\\\dataconnect\": could not find dataconnect.yaml in `c:\\Users\\DevAI Studio\\Documents\\GitHub\\PayMerch\\dataconnect`\nE1111 14:43:15.794080    6988 watch.go:102] watchAllDir unable to walk dir `c:\\Users\\DevAI Studio\\Documents\\GitHub\\PayMerch\\dataconnect`: CreateFile c:\\Users\\DevAI Studio\\Documents\\GitHub\\PayMerch\\dataconnect: The system cannot find the file specified.\n"}}
[debug] [2025-11-11T12:43:25.795Z] E1111 14:43:25.795428    6988 watch.go:31] Failed to load config from "c:\\Users\\DevAI Studio\\Documents\\GitHub\\PayMerch\\dataconnect": could not find dataconnect.yaml in `c:\Users\DevAI Studio\Documents\GitHub\PayMerch\dataconnect`
 {"metadata":{"emulator":{"name":"dataconnect"},"message":"E1111 14:43:25.795428    6988 watch.go:31] Failed to load config from \"c:\\\\Users\\\\DevAI Studio\\\\Documents\\\\GitHub\\\\PayMerch\\\\dataconnect\": could not find dataconnect.yaml in `c:\\Users\\DevAI Studio\\Documents\\GitHub\\PayMerch\\dataconnect`\n"}}
[debug] [2025-11-11T12:43:35.793Z] E1111 14:43:35.794106    6988 watch.go:31] Failed to load config from "c:\\Users\\DevAI Studio\\Documents\\GitHub\\PayMerch\\dataconnect": could not find dataconnect.yaml in `c:\Users\DevAI Studio\Documents\GitHub\PayMerch\dataconnect`
 {"metadata":{"emulator":{"name":"dataconnect"},"message":"E1111 14:43:35.794106    6988 watch.go:31] Failed to load config from \"c:\\\\Users\\\\DevAI Studio\\\\Documents\\\\GitHub\\\\PayMerch\\\\dataconnect\": could not find dataconnect.yaml in `c:\\Users\\DevAI Studio\\Documents\\GitHub\\PayMerch\\dataconnect`\n"}}
[debug] [2025-11-11T12:43:45.794Z] E1111 14:43:45.793919    6988 watch.go:31] Failed to load config from "c:\\Users\\DevAI Studio\\Documents\\GitHub\\PayMerch\\dataconnect": could not find dataconnect.yaml in `c:\Users\DevAI Studio\Documents\GitHub\PayMerch\dataconnect`
 {"metadata":{"emulator":{"name":"dataconnect"},"message":"E1111 14:43:45.793919    6988 watch.go:31] Failed to load config from \"c:\\\\Users\\\\DevAI Studio\\\\Documents\\\\GitHub\\\\PayMerch\\\\dataconnect\": could not find dataconnect.yaml in `c:\\Users\\DevAI Studio\\Documents\\GitHub\\PayMerch\\dataconnect`\n"}}
[debug] [2025-11-11T12:43:55.795Z] E1111 14:43:55.795486    6988 watch.go:31] Failed to load config from "c:\\Users\\DevAI Studio\\Documents\\GitHub\\PayMerch\\dataconnect": could not find dataconnect.yaml in `c:\Users\DevAI Studio\Documents\GitHub\PayMerch\dataconnect`
 {"metadata":{"emulator":{"name":"dataconnect"},"message":"E1111 14:43:55.795486    6988 watch.go:31] Failed to load config from \"c:\\\\Users\\\\DevAI Studio\\\\Documents\\\\GitHub\\\\PayMerch\\\\dataconnect\": could not find dataconnect.yaml in `c:\\Users\\DevAI Studio\\Documents\\GitHub\\PayMerch\\dataconnect`\n"}}
[debug] [2025-11-11T12:44:05.794Z] E1111 14:44:05.794623    6988 watch.go:31] Failed to load config from "c:\\Users\\DevAI Studio\\Documents\\GitHub\\PayMerch\\dataconnect": could not find dataconnect.yaml in `c:\Users\DevAI Studio\Documents\GitHub\PayMerch\dataconnect`
 {"metadata":{"emulator":{"name":"dataconnect"},"message":"E1111 14:44:05.794623    6988 watch.go:31] Failed to load config from \"c:\\\\Users\\\\DevAI Studio\\\\Documents\\\\GitHub\\\\PayMerch\\\\dataconnect\": could not find dataconnect.yaml in `c:\\Users\\DevAI Studio\\Documents\\GitHub\\PayMerch\\dataconnect`\n"}}
[debug] [2025-11-11T12:44:15.794Z] E1111 14:44:15.794738    6988 watch.go:31] Failed to load config from "c:\\Users\\DevAI Studio\\Documents\\GitHub\\PayMerch\\dataconnect": could not find dataconnect.yaml in `c:\Users\DevAI Studio\Documents\GitHub\PayMerch\dataconnect`
 {"metadata":{"emulator":{"name":"dataconnect"},"message":"E1111 14:44:15.794738    6988 watch.go:31] Failed to load config from \"c:\\\\Users\\\\DevAI Studio\\\\Documents\\\\GitHub\\\\PayMerch\\\\dataconnect\": could not find dataconnect.yaml in `c:\\Users\\DevAI Studio\\Documents\\GitHub\\PayMerch\\dataconnect`\n"}}
[debug] [2025-11-11T12:44:25.795Z] E1111 14:44:25.795187    6988 watch.go:31] Failed to load config from "c:\\Users\\DevAI Studio\\Documents\\GitHub\\PayMerch\\dataconnect": could not find dataconnect.yaml in `c:\Users\DevAI Studio\Documents\GitHub\PayMerch\dataconnect`
 {"metadata":{"emulator":{"name":"dataconnect"},"message":"E1111 14:44:25.795187    6988 watch.go:31] Failed to load config from \"c:\\\\Users\\\\DevAI Studio\\\\Documents\\\\GitHub\\\\PayMerch\\\\dataconnect\": could not find dataconnect.yaml in `c:\\Users\\DevAI Studio\\Documents\\GitHub\\PayMerch\\dataconnect`\n"}}
[debug] [2025-11-11T12:44:35.794Z] E1111 14:44:35.794676    6988 watch.go:31] Failed to load config from "c:\\Users\\DevAI Studio\\Documents\\GitHub\\PayMerch\\dataconnect": could not find dataconnect.yaml in `c:\Users\DevAI Studio\Documents\GitHub\PayMerch\dataconnect`
 {"metadata":{"emulator":{"name":"dataconnect"},"message":"E1111 14:44:35.794676    6988 watch.go:31] Failed to load config from \"c:\\\\Users\\\\DevAI Studio\\\\Documents\\\\GitHub\\\\PayMerch\\\\dataconnect\": could not find dataconnect.yaml in `c:\\Users\\DevAI Studio\\Documents\\GitHub\\PayMerch\\dataconnect`\n"}}
[debug] [2025-11-11T12:44:45.794Z] E1111 14:44:45.794037    6988 watch.go:31] Failed to load config from "c:\\Users\\DevAI Studio\\Documents\\GitHub\\PayMerch\\dataconnect": could not find dataconnect.yaml in `c:\Users\DevAI Studio\Documents\GitHub\PayMerch\dataconnect`
 {"metadata":{"emulator":{"name":"dataconnect"},"message":"E1111 14:44:45.794037    6988 watch.go:31] Failed to load config from \"c:\\\\Users\\\\DevAI Studio\\\\Documents\\\\GitHub\\\\PayMerch\\\\dataconnect\": could not find dataconnect.yaml in `c:\\Users\\DevAI Studio\\Documents\\GitHub\\PayMerch\\dataconnect`\n"}}
[debug] [2025-11-11T12:44:55.795Z] E1111 14:44:55.793928    6988 watch.go:31] Failed to load config from "c:\\Users\\DevAI Studio\\Documents\\GitHub\\PayMerch\\dataconnect": could not find dataconnect.yaml in `c:\Users\DevAI Studio\Documents\GitHub\PayMerch\dataconnect`
 {"metadata":{"emulator":{"name":"dataconnect"},"message":"E1111 14:44:55.793928    6988 watch.go:31] Failed to load config from \"c:\\\\Users\\\\DevAI Studio\\\\Documents\\\\GitHub\\\\PayMerch\\\\dataconnect\": could not find dataconnect.yaml in `c:\\Users\\DevAI Studio\\Documents\\GitHub\\PayMerch\\dataconnect`\n"}}
[debug] [2025-11-11T12:45:05.795Z] E1111 14:45:05.794645    6988 watch.go:31] Failed to load config from "c:\\Users\\DevAI Studio\\Documents\\GitHub\\PayMerch\\dataconnect": could not find dataconnect.yaml in `c:\Users\DevAI Studio\Documents\GitHub\PayMerch\dataconnect`
 {"metadata":{"emulator":{"name":"dataconnect"},"message":"E1111 14:45:05.794645    6988 watch.go:31] Failed to load config from \"c:\\\\Users\\\\DevAI Studio\\\\Documents\\\\GitHub\\\\PayMerch\\\\dataconnect\": could not find dataconnect.yaml in `c:\\Users\\DevAI Studio\\Documents\\GitHub\\PayMerch\\dataconnect`\n"}}
[debug] [2025-11-11T12:45:15.796Z] E1111 14:45:15.795317    6988 watch.go:31] Failed to load config from "c:\\Users\\DevAI Studio\\Documents\\GitHub\\PayMerch\\dataconnect": could not find dataconnect.yaml in `c:\Users\DevAI Studio\Documents\GitHub\PayMerch\dataconnect`
E1111 14:45:15.795317    6988 watch.go:102] watchAllDir unable to walk dir `c:\Users\DevAI Studio\Documents\GitHub\PayMerch\dataconnect`: CreateFile c:\Users\DevAI Studio\Documents\GitHub\PayMerch\dataconnect: The system cannot find the file specified.
 {"metadata":{"emulator":{"name":"dataconnect"},"message":"E1111 14:45:15.795317    6988 watch.go:31] Failed to load config from \"c:\\\\Users\\\\DevAI Studio\\\\Documents\\\\GitHub\\\\PayMerch\\\\dataconnect\": could not find dataconnect.yaml in `c:\\Users\\DevAI Studio\\Documents\\GitHub\\PayMerch\\dataconnect`\nE1111 14:45:15.795317    6988 watch.go:102] watchAllDir unable to walk dir `c:\\Users\\DevAI Studio\\Documents\\GitHub\\PayMerch\\dataconnect`: CreateFile c:\\Users\\DevAI Studio\\Documents\\GitHub\\PayMerch\\dataconnect: The system cannot find the file specified.\n"}}
[debug] [2025-11-11T12:45:25.795Z] E1111 14:45:25.794574    6988 watch.go:31] Failed to load config from "c:\\Users\\DevAI Studio\\Documents\\GitHub\\PayMerch\\dataconnect": could not find dataconnect.yaml in `c:\Users\DevAI Studio\Documents\GitHub\PayMerch\dataconnect`
 {"metadata":{"emulator":{"name":"dataconnect"},"message":"E1111 14:45:25.794574    6988 watch.go:31] Failed to load config from \"c:\\\\Users\\\\DevAI Studio\\\\Documents\\\\GitHub\\\\PayMerch\\\\dataconnect\": could not find dataconnect.yaml in `c:\\Users\\DevAI Studio\\Documents\\GitHub\\PayMerch\\dataconnect`\n"}}
[debug] [2025-11-11T12:45:35.795Z] E1111 14:45:35.794401    6988 watch.go:31] Failed to load config from "c:\\Users\\DevAI Studio\\Documents\\GitHub\\PayMerch\\dataconnect": could not find dataconnect.yaml in `c:\Users\DevAI Studio\Documents\GitHub\PayMerch\dataconnect`
 {"metadata":{"emulator":{"name":"dataconnect"},"message":"E1111 14:45:35.794401    6988 watch.go:31] Failed to load config from \"c:\\\\Users\\\\DevAI Studio\\\\Documents\\\\GitHub\\\\PayMerch\\\\dataconnect\": could not find dataconnect.yaml in `c:\\Users\\DevAI Studio\\Documents\\GitHub\\PayMerch\\dataconnect`\n"}}
[debug] [2025-11-11T12:45:45.794Z] E1111 14:45:45.793672    6988 watch.go:31] Failed to load config from "c:\\Users\\DevAI Studio\\Documents\\GitHub\\PayMerch\\dataconnect": could not find dataconnect.yaml in `c:\Users\DevAI Studio\Documents\GitHub\PayMerch\dataconnect`
 {"metadata":{"emulator":{"name":"dataconnect"},"message":"E1111 14:45:45.793672    6988 watch.go:31] Failed to load config from \"c:\\\\Users\\\\DevAI Studio\\\\Documents\\\\GitHub\\\\PayMerch\\\\dataconnect\": could not find dataconnect.yaml in `c:\\Users\\DevAI Studio\\Documents\\GitHub\\PayMerch\\dataconnect`\n"}}
[debug] [2025-11-11T12:45:55.796Z] E1111 14:45:55.795514    6988 watch.go:31] Failed to load config from "c:\\Users\\DevAI Studio\\Documents\\GitHub\\PayMerch\\dataconnect": could not find dataconnect.yaml in `c:\Users\DevAI Studio\Documents\GitHub\PayMerch\dataconnect`
 {"metadata":{"emulator":{"name":"dataconnect"},"message":"E1111 14:45:55.795514    6988 watch.go:31] Failed to load config from \"c:\\\\Users\\\\DevAI Studio\\\\Documents\\\\GitHub\\\\PayMerch\\\\dataconnect\": could not find dataconnect.yaml in `c:\\Users\\DevAI Studio\\Documents\\GitHub\\PayMerch\\dataconnect`\n"}}
[debug] [2025-11-11T12:46:05.796Z] E1111 14:46:05.795988    6988 watch.go:31] Failed to load config from "c:\\Users\\DevAI Studio\\Documents\\GitHub\\PayMerch\\dataconnect": could not find dataconnect.yaml in `c:\Users\DevAI Studio\Documents\GitHub\PayMerch\dataconnect`
 {"metadata":{"emulator":{"name":"dataconnect"},"message":"E1111 14:46:05.795988    6988 watch.go:31] Failed to load config from \"c:\\\\Users\\\\DevAI Studio\\\\Documents\\\\GitHub\\\\PayMerch\\\\dataconnect\": could not find dataconnect.yaml in `c:\\Users\\DevAI Studio\\Documents\\GitHub\\PayMerch\\dataconnect`\n"}}
[debug] [2025-11-11T12:46:15.794Z] E1111 14:46:15.794334    6988 watch.go:31] Failed to load config from "c:\\Users\\DevAI Studio\\Documents\\GitHub\\PayMerch\\dataconnect": could not find dataconnect.yaml in `c:\Users\DevAI Studio\Documents\GitHub\PayMerch\dataconnect`
 {"metadata":{"emulator":{"name":"dataconnect"},"message":"E1111 14:46:15.794334    6988 watch.go:31] Failed to load config from \"c:\\\\Users\\\\DevAI Studio\\\\Documents\\\\GitHub\\\\PayMerch\\\\dataconnect\": could not find dataconnect.yaml in `c:\\Users\\DevAI Studio\\Documents\\GitHub\\PayMerch\\dataconnect`\n"}}
[debug] [2025-11-11T12:46:25.795Z] E1111 14:46:25.794874    6988 watch.go:31] Failed to load config from "c:\\Users\\DevAI Studio\\Documents\\GitHub\\PayMerch\\dataconnect": could not find dataconnect.yaml in `c:\Users\DevAI Studio\Documents\GitHub\PayMerch\dataconnect`
 {"metadata":{"emulator":{"name":"dataconnect"},"message":"E1111 14:46:25.794874    6988 watch.go:31] Failed to load config from \"c:\\\\Users\\\\DevAI Studio\\\\Documents\\\\GitHub\\\\PayMerch\\\\dataconnect\": could not find dataconnect.yaml in `c:\\Users\\DevAI Studio\\Documents\\GitHub\\PayMerch\\dataconnect`\n"}}
[debug] [2025-11-11T12:46:35.796Z] E1111 14:46:35.796074    6988 watch.go:31] Failed to load config from "c:\\Users\\DevAI Studio\\Documents\\GitHub\\PayMerch\\dataconnect": could not find dataconnect.yaml in `c:\Users\DevAI Studio\Documents\GitHub\PayMerch\dataconnect`
 {"metadata":{"emulator":{"name":"dataconnect"},"message":"E1111 14:46:35.796074    6988 watch.go:31] Failed to load config from \"c:\\\\Users\\\\DevAI Studio\\\\Documents\\\\GitHub\\\\PayMerch\\\\dataconnect\": could not find dataconnect.yaml in `c:\\Users\\DevAI Studio\\Documents\\GitHub\\PayMerch\\dataconnect`\n"}}
[debug] [2025-11-11T12:46:45.795Z] E1111 14:46:45.795299    6988 watch.go:31] Failed to load config from "c:\\Users\\DevAI Studio\\Documents\\GitHub\\PayMerch\\dataconnect": could not find dataconnect.yaml in `c:\Users\DevAI Studio\Documents\GitHub\PayMerch\dataconnect`
 {"metadata":{"emulator":{"name":"dataconnect"},"message":"E1111 14:46:45.795299    6988 watch.go:31] Failed to load config from \"c:\\\\Users\\\\DevAI Studio\\\\Documents\\\\GitHub\\\\PayMerch\\\\dataconnect\": could not find dataconnect.yaml in `c:\\Users\\DevAI Studio\\Documents\\GitHub\\PayMerch\\dataconnect`\n"}}
[debug] [2025-11-11T12:46:55.795Z] E1111 14:46:55.794699    6988 watch.go:31] Failed to load config from "c:\\Users\\DevAI Studio\\Documents\\GitHub\\PayMerch\\dataconnect": could not find dataconnect.yaml in `c:\Users\DevAI Studio\Documents\GitHub\PayMerch\dataconnect`
 {"metadata":{"emulator":{"name":"dataconnect"},"message":"E1111 14:46:55.794699    6988 watch.go:31] Failed to load config from \"c:\\\\Users\\\\DevAI Studio\\\\Documents\\\\GitHub\\\\PayMerch\\\\dataconnect\": could not find dataconnect.yaml in `c:\\Users\\DevAI Studio\\Documents\\GitHub\\PayMerch\\dataconnect`\n"}}
[debug] [2025-11-11T12:47:05.795Z] E1111 14:47:05.795650    6988 watch.go:31] Failed to load config from "c:\\Users\\DevAI Studio\\Documents\\GitHub\\PayMerch\\dataconnect": could not find dataconnect.yaml in `c:\Users\DevAI Studio\Documents\GitHub\PayMerch\dataconnect`
 {"metadata":{"emulator":{"name":"dataconnect"},"message":"E1111 14:47:05.795650    6988 watch.go:31] Failed to load config from \"c:\\\\Users\\\\DevAI Studio\\\\Documents\\\\GitHub\\\\PayMerch\\\\dataconnect\": could not find dataconnect.yaml in `c:\\Users\\DevAI Studio\\Documents\\GitHub\\PayMerch\\dataconnect`\n"}}
[debug] [2025-11-11T12:47:15.794Z] E1111 14:47:15.793895    6988 watch.go:31] Failed to load config from "c:\\Users\\DevAI Studio\\Documents\\GitHub\\PayMerch\\dataconnect": could not find dataconnect.yaml in `c:\Users\DevAI Studio\Documents\GitHub\PayMerch\dataconnect`
E1111 14:47:15.793895    6988 watch.go:102] watchAllDir unable to walk dir `c:\Users\DevAI Studio\Documents\GitHub\PayMerch\dataconnect`: CreateFile c:\Users\DevAI Studio\Documents\GitHub\PayMerch\dataconnect: The system cannot find the file specified.
 {"metadata":{"emulator":{"name":"dataconnect"},"message":"E1111 14:47:15.793895    6988 watch.go:31] Failed to load config from \"c:\\\\Users\\\\DevAI Studio\\\\Documents\\\\GitHub\\\\PayMerch\\\\dataconnect\": could not find dataconnect.yaml in `c:\\Users\\DevAI Studio\\Documents\\GitHub\\PayMerch\\dataconnect`\nE1111 14:47:15.793895    6988 watch.go:102] watchAllDir unable to walk dir `c:\\Users\\DevAI Studio\\Documents\\GitHub\\PayMerch\\dataconnect`: CreateFile c:\\Users\\DevAI Studio\\Documents\\GitHub\\PayMerch\\dataconnect: The system cannot find the file specified.\n"}}
[debug] [2025-11-11T12:47:25.795Z] E1111 14:47:25.795460    6988 watch.go:31] Failed to load config from "c:\\Users\\DevAI Studio\\Documents\\GitHub\\PayMerch\\dataconnect": could not find dataconnect.yaml in `c:\Users\DevAI Studio\Documents\GitHub\PayMerch\dataconnect`
 {"metadata":{"emulator":{"name":"dataconnect"},"message":"E1111 14:47:25.795460    6988 watch.go:31] Failed to load config from \"c:\\\\Users\\\\DevAI Studio\\\\Documents\\\\GitHub\\\\PayMerch\\\\dataconnect\": could not find dataconnect.yaml in `c:\\Users\\DevAI Studio\\Documents\\GitHub\\PayMerch\\dataconnect`\n"}}
[debug] [2025-11-11T12:47:35.794Z] E1111 14:47:35.794558    6988 watch.go:31] Failed to load config from "c:\\Users\\DevAI Studio\\Documents\\GitHub\\PayMerch\\dataconnect": could not find dataconnect.yaml in `c:\Users\DevAI Studio\Documents\GitHub\PayMerch\dataconnect`
 {"metadata":{"emulator":{"name":"dataconnect"},"message":"E1111 14:47:35.794558    6988 watch.go:31] Failed to load config from \"c:\\\\Users\\\\DevAI Studio\\\\Documents\\\\GitHub\\\\PayMerch\\\\dataconnect\": could not find dataconnect.yaml in `c:\\Users\\DevAI Studio\\Documents\\GitHub\\PayMerch\\dataconnect`\n"}}
[debug] [2025-11-11T12:47:45.795Z] E1111 14:47:45.795180    6988 watch.go:31] Failed to load config from "c:\\Users\\DevAI Studio\\Documents\\GitHub\\PayMerch\\dataconnect": could not find dataconnect.yaml in `c:\Users\DevAI Studio\Documents\GitHub\PayMerch\dataconnect`
 {"metadata":{"emulator":{"name":"dataconnect"},"message":"E1111 14:47:45.795180    6988 watch.go:31] Failed to load config from \"c:\\\\Users\\\\DevAI Studio\\\\Documents\\\\GitHub\\\\PayMerch\\\\dataconnect\": could not find dataconnect.yaml in `c:\\Users\\DevAI Studio\\Documents\\GitHub\\PayMerch\\dataconnect`\n"}}
[debug] [2025-11-11T12:47:55.795Z] E1111 14:47:55.794732    6988 watch.go:31] Failed to load config from "c:\\Users\\DevAI Studio\\Documents\\GitHub\\PayMerch\\dataconnect": could not find dataconnect.yaml in `c:\Users\DevAI Studio\Documents\GitHub\PayMerch\dataconnect`
 {"metadata":{"emulator":{"name":"dataconnect"},"message":"E1111 14:47:55.794732    6988 watch.go:31] Failed to load config from \"c:\\\\Users\\\\DevAI Studio\\\\Documents\\\\GitHub\\\\PayMerch\\\\dataconnect\": could not find dataconnect.yaml in `c:\\Users\\DevAI Studio\\Documents\\GitHub\\PayMerch\\dataconnect`\n"}}
[debug] [2025-11-11T12:48:05.795Z] E1111 14:48:05.795056    6988 watch.go:31] Failed to load config from "c:\\Users\\DevAI Studio\\Documents\\GitHub\\PayMerch\\dataconnect": could not find dataconnect.yaml in `c:\Users\DevAI Studio\Documents\GitHub\PayMerch\dataconnect`
 {"metadata":{"emulator":{"name":"dataconnect"},"message":"E1111 14:48:05.795056    6988 watch.go:31] Failed to load config from \"c:\\\\Users\\\\DevAI Studio\\\\Documents\\\\GitHub\\\\PayMerch\\\\dataconnect\": could not find dataconnect.yaml in `c:\\Users\\DevAI Studio\\Documents\\GitHub\\PayMerch\\dataconnect`\n"}}
[debug] [2025-11-11T12:48:15.795Z] E1111 14:48:15.794906    6988 watch.go:31] Failed to load config from "c:\\Users\\DevAI Studio\\Documents\\GitHub\\PayMerch\\dataconnect": could not find dataconnect.yaml in `c:\Users\DevAI Studio\Documents\GitHub\PayMerch\dataconnect`
 {"metadata":{"emulator":{"name":"dataconnect"},"message":"E1111 14:48:15.794906    6988 watch.go:31] Failed to load config from \"c:\\\\Users\\\\DevAI Studio\\\\Documents\\\\GitHub\\\\PayMerch\\\\dataconnect\": could not find dataconnect.yaml in `c:\\Users\\DevAI Studio\\Documents\\GitHub\\PayMerch\\dataconnect`\n"}}
[debug] [2025-11-11T12:48:25.795Z] E1111 14:48:25.794891    6988 watch.go:31] Failed to load config from "c:\\Users\\DevAI Studio\\Documents\\GitHub\\PayMerch\\dataconnect": could not find dataconnect.yaml in `c:\Users\DevAI Studio\Documents\GitHub\PayMerch\dataconnect`
 {"metadata":{"emulator":{"name":"dataconnect"},"message":"E1111 14:48:25.794891    6988 watch.go:31] Failed to load config from \"c:\\\\Users\\\\DevAI Studio\\\\Documents\\\\GitHub\\\\PayMerch\\\\dataconnect\": could not find dataconnect.yaml in `c:\\Users\\DevAI Studio\\Documents\\GitHub\\PayMerch\\dataconnect`\n"}}
[debug] [2025-11-11T12:48:35.795Z] E1111 14:48:35.794763    6988 watch.go:31] Failed to load config from "c:\\Users\\DevAI Studio\\Documents\\GitHub\\PayMerch\\dataconnect": could not find dataconnect.yaml in `c:\Users\DevAI Studio\Documents\GitHub\PayMerch\dataconnect`
 {"metadata":{"emulator":{"name":"dataconnect"},"message":"E1111 14:48:35.794763    6988 watch.go:31] Failed to load config from \"c:\\\\Users\\\\DevAI Studio\\\\Documents\\\\GitHub\\\\PayMerch\\\\dataconnect\": could not find dataconnect.yaml in `c:\\Users\\DevAI Studio\\Documents\\GitHub\\PayMerch\\dataconnect`\n"}}
[debug] [2025-11-11T12:48:45.794Z] E1111 14:48:45.794378    6988 watch.go:31] Failed to load config from "c:\\Users\\DevAI Studio\\Documents\\GitHub\\PayMerch\\dataconnect": could not find dataconnect.yaml in `c:\Users\DevAI Studio\Documents\GitHub\PayMerch\dataconnect`
 {"metadata":{"emulator":{"name":"dataconnect"},"message":"E1111 14:48:45.794378    6988 watch.go:31] Failed to load config from \"c:\\\\Users\\\\DevAI Studio\\\\Documents\\\\GitHub\\\\PayMerch\\\\dataconnect\": could not find dataconnect.yaml in `c:\\Users\\DevAI Studio\\Documents\\GitHub\\PayMerch\\dataconnect`\n"}}
[debug] [2025-11-11T12:48:55.795Z] E1111 14:48:55.795418    6988 watch.go:31] Failed to load config from "c:\\Users\\DevAI Studio\\Documents\\GitHub\\PayMerch\\dataconnect": could not find dataconnect.yaml in `c:\Users\DevAI Studio\Documents\GitHub\PayMerch\dataconnect`
 {"metadata":{"emulator":{"name":"dataconnect"},"message":"E1111 14:48:55.795418    6988 watch.go:31] Failed to load config from \"c:\\\\Users\\\\DevAI Studio\\\\Documents\\\\GitHub\\\\PayMerch\\\\dataconnect\": could not find dataconnect.yaml in `c:\\Users\\DevAI Studio\\Documents\\GitHub\\PayMerch\\dataconnect`\n"}}
[debug] [2025-11-11T12:49:05.794Z] E1111 14:49:05.794413    6988 watch.go:31] Failed to load config from "c:\\Users\\DevAI Studio\\Documents\\GitHub\\PayMerch\\dataconnect": could not find dataconnect.yaml in `c:\Users\DevAI Studio\Documents\GitHub\PayMerch\dataconnect`
 {"metadata":{"emulator":{"name":"dataconnect"},"message":"E1111 14:49:05.794413    6988 watch.go:31] Failed to load config from \"c:\\\\Users\\\\DevAI Studio\\\\Documents\\\\GitHub\\\\PayMerch\\\\dataconnect\": could not find dataconnect.yaml in `c:\\Users\\DevAI Studio\\Documents\\GitHub\\PayMerch\\dataconnect`\n"}}
[debug] [2025-11-11T12:49:15.794Z] E1111 14:49:15.794247    6988 watch.go:31] Failed to load config from "c:\\Users\\DevAI Studio\\Documents\\GitHub\\PayMerch\\dataconnect": could not find dataconnect.yaml in `c:\Users\DevAI Studio\Documents\GitHub\PayMerch\dataconnect`
E1111 14:49:15.794617    6988 watch.go:102] watchAllDir unable to walk dir `c:\Users\DevAI Studio\Documents\GitHub\PayMerch\dataconnect`: CreateFile c:\Users\DevAI Studio\Documents\GitHub\PayMerch\dataconnect: The system cannot find the file specified.
 {"metadata":{"emulator":{"name":"dataconnect"},"message":"E1111 14:49:15.794247    6988 watch.go:31] Failed to load config from \"c:\\\\Users\\\\DevAI Studio\\\\Documents\\\\GitHub\\\\PayMerch\\\\dataconnect\": could not find dataconnect.yaml in `c:\\Users\\DevAI Studio\\Documents\\GitHub\\PayMerch\\dataconnect`\nE1111 14:49:15.794617    6988 watch.go:102] watchAllDir unable to walk dir `c:\\Users\\DevAI Studio\\Documents\\GitHub\\PayMerch\\dataconnect`: CreateFile c:\\Users\\DevAI Studio\\Documents\\GitHub\\PayMerch\\dataconnect: The system cannot find the file specified.\n"}}
[debug] [2025-11-11T12:49:25.794Z] E1111 14:49:25.794139    6988 watch.go:31] Failed to load config from "c:\\Users\\DevAI Studio\\Documents\\GitHub\\PayMerch\\dataconnect": could not find dataconnect.yaml in `c:\Users\DevAI Studio\Documents\GitHub\PayMerch\dataconnect`
 {"metadata":{"emulator":{"name":"dataconnect"},"message":"E1111 14:49:25.794139    6988 watch.go:31] Failed to load config from \"c:\\\\Users\\\\DevAI Studio\\\\Documents\\\\GitHub\\\\PayMerch\\\\dataconnect\": could not find dataconnect.yaml in `c:\\Users\\DevAI Studio\\Documents\\GitHub\\PayMerch\\dataconnect`\n"}}
[debug] [2025-11-11T12:49:35.794Z] E1111 14:49:35.794515    6988 watch.go:31] Failed to load config from "c:\\Users\\DevAI Studio\\Documents\\GitHub\\PayMerch\\dataconnect": could not find dataconnect.yaml in `c:\Users\DevAI Studio\Documents\GitHub\PayMerch\dataconnect`
 {"metadata":{"emulator":{"name":"dataconnect"},"message":"E1111 14:49:35.794515    6988 watch.go:31] Failed to load config from \"c:\\\\Users\\\\DevAI Studio\\\\Documents\\\\GitHub\\\\PayMerch\\\\dataconnect\": could not find dataconnect.yaml in `c:\\Users\\DevAI Studio\\Documents\\GitHub\\PayMerch\\dataconnect`\n"}}
[debug] [2025-11-11T12:49:45.794Z] E1111 14:49:45.793846    6988 watch.go:31] Failed to load config from "c:\\Users\\DevAI Studio\\Documents\\GitHub\\PayMerch\\dataconnect": could not find dataconnect.yaml in `c:\Users\DevAI Studio\Documents\GitHub\PayMerch\dataconnect`
 {"metadata":{"emulator":{"name":"dataconnect"},"message":"E1111 14:49:45.793846    6988 watch.go:31] Failed to load config from \"c:\\\\Users\\\\DevAI Studio\\\\Documents\\\\GitHub\\\\PayMerch\\\\dataconnect\": could not find dataconnect.yaml in `c:\\Users\\DevAI Studio\\Documents\\GitHub\\PayMerch\\dataconnect`\n"}}
[debug] [2025-11-11T12:49:55.795Z] E1111 14:49:55.795851    6988 watch.go:31] Failed to load config from "c:\\Users\\DevAI Studio\\Documents\\GitHub\\PayMerch\\dataconnect": could not find dataconnect.yaml in `c:\Users\DevAI Studio\Documents\GitHub\PayMerch\dataconnect`
 {"metadata":{"emulator":{"name":"dataconnect"},"message":"E1111 14:49:55.795851    6988 watch.go:31] Failed to load config from \"c:\\\\Users\\\\DevAI Studio\\\\Documents\\\\GitHub\\\\PayMerch\\\\dataconnect\": could not find dataconnect.yaml in `c:\\Users\\DevAI Studio\\Documents\\GitHub\\PayMerch\\dataconnect`\n"}}
[debug] [2025-11-11T12:50:05.794Z] E1111 14:50:05.794134    6988 watch.go:31] Failed to load config from "c:\\Users\\DevAI Studio\\Documents\\GitHub\\PayMerch\\dataconnect": could not find dataconnect.yaml in `c:\Users\DevAI Studio\Documents\GitHub\PayMerch\dataconnect`
 {"metadata":{"emulator":{"name":"dataconnect"},"message":"E1111 14:50:05.794134    6988 watch.go:31] Failed to load config from \"c:\\\\Users\\\\DevAI Studio\\\\Documents\\\\GitHub\\\\PayMerch\\\\dataconnect\": could not find dataconnect.yaml in `c:\\Users\\DevAI Studio\\Documents\\GitHub\\PayMerch\\dataconnect`\n"}}
[debug] [2025-11-11T12:50:15.795Z] E1111 14:50:15.794511    6988 watch.go:31] Failed to load config from "c:\\Users\\DevAI Studio\\Documents\\GitHub\\PayMerch\\dataconnect": could not find dataconnect.yaml in `c:\Users\DevAI Studio\Documents\GitHub\PayMerch\dataconnect`
 {"metadata":{"emulator":{"name":"dataconnect"},"message":"E1111 14:50:15.794511    6988 watch.go:31] Failed to load config from \"c:\\\\Users\\\\DevAI Studio\\\\Documents\\\\GitHub\\\\PayMerch\\\\dataconnect\": could not find dataconnect.yaml in `c:\\Users\\DevAI Studio\\Documents\\GitHub\\PayMerch\\dataconnect`\n"}}
[debug] [2025-11-11T12:50:25.796Z] E1111 14:50:25.795533    6988 watch.go:31] Failed to load config from "c:\\Users\\DevAI Studio\\Documents\\GitHub\\PayMerch\\dataconnect": could not find dataconnect.yaml in `c:\Users\DevAI Studio\Documents\GitHub\PayMerch\dataconnect`
 {"metadata":{"emulator":{"name":"dataconnect"},"message":"E1111 14:50:25.795533    6988 watch.go:31] Failed to load config from \"c:\\\\Users\\\\DevAI Studio\\\\Documents\\\\GitHub\\\\PayMerch\\\\dataconnect\": could not find dataconnect.yaml in `c:\\Users\\DevAI Studio\\Documents\\GitHub\\PayMerch\\dataconnect`\n"}}
[debug] [2025-11-11T12:50:35.794Z] E1111 14:50:35.794598    6988 watch.go:31] Failed to load config from "c:\\Users\\DevAI Studio\\Documents\\GitHub\\PayMerch\\dataconnect": could not find dataconnect.yaml in `c:\Users\DevAI Studio\Documents\GitHub\PayMerch\dataconnect`
 {"metadata":{"emulator":{"name":"dataconnect"},"message":"E1111 14:50:35.794598    6988 watch.go:31] Failed to load config from \"c:\\\\Users\\\\DevAI Studio\\\\Documents\\\\GitHub\\\\PayMerch\\\\dataconnect\": could not find dataconnect.yaml in `c:\\Users\\DevAI Studio\\Documents\\GitHub\\PayMerch\\dataconnect`\n"}}
[debug] [2025-11-11T12:50:45.795Z] E1111 14:50:45.795062    6988 watch.go:31] Failed to load config from "c:\\Users\\DevAI Studio\\Documents\\GitHub\\PayMerch\\dataconnect": could not find dataconnect.yaml in `c:\Users\DevAI Studio\Documents\GitHub\PayMerch\dataconnect`
 {"metadata":{"emulator":{"name":"dataconnect"},"message":"E1111 14:50:45.795062    6988 watch.go:31] Failed to load config from \"c:\\\\Users\\\\DevAI Studio\\\\Documents\\\\GitHub\\\\PayMerch\\\\dataconnect\": could not find dataconnect.yaml in `c:\\Users\\DevAI Studio\\Documents\\GitHub\\PayMerch\\dataconnect`\n"}}
[debug] [2025-11-11T12:50:55.796Z] E1111 14:50:55.796064    6988 watch.go:31] Failed to load config from "c:\\Users\\DevAI Studio\\Documents\\GitHub\\PayMerch\\dataconnect": could not find dataconnect.yaml in `c:\Users\DevAI Studio\Documents\GitHub\PayMerch\dataconnect`
 {"metadata":{"emulator":{"name":"dataconnect"},"message":"E1111 14:50:55.796064    6988 watch.go:31] Failed to load config from \"c:\\\\Users\\\\DevAI Studio\\\\Documents\\\\GitHub\\\\PayMerch\\\\dataconnect\": could not find dataconnect.yaml in `c:\\Users\\DevAI Studio\\Documents\\GitHub\\PayMerch\\dataconnect`\n"}}
[debug] [2025-11-11T12:51:05.796Z] E1111 14:51:05.796198    6988 watch.go:31] Failed to load config from "c:\\Users\\DevAI Studio\\Documents\\GitHub\\PayMerch\\dataconnect": could not find dataconnect.yaml in `c:\Users\DevAI Studio\Documents\GitHub\PayMerch\dataconnect`
 {"metadata":{"emulator":{"name":"dataconnect"},"message":"E1111 14:51:05.796198    6988 watch.go:31] Failed to load config from \"c:\\\\Users\\\\DevAI Studio\\\\Documents\\\\GitHub\\\\PayMerch\\\\dataconnect\": could not find dataconnect.yaml in `c:\\Users\\DevAI Studio\\Documents\\GitHub\\PayMerch\\dataconnect`\n"}}
[debug] [2025-11-11T12:51:15.795Z] E1111 14:51:15.795637    6988 watch.go:31] Failed to load config from "c:\\Users\\DevAI Studio\\Documents\\GitHub\\PayMerch\\dataconnect": could not find dataconnect.yaml in `c:\Users\DevAI Studio\Documents\GitHub\PayMerch\dataconnect`
E1111 14:51:15.795637    6988 watch.go:102] watchAllDir unable to walk dir `c:\Users\DevAI Studio\Documents\GitHub\PayMerch\dataconnect`: CreateFile c:\Users\DevAI Studio\Documents\GitHub\PayMerch\dataconnect: The system cannot find the file specified.
 {"metadata":{"emulator":{"name":"dataconnect"},"message":"E1111 14:51:15.795637    6988 watch.go:31] Failed to load config from \"c:\\\\Users\\\\DevAI Studio\\\\Documents\\\\GitHub\\\\PayMerch\\\\dataconnect\": could not find dataconnect.yaml in `c:\\Users\\DevAI Studio\\Documents\\GitHub\\PayMerch\\dataconnect`\nE1111 14:51:15.795637    6988 watch.go:102] watchAllDir unable to walk dir `c:\\Users\\DevAI Studio\\Documents\\GitHub\\PayMerch\\dataconnect`: CreateFile c:\\Users\\DevAI Studio\\Documents\\GitHub\\PayMerch\\dataconnect: The system cannot find the file specified.\n"}}
[debug] [2025-11-11T12:51:25.795Z] E1111 14:51:25.795481    6988 watch.go:31] Failed to load config from "c:\\Users\\DevAI Studio\\Documents\\GitHub\\PayMerch\\dataconnect": could not find dataconnect.yaml in `c:\Users\DevAI Studio\Documents\GitHub\PayMerch\dataconnect`
 {"metadata":{"emulator":{"name":"dataconnect"},"message":"E1111 14:51:25.795481    6988 watch.go:31] Failed to load config from \"c:\\\\Users\\\\DevAI Studio\\\\Documents\\\\GitHub\\\\PayMerch\\\\dataconnect\": could not find dataconnect.yaml in `c:\\Users\\DevAI Studio\\Documents\\GitHub\\PayMerch\\dataconnect`\n"}}
[debug] [2025-11-11T12:51:35.795Z] E1111 14:51:35.794788    6988 watch.go:31] Failed to load config from "c:\\Users\\DevAI Studio\\Documents\\GitHub\\PayMerch\\dataconnect": could not find dataconnect.yaml in `c:\Users\DevAI Studio\Documents\GitHub\PayMerch\dataconnect`
 {"metadata":{"emulator":{"name":"dataconnect"},"message":"E1111 14:51:35.794788    6988 watch.go:31] Failed to load config from \"c:\\\\Users\\\\DevAI Studio\\\\Documents\\\\GitHub\\\\PayMerch\\\\dataconnect\": could not find dataconnect.yaml in `c:\\Users\\DevAI Studio\\Documents\\GitHub\\PayMerch\\dataconnect`\n"}}
[debug] [2025-11-11T12:51:45.794Z] E1111 14:51:45.794136    6988 watch.go:31] Failed to load config from "c:\\Users\\DevAI Studio\\Documents\\GitHub\\PayMerch\\dataconnect": could not find dataconnect.yaml in `c:\Users\DevAI Studio\Documents\GitHub\PayMerch\dataconnect`
 {"metadata":{"emulator":{"name":"dataconnect"},"message":"E1111 14:51:45.794136    6988 watch.go:31] Failed to load config from \"c:\\\\Users\\\\DevAI Studio\\\\Documents\\\\GitHub\\\\PayMerch\\\\dataconnect\": could not find dataconnect.yaml in `c:\\Users\\DevAI Studio\\Documents\\GitHub\\PayMerch\\dataconnect`\n"}}
[debug] [2025-11-11T12:51:55.794Z] E1111 14:51:55.794165    6988 watch.go:31] Failed to load config from "c:\\Users\\DevAI Studio\\Documents\\GitHub\\PayMerch\\dataconnect": could not find dataconnect.yaml in `c:\Users\DevAI Studio\Documents\GitHub\PayMerch\dataconnect`
 {"metadata":{"emulator":{"name":"dataconnect"},"message":"E1111 14:51:55.794165    6988 watch.go:31] Failed to load config from \"c:\\\\Users\\\\DevAI Studio\\\\Documents\\\\GitHub\\\\PayMerch\\\\dataconnect\": could not find dataconnect.yaml in `c:\\Users\\DevAI Studio\\Documents\\GitHub\\PayMerch\\dataconnect`\n"}}
[debug] [2025-11-11T12:52:05.795Z] E1111 14:52:05.795287    6988 watch.go:31] Failed to load config from "c:\\Users\\DevAI Studio\\Documents\\GitHub\\PayMerch\\dataconnect": could not find dataconnect.yaml in `c:\Users\DevAI Studio\Documents\GitHub\PayMerch\dataconnect`
 {"metadata":{"emulator":{"name":"dataconnect"},"message":"E1111 14:52:05.795287    6988 watch.go:31] Failed to load config from \"c:\\\\Users\\\\DevAI Studio\\\\Documents\\\\GitHub\\\\PayMerch\\\\dataconnect\": could not find dataconnect.yaml in `c:\\Users\\DevAI Studio\\Documents\\GitHub\\PayMerch\\dataconnect`\n"}}
[debug] [2025-11-11T12:52:15.796Z] E1111 14:52:15.795203    6988 watch.go:31] Failed to load config from "c:\\Users\\DevAI Studio\\Documents\\GitHub\\PayMerch\\dataconnect": could not find dataconnect.yaml in `c:\Users\DevAI Studio\Documents\GitHub\PayMerch\dataconnect`
 {"metadata":{"emulator":{"name":"dataconnect"},"message":"E1111 14:52:15.795203    6988 watch.go:31] Failed to load config from \"c:\\\\Users\\\\DevAI Studio\\\\Documents\\\\GitHub\\\\PayMerch\\\\dataconnect\": could not find dataconnect.yaml in `c:\\Users\\DevAI Studio\\Documents\\GitHub\\PayMerch\\dataconnect`\n"}}
[debug] [2025-11-11T12:52:25.795Z] E1111 14:52:25.794609    6988 watch.go:31] Failed to load config from "c:\\Users\\DevAI Studio\\Documents\\GitHub\\PayMerch\\dataconnect": could not find dataconnect.yaml in `c:\Users\DevAI Studio\Documents\GitHub\PayMerch\dataconnect`
 {"metadata":{"emulator":{"name":"dataconnect"},"message":"E1111 14:52:25.794609    6988 watch.go:31] Failed to load config from \"c:\\\\Users\\\\DevAI Studio\\\\Documents\\\\GitHub\\\\PayMerch\\\\dataconnect\": could not find dataconnect.yaml in `c:\\Users\\DevAI Studio\\Documents\\GitHub\\PayMerch\\dataconnect`\n"}}
[debug] [2025-11-11T12:52:35.796Z] E1111 14:52:35.795311    6988 watch.go:31] Failed to load config from "c:\\Users\\DevAI Studio\\Documents\\GitHub\\PayMerch\\dataconnect": could not find dataconnect.yaml in `c:\Users\DevAI Studio\Documents\GitHub\PayMerch\dataconnect`
 {"metadata":{"emulator":{"name":"dataconnect"},"message":"E1111 14:52:35.795311    6988 watch.go:31] Failed to load config from \"c:\\\\Users\\\\DevAI Studio\\\\Documents\\\\GitHub\\\\PayMerch\\\\dataconnect\": could not find dataconnect.yaml in `c:\\Users\\DevAI Studio\\Documents\\GitHub\\PayMerch\\dataconnect`\n"}}
[debug] [2025-11-11T12:52:45.795Z] E1111 14:52:45.794358    6988 watch.go:31] Failed to load config from "c:\\Users\\DevAI Studio\\Documents\\GitHub\\PayMerch\\dataconnect": could not find dataconnect.yaml in `c:\Users\DevAI Studio\Documents\GitHub\PayMerch\dataconnect`
 {"metadata":{"emulator":{"name":"dataconnect"},"message":"E1111 14:52:45.794358    6988 watch.go:31] Failed to load config from \"c:\\\\Users\\\\DevAI Studio\\\\Documents\\\\GitHub\\\\PayMerch\\\\dataconnect\": could not find dataconnect.yaml in `c:\\Users\\DevAI Studio\\Documents\\GitHub\\PayMerch\\dataconnect`\n"}}
[debug] [2025-11-11T12:52:55.794Z] E1111 14:52:55.794883    6988 watch.go:31] Failed to load config from "c:\\Users\\DevAI Studio\\Documents\\GitHub\\PayMerch\\dataconnect": could not find dataconnect.yaml in `c:\Users\DevAI Studio\Documents\GitHub\PayMerch\dataconnect`
 {"metadata":{"emulator":{"name":"dataconnect"},"message":"E1111 14:52:55.794883    6988 watch.go:31] Failed to load config from \"c:\\\\Users\\\\DevAI Studio\\\\Documents\\\\GitHub\\\\PayMerch\\\\dataconnect\": could not find dataconnect.yaml in `c:\\Users\\DevAI Studio\\Documents\\GitHub\\PayMerch\\dataconnect`\n"}}
[debug] [2025-11-11T12:53:05.795Z] E1111 14:53:05.794935    6988 watch.go:31] Failed to load config from "c:\\Users\\DevAI Studio\\Documents\\GitHub\\PayMerch\\dataconnect": could not find dataconnect.yaml in `c:\Users\DevAI Studio\Documents\GitHub\PayMerch\dataconnect`
 {"metadata":{"emulator":{"name":"dataconnect"},"message":"E1111 14:53:05.794935    6988 watch.go:31] Failed to load config from \"c:\\\\Users\\\\DevAI Studio\\\\Documents\\\\GitHub\\\\PayMerch\\\\dataconnect\": could not find dataconnect.yaml in `c:\\Users\\DevAI Studio\\Documents\\GitHub\\PayMerch\\dataconnect`\n"}}
[debug] [2025-11-11T12:53:15.795Z] E1111 14:53:15.794642    6988 watch.go:31] Failed to load config from "c:\\Users\\DevAI Studio\\Documents\\GitHub\\PayMerch\\dataconnect": could not find dataconnect.yaml in `c:\Users\DevAI Studio\Documents\GitHub\PayMerch\dataconnect`
 {"metadata":{"emulator":{"name":"dataconnect"},"message":"E1111 14:53:15.794642    6988 watch.go:31] Failed to load config from \"c:\\\\Users\\\\DevAI Studio\\\\Documents\\\\GitHub\\\\PayMerch\\\\dataconnect\": could not find dataconnect.yaml in `c:\\Users\\DevAI Studio\\Documents\\GitHub\\PayMerch\\dataconnect`\n"}}
[debug] [2025-11-11T12:53:15.796Z] E1111 14:53:15.795640    6988 watch.go:102] watchAllDir unable to walk dir `c:\Users\DevAI Studio\Documents\GitHub\PayMerch\dataconnect`: CreateFile c:\Users\DevAI Studio\Documents\GitHub\PayMerch\dataconnect: The system cannot find the file specified.
 {"metadata":{"emulator":{"name":"dataconnect"},"message":"E1111 14:53:15.795640    6988 watch.go:102] watchAllDir unable to walk dir `c:\\Users\\DevAI Studio\\Documents\\GitHub\\PayMerch\\dataconnect`: CreateFile c:\\Users\\DevAI Studio\\Documents\\GitHub\\PayMerch\\dataconnect: The system cannot find the file specified.\n"}}
[debug] [2025-11-11T12:53:25.794Z] E1111 14:53:25.794598    6988 watch.go:31] Failed to load config from "c:\\Users\\DevAI Studio\\Documents\\GitHub\\PayMerch\\dataconnect": could not find dataconnect.yaml in `c:\Users\DevAI Studio\Documents\GitHub\PayMerch\dataconnect`
 {"metadata":{"emulator":{"name":"dataconnect"},"message":"E1111 14:53:25.794598    6988 watch.go:31] Failed to load config from \"c:\\\\Users\\\\DevAI Studio\\\\Documents\\\\GitHub\\\\PayMerch\\\\dataconnect\": could not find dataconnect.yaml in `c:\\Users\\DevAI Studio\\Documents\\GitHub\\PayMerch\\dataconnect`\n"}}
[debug] [2025-11-11T12:53:35.795Z] E1111 14:53:35.794709    6988 watch.go:31] Failed to load config from "c:\\Users\\DevAI Studio\\Documents\\GitHub\\PayMerch\\dataconnect": could not find dataconnect.yaml in `c:\Users\DevAI Studio\Documents\GitHub\PayMerch\dataconnect`
 {"metadata":{"emulator":{"name":"dataconnect"},"message":"E1111 14:53:35.794709    6988 watch.go:31] Failed to load config from \"c:\\\\Users\\\\DevAI Studio\\\\Documents\\\\GitHub\\\\PayMerch\\\\dataconnect\": could not find dataconnect.yaml in `c:\\Users\\DevAI Studio\\Documents\\GitHub\\PayMerch\\dataconnect`\n"}}
[debug] [2025-11-11T12:53:45.795Z] E1111 14:53:45.794899    6988 watch.go:31] Failed to load config from "c:\\Users\\DevAI Studio\\Documents\\GitHub\\PayMerch\\dataconnect": could not find dataconnect.yaml in `c:\Users\DevAI Studio\Documents\GitHub\PayMerch\dataconnect`
 {"metadata":{"emulator":{"name":"dataconnect"},"message":"E1111 14:53:45.794899    6988 watch.go:31] Failed to load config from \"c:\\\\Users\\\\DevAI Studio\\\\Documents\\\\GitHub\\\\PayMerch\\\\dataconnect\": could not find dataconnect.yaml in `c:\\Users\\DevAI Studio\\Documents\\GitHub\\PayMerch\\dataconnect`\n"}}
[debug] [2025-11-11T12:53:55.794Z] E1111 14:53:55.794516    6988 watch.go:31] Failed to load config from "c:\\Users\\DevAI Studio\\Documents\\GitHub\\PayMerch\\dataconnect": could not find dataconnect.yaml in `c:\Users\DevAI Studio\Documents\GitHub\PayMerch\dataconnect`
 {"metadata":{"emulator":{"name":"dataconnect"},"message":"E1111 14:53:55.794516    6988 watch.go:31] Failed to load config from \"c:\\\\Users\\\\DevAI Studio\\\\Documents\\\\GitHub\\\\PayMerch\\\\dataconnect\": could not find dataconnect.yaml in `c:\\Users\\DevAI Studio\\Documents\\GitHub\\PayMerch\\dataconnect`\n"}}
[debug] [2025-11-11T12:54:05.795Z] E1111 14:54:05.795131    6988 watch.go:31] Failed to load config from "c:\\Users\\DevAI Studio\\Documents\\GitHub\\PayMerch\\dataconnect": could not find dataconnect.yaml in `c:\Users\DevAI Studio\Documents\GitHub\PayMerch\dataconnect`
 {"metadata":{"emulator":{"name":"dataconnect"},"message":"E1111 14:54:05.795131    6988 watch.go:31] Failed to load config from \"c:\\\\Users\\\\DevAI Studio\\\\Documents\\\\GitHub\\\\PayMerch\\\\dataconnect\": could not find dataconnect.yaml in `c:\\Users\\DevAI Studio\\Documents\\GitHub\\PayMerch\\dataconnect`\n"}}
[debug] [2025-11-11T12:54:15.796Z] E1111 14:54:15.795565    6988 watch.go:31] Failed to load config from "c:\\Users\\DevAI Studio\\Documents\\GitHub\\PayMerch\\dataconnect": could not find dataconnect.yaml in `c:\Users\DevAI Studio\Documents\GitHub\PayMerch\dataconnect`
 {"metadata":{"emulator":{"name":"dataconnect"},"message":"E1111 14:54:15.795565    6988 watch.go:31] Failed to load config from \"c:\\\\Users\\\\DevAI Studio\\\\Documents\\\\GitHub\\\\PayMerch\\\\dataconnect\": could not find dataconnect.yaml in `c:\\Users\\DevAI Studio\\Documents\\GitHub\\PayMerch\\dataconnect`\n"}}
[debug] [2025-11-11T12:54:25.794Z] E1111 14:54:25.794070    6988 watch.go:31] Failed to load config from "c:\\Users\\DevAI Studio\\Documents\\GitHub\\PayMerch\\dataconnect": could not find dataconnect.yaml in `c:\Users\DevAI Studio\Documents\GitHub\PayMerch\dataconnect`
 {"metadata":{"emulator":{"name":"dataconnect"},"message":"E1111 14:54:25.794070    6988 watch.go:31] Failed to load config from \"c:\\\\Users\\\\DevAI Studio\\\\Documents\\\\GitHub\\\\PayMerch\\\\dataconnect\": could not find dataconnect.yaml in `c:\\Users\\DevAI Studio\\Documents\\GitHub\\PayMerch\\dataconnect`\n"}}
[debug] [2025-11-11T12:54:35.795Z] E1111 14:54:35.794880    6988 watch.go:31] Failed to load config from "c:\\Users\\DevAI Studio\\Documents\\GitHub\\PayMerch\\dataconnect": could not find dataconnect.yaml in `c:\Users\DevAI Studio\Documents\GitHub\PayMerch\dataconnect`
 {"metadata":{"emulator":{"name":"dataconnect"},"message":"E1111 14:54:35.794880    6988 watch.go:31] Failed to load config from \"c:\\\\Users\\\\DevAI Studio\\\\Documents\\\\GitHub\\\\PayMerch\\\\dataconnect\": could not find dataconnect.yaml in `c:\\Users\\DevAI Studio\\Documents\\GitHub\\PayMerch\\dataconnect`\n"}}
[debug] [2025-11-11T12:54:45.795Z] E1111 14:54:45.794957    6988 watch.go:31] Failed to load config from "c:\\Users\\DevAI Studio\\Documents\\GitHub\\PayMerch\\dataconnect": could not find dataconnect.yaml in `c:\Users\DevAI Studio\Documents\GitHub\PayMerch\dataconnect`
 {"metadata":{"emulator":{"name":"dataconnect"},"message":"E1111 14:54:45.794957    6988 watch.go:31] Failed to load config from \"c:\\\\Users\\\\DevAI Studio\\\\Documents\\\\GitHub\\\\PayMerch\\\\dataconnect\": could not find dataconnect.yaml in `c:\\Users\\DevAI Studio\\Documents\\GitHub\\PayMerch\\dataconnect`\n"}}
[debug] [2025-11-11T12:54:55.796Z] E1111 14:54:55.795515    6988 watch.go:31] Failed to load config from "c:\\Users\\DevAI Studio\\Documents\\GitHub\\PayMerch\\dataconnect": could not find dataconnect.yaml in `c:\Users\DevAI Studio\Documents\GitHub\PayMerch\dataconnect`
 {"metadata":{"emulator":{"name":"dataconnect"},"message":"E1111 14:54:55.795515    6988 watch.go:31] Failed to load config from \"c:\\\\Users\\\\DevAI Studio\\\\Documents\\\\GitHub\\\\PayMerch\\\\dataconnect\": could not find dataconnect.yaml in `c:\\Users\\DevAI Studio\\Documents\\GitHub\\PayMerch\\dataconnect`\n"}}
[debug] [2025-11-11T12:55:05.796Z] E1111 14:55:05.795471    6988 watch.go:31] Failed to load config from "c:\\Users\\DevAI Studio\\Documents\\GitHub\\PayMerch\\dataconnect": could not find dataconnect.yaml in `c:\Users\DevAI Studio\Documents\GitHub\PayMerch\dataconnect`
 {"metadata":{"emulator":{"name":"dataconnect"},"message":"E1111 14:55:05.795471    6988 watch.go:31] Failed to load config from \"c:\\\\Users\\\\DevAI Studio\\\\Documents\\\\GitHub\\\\PayMerch\\\\dataconnect\": could not find dataconnect.yaml in `c:\\Users\\DevAI Studio\\Documents\\GitHub\\PayMerch\\dataconnect`\n"}}
[debug] [2025-11-11T12:55:15.796Z] E1111 14:55:15.795854    6988 watch.go:31] Failed to load config from "c:\\Users\\DevAI Studio\\Documents\\GitHub\\PayMerch\\dataconnect": could not find dataconnect.yaml in `c:\Users\DevAI Studio\Documents\GitHub\PayMerch\dataconnect`
E1111 14:55:15.795854    6988 watch.go:102] watchAllDir unable to walk dir `c:\Users\DevAI Studio\Documents\GitHub\PayMerch\dataconnect`: CreateFile c:\Users\DevAI Studio\Documents\GitHub\PayMerch\dataconnect: The system cannot find the file specified.
 {"metadata":{"emulator":{"name":"dataconnect"},"message":"E1111 14:55:15.795854    6988 watch.go:31] Failed to load config from \"c:\\\\Users\\\\DevAI Studio\\\\Documents\\\\GitHub\\\\PayMerch\\\\dataconnect\": could not find dataconnect.yaml in `c:\\Users\\DevAI Studio\\Documents\\GitHub\\PayMerch\\dataconnect`\nE1111 14:55:15.795854    6988 watch.go:102] watchAllDir unable to walk dir `c:\\Users\\DevAI Studio\\Documents\\GitHub\\PayMerch\\dataconnect`: CreateFile c:\\Users\\DevAI Studio\\Documents\\GitHub\\PayMerch\\dataconnect: The system cannot find the file specified.\n"}}
[debug] [2025-11-11T12:55:25.794Z] E1111 14:55:25.794252    6988 watch.go:31] Failed to load config from "c:\\Users\\DevAI Studio\\Documents\\GitHub\\PayMerch\\dataconnect": could not find dataconnect.yaml in `c:\Users\DevAI Studio\Documents\GitHub\PayMerch\dataconnect`
 {"metadata":{"emulator":{"name":"dataconnect"},"message":"E1111 14:55:25.794252    6988 watch.go:31] Failed to load config from \"c:\\\\Users\\\\DevAI Studio\\\\Documents\\\\GitHub\\\\PayMerch\\\\dataconnect\": could not find dataconnect.yaml in `c:\\Users\\DevAI Studio\\Documents\\GitHub\\PayMerch\\dataconnect`\n"}}
[debug] [2025-11-11T12:55:35.795Z] E1111 14:55:35.794626    6988 watch.go:31] Failed to load config from "c:\\Users\\DevAI Studio\\Documents\\GitHub\\PayMerch\\dataconnect": could not find dataconnect.yaml in `c:\Users\DevAI Studio\Documents\GitHub\PayMerch\dataconnect`
 {"metadata":{"emulator":{"name":"dataconnect"},"message":"E1111 14:55:35.794626    6988 watch.go:31] Failed to load config from \"c:\\\\Users\\\\DevAI Studio\\\\Documents\\\\GitHub\\\\PayMerch\\\\dataconnect\": could not find dataconnect.yaml in `c:\\Users\\DevAI Studio\\Documents\\GitHub\\PayMerch\\dataconnect`\n"}}
[debug] [2025-11-11T12:55:45.795Z] E1111 14:55:45.794864    6988 watch.go:31] Failed to load config from "c:\\Users\\DevAI Studio\\Documents\\GitHub\\PayMerch\\dataconnect": could not find dataconnect.yaml in `c:\Users\DevAI Studio\Documents\GitHub\PayMerch\dataconnect`
 {"metadata":{"emulator":{"name":"dataconnect"},"message":"E1111 14:55:45.794864    6988 watch.go:31] Failed to load config from \"c:\\\\Users\\\\DevAI Studio\\\\Documents\\\\GitHub\\\\PayMerch\\\\dataconnect\": could not find dataconnect.yaml in `c:\\Users\\DevAI Studio\\Documents\\GitHub\\PayMerch\\dataconnect`\n"}}
[debug] [2025-11-11T12:55:55.794Z] E1111 14:55:55.794439    6988 watch.go:31] Failed to load config from "c:\\Users\\DevAI Studio\\Documents\\GitHub\\PayMerch\\dataconnect": could not find dataconnect.yaml in `c:\Users\DevAI Studio\Documents\GitHub\PayMerch\dataconnect`
 {"metadata":{"emulator":{"name":"dataconnect"},"message":"E1111 14:55:55.794439    6988 watch.go:31] Failed to load config from \"c:\\\\Users\\\\DevAI Studio\\\\Documents\\\\GitHub\\\\PayMerch\\\\dataconnect\": could not find dataconnect.yaml in `c:\\Users\\DevAI Studio\\Documents\\GitHub\\PayMerch\\dataconnect`\n"}}
[debug] [2025-11-11T12:56:05.794Z] E1111 14:56:05.794423    6988 watch.go:31] Failed to load config from "c:\\Users\\DevAI Studio\\Documents\\GitHub\\PayMerch\\dataconnect": could not find dataconnect.yaml in `c:\Users\DevAI Studio\Documents\GitHub\PayMerch\dataconnect`
 {"metadata":{"emulator":{"name":"dataconnect"},"message":"E1111 14:56:05.794423    6988 watch.go:31] Failed to load config from \"c:\\\\Users\\\\DevAI Studio\\\\Documents\\\\GitHub\\\\PayMerch\\\\dataconnect\": could not find dataconnect.yaml in `c:\\Users\\DevAI Studio\\Documents\\GitHub\\PayMerch\\dataconnect`\n"}}
[debug] [2025-11-11T12:56:15.796Z] E1111 14:56:15.795333    6988 watch.go:31] Failed to load config from "c:\\Users\\DevAI Studio\\Documents\\GitHub\\PayMerch\\dataconnect": could not find dataconnect.yaml in `c:\Users\DevAI Studio\Documents\GitHub\PayMerch\dataconnect`
 {"metadata":{"emulator":{"name":"dataconnect"},"message":"E1111 14:56:15.795333    6988 watch.go:31] Failed to load config from \"c:\\\\Users\\\\DevAI Studio\\\\Documents\\\\GitHub\\\\PayMerch\\\\dataconnect\": could not find dataconnect.yaml in `c:\\Users\\DevAI Studio\\Documents\\GitHub\\PayMerch\\dataconnect`\n"}}
[debug] [2025-11-11T12:56:25.795Z] E1111 14:56:25.794623    6988 watch.go:31] Failed to load config from "c:\\Users\\DevAI Studio\\Documents\\GitHub\\PayMerch\\dataconnect": could not find dataconnect.yaml in `c:\Users\DevAI Studio\Documents\GitHub\PayMerch\dataconnect`
 {"metadata":{"emulator":{"name":"dataconnect"},"message":"E1111 14:56:25.794623    6988 watch.go:31] Failed to load config from \"c:\\\\Users\\\\DevAI Studio\\\\Documents\\\\GitHub\\\\PayMerch\\\\dataconnect\": could not find dataconnect.yaml in `c:\\Users\\DevAI Studio\\Documents\\GitHub\\PayMerch\\dataconnect`\n"}}
[debug] [2025-11-11T12:56:35.794Z] E1111 14:56:35.794406    6988 watch.go:31] Failed to load config from "c:\\Users\\DevAI Studio\\Documents\\GitHub\\PayMerch\\dataconnect": could not find dataconnect.yaml in `c:\Users\DevAI Studio\Documents\GitHub\PayMerch\dataconnect`
 {"metadata":{"emulator":{"name":"dataconnect"},"message":"E1111 14:56:35.794406    6988 watch.go:31] Failed to load config from \"c:\\\\Users\\\\DevAI Studio\\\\Documents\\\\GitHub\\\\PayMerch\\\\dataconnect\": could not find dataconnect.yaml in `c:\\Users\\DevAI Studio\\Documents\\GitHub\\PayMerch\\dataconnect`\n"}}
[debug] [2025-11-11T12:56:45.795Z] E1111 14:56:45.794912    6988 watch.go:31] Failed to load config from "c:\\Users\\DevAI Studio\\Documents\\GitHub\\PayMerch\\dataconnect": could not find dataconnect.yaml in `c:\Users\DevAI Studio\Documents\GitHub\PayMerch\dataconnect`
 {"metadata":{"emulator":{"name":"dataconnect"},"message":"E1111 14:56:45.794912    6988 watch.go:31] Failed to load config from \"c:\\\\Users\\\\DevAI Studio\\\\Documents\\\\GitHub\\\\PayMerch\\\\dataconnect\": could not find dataconnect.yaml in `c:\\Users\\DevAI Studio\\Documents\\GitHub\\PayMerch\\dataconnect`\n"}}
[debug] [2025-11-11T12:56:55.795Z] E1111 14:56:55.795250    6988 watch.go:31] Failed to load config from "c:\\Users\\DevAI Studio\\Documents\\GitHub\\PayMerch\\dataconnect": could not find dataconnect.yaml in `c:\Users\DevAI Studio\Documents\GitHub\PayMerch\dataconnect`
 {"metadata":{"emulator":{"name":"dataconnect"},"message":"E1111 14:56:55.795250    6988 watch.go:31] Failed to load config from \"c:\\\\Users\\\\DevAI Studio\\\\Documents\\\\GitHub\\\\PayMerch\\\\dataconnect\": could not find dataconnect.yaml in `c:\\Users\\DevAI Studio\\Documents\\GitHub\\PayMerch\\dataconnect`\n"}}
[debug] [2025-11-11T12:57:05.794Z] E1111 14:57:05.794793    6988 watch.go:31] Failed to load config from "c:\\Users\\DevAI Studio\\Documents\\GitHub\\PayMerch\\dataconnect": could not find dataconnect.yaml in `c:\Users\DevAI Studio\Documents\GitHub\PayMerch\dataconnect`
 {"metadata":{"emulator":{"name":"dataconnect"},"message":"E1111 14:57:05.794793    6988 watch.go:31] Failed to load config from \"c:\\\\Users\\\\DevAI Studio\\\\Documents\\\\GitHub\\\\PayMerch\\\\dataconnect\": could not find dataconnect.yaml in `c:\\Users\\DevAI Studio\\Documents\\GitHub\\PayMerch\\dataconnect`\n"}}
[debug] [2025-11-11T12:57:15.795Z] E1111 14:57:15.794970    6988 watch.go:31] Failed to load config from "c:\\Users\\DevAI Studio\\Documents\\GitHub\\PayMerch\\dataconnect": could not find dataconnect.yaml in `c:\Users\DevAI Studio\Documents\GitHub\PayMerch\dataconnect`
E1111 14:57:15.794970    6988 watch.go:102] watchAllDir unable to walk dir `c:\Users\DevAI Studio\Documents\GitHub\PayMerch\dataconnect`: CreateFile c:\Users\DevAI Studio\Documents\GitHub\PayMerch\dataconnect: The system cannot find the file specified.
 {"metadata":{"emulator":{"name":"dataconnect"},"message":"E1111 14:57:15.794970    6988 watch.go:31] Failed to load config from \"c:\\\\Users\\\\DevAI Studio\\\\Documents\\\\GitHub\\\\PayMerch\\\\dataconnect\": could not find dataconnect.yaml in `c:\\Users\\DevAI Studio\\Documents\\GitHub\\PayMerch\\dataconnect`\nE1111 14:57:15.794970    6988 watch.go:102] watchAllDir unable to walk dir `c:\\Users\\DevAI Studio\\Documents\\GitHub\\PayMerch\\dataconnect`: CreateFile c:\\Users\\DevAI Studio\\Documents\\GitHub\\PayMerch\\dataconnect: The system cannot find the file specified.\n"}}
[debug] [2025-11-11T12:57:25.793Z] E1111 14:57:25.793878    6988 watch.go:31] Failed to load config from "c:\\Users\\DevAI Studio\\Documents\\GitHub\\PayMerch\\dataconnect": could not find dataconnect.yaml in `c:\Users\DevAI Studio\Documents\GitHub\PayMerch\dataconnect`
 {"metadata":{"emulator":{"name":"dataconnect"},"message":"E1111 14:57:25.793878    6988 watch.go:31] Failed to load config from \"c:\\\\Users\\\\DevAI Studio\\\\Documents\\\\GitHub\\\\PayMerch\\\\dataconnect\": could not find dataconnect.yaml in `c:\\Users\\DevAI Studio\\Documents\\GitHub\\PayMerch\\dataconnect`\n"}}
[debug] [2025-11-11T12:57:35.794Z] E1111 14:57:35.794509    6988 watch.go:31] Failed to load config from "c:\\Users\\DevAI Studio\\Documents\\GitHub\\PayMerch\\dataconnect": could not find dataconnect.yaml in `c:\Users\DevAI Studio\Documents\GitHub\PayMerch\dataconnect`
 {"metadata":{"emulator":{"name":"dataconnect"},"message":"E1111 14:57:35.794509    6988 watch.go:31] Failed to load config from \"c:\\\\Users\\\\DevAI Studio\\\\Documents\\\\GitHub\\\\PayMerch\\\\dataconnect\": could not find dataconnect.yaml in `c:\\Users\\DevAI Studio\\Documents\\GitHub\\PayMerch\\dataconnect`\n"}}
[debug] [2025-11-11T12:57:45.795Z] E1111 14:57:45.794911    6988 watch.go:31] Failed to load config from "c:\\Users\\DevAI Studio\\Documents\\GitHub\\PayMerch\\dataconnect": could not find dataconnect.yaml in `c:\Users\DevAI Studio\Documents\GitHub\PayMerch\dataconnect`
 {"metadata":{"emulator":{"name":"dataconnect"},"message":"E1111 14:57:45.794911    6988 watch.go:31] Failed to load config from \"c:\\\\Users\\\\DevAI Studio\\\\Documents\\\\GitHub\\\\PayMerch\\\\dataconnect\": could not find dataconnect.yaml in `c:\\Users\\DevAI Studio\\Documents\\GitHub\\PayMerch\\dataconnect`\n"}}
[debug] [2025-11-11T12:57:55.796Z] E1111 14:57:55.795383    6988 watch.go:31] Failed to load config from "c:\\Users\\DevAI Studio\\Documents\\GitHub\\PayMerch\\dataconnect": could not find dataconnect.yaml in `c:\Users\DevAI Studio\Documents\GitHub\PayMerch\dataconnect`
 {"metadata":{"emulator":{"name":"dataconnect"},"message":"E1111 14:57:55.795383    6988 watch.go:31] Failed to load config from \"c:\\\\Users\\\\DevAI Studio\\\\Documents\\\\GitHub\\\\PayMerch\\\\dataconnect\": could not find dataconnect.yaml in `c:\\Users\\DevAI Studio\\Documents\\GitHub\\PayMerch\\dataconnect`\n"}}
[debug] [2025-11-11T12:58:05.796Z] E1111 14:58:05.795561    6988 watch.go:31] Failed to load config from "c:\\Users\\DevAI Studio\\Documents\\GitHub\\PayMerch\\dataconnect": could not find dataconnect.yaml in `c:\Users\DevAI Studio\Documents\GitHub\PayMerch\dataconnect`
 {"metadata":{"emulator":{"name":"dataconnect"},"message":"E1111 14:58:05.795561    6988 watch.go:31] Failed to load config from \"c:\\\\Users\\\\DevAI Studio\\\\Documents\\\\GitHub\\\\PayMerch\\\\dataconnect\": could not find dataconnect.yaml in `c:\\Users\\DevAI Studio\\Documents\\GitHub\\PayMerch\\dataconnect`\n"}}
[debug] [2025-11-11T12:58:15.794Z] E1111 14:58:15.794182    6988 watch.go:31] Failed to load config from "c:\\Users\\DevAI Studio\\Documents\\GitHub\\PayMerch\\dataconnect": could not find dataconnect.yaml in `c:\Users\DevAI Studio\Documents\GitHub\PayMerch\dataconnect`
 {"metadata":{"emulator":{"name":"dataconnect"},"message":"E1111 14:58:15.794182    6988 watch.go:31] Failed to load config from \"c:\\\\Users\\\\DevAI Studio\\\\Documents\\\\GitHub\\\\PayMerch\\\\dataconnect\": could not find dataconnect.yaml in `c:\\Users\\DevAI Studio\\Documents\\GitHub\\PayMerch\\dataconnect`\n"}}
[debug] [2025-11-11T12:58:25.794Z] E1111 14:58:25.794300    6988 watch.go:31] Failed to load config from "c:\\Users\\DevAI Studio\\Documents\\GitHub\\PayMerch\\dataconnect": could not find dataconnect.yaml in `c:\Users\DevAI Studio\Documents\GitHub\PayMerch\dataconnect`
 {"metadata":{"emulator":{"name":"dataconnect"},"message":"E1111 14:58:25.794300    6988 watch.go:31] Failed to load config from \"c:\\\\Users\\\\DevAI Studio\\\\Documents\\\\GitHub\\\\PayMerch\\\\dataconnect\": could not find dataconnect.yaml in `c:\\Users\\DevAI Studio\\Documents\\GitHub\\PayMerch\\dataconnect`\n"}}
[debug] [2025-11-11T12:58:35.794Z] E1111 14:58:35.794005    6988 watch.go:31] Failed to load config from "c:\\Users\\DevAI Studio\\Documents\\GitHub\\PayMerch\\dataconnect": could not find dataconnect.yaml in `c:\Users\DevAI Studio\Documents\GitHub\PayMerch\dataconnect`
 {"metadata":{"emulator":{"name":"dataconnect"},"message":"E1111 14:58:35.794005    6988 watch.go:31] Failed to load config from \"c:\\\\Users\\\\DevAI Studio\\\\Documents\\\\GitHub\\\\PayMerch\\\\dataconnect\": could not find dataconnect.yaml in `c:\\Users\\DevAI Studio\\Documents\\GitHub\\PayMerch\\dataconnect`\n"}}
[debug] [2025-11-11T12:58:45.796Z] E1111 14:58:45.795561    6988 watch.go:31] Failed to load config from "c:\\Users\\DevAI Studio\\Documents\\GitHub\\PayMerch\\dataconnect": could not find dataconnect.yaml in `c:\Users\DevAI Studio\Documents\GitHub\PayMerch\dataconnect`
 {"metadata":{"emulator":{"name":"dataconnect"},"message":"E1111 14:58:45.795561    6988 watch.go:31] Failed to load config from \"c:\\\\Users\\\\DevAI Studio\\\\Documents\\\\GitHub\\\\PayMerch\\\\dataconnect\": could not find dataconnect.yaml in `c:\\Users\\DevAI Studio\\Documents\\GitHub\\PayMerch\\dataconnect`\n"}}
[debug] [2025-11-11T12:58:55.794Z] E1111 14:58:55.793812    6988 watch.go:31] Failed to load config from "c:\\Users\\DevAI Studio\\Documents\\GitHub\\PayMerch\\dataconnect": could not find dataconnect.yaml in `c:\Users\DevAI Studio\Documents\GitHub\PayMerch\dataconnect`
 {"metadata":{"emulator":{"name":"dataconnect"},"message":"E1111 14:58:55.793812    6988 watch.go:31] Failed to load config from \"c:\\\\Users\\\\DevAI Studio\\\\Documents\\\\GitHub\\\\PayMerch\\\\dataconnect\": could not find dataconnect.yaml in `c:\\Users\\DevAI Studio\\Documents\\GitHub\\PayMerch\\dataconnect`\n"}}
[debug] [2025-11-11T12:59:05.795Z] E1111 14:59:05.795355    6988 watch.go:31] Failed to load config from "c:\\Users\\DevAI Studio\\Documents\\GitHub\\PayMerch\\dataconnect": could not find dataconnect.yaml in `c:\Users\DevAI Studio\Documents\GitHub\PayMerch\dataconnect`
 {"metadata":{"emulator":{"name":"dataconnect"},"message":"E1111 14:59:05.795355    6988 watch.go:31] Failed to load config from \"c:\\\\Users\\\\DevAI Studio\\\\Documents\\\\GitHub\\\\PayMerch\\\\dataconnect\": could not find dataconnect.yaml in `c:\\Users\\DevAI Studio\\Documents\\GitHub\\PayMerch\\dataconnect`\n"}}
[debug] [2025-11-11T12:59:15.796Z] E1111 14:59:15.795961    6988 watch.go:31] Failed to load config from "c:\\Users\\DevAI Studio\\Documents\\GitHub\\PayMerch\\dataconnect": could not find dataconnect.yaml in `c:\Users\DevAI Studio\Documents\GitHub\PayMerch\dataconnect`
E1111 14:59:15.795961    6988 watch.go:102] watchAllDir unable to walk dir `c:\Users\DevAI Studio\Documents\GitHub\PayMerch\dataconnect`: CreateFile c:\Users\DevAI Studio\Documents\GitHub\PayMerch\dataconnect: The system cannot find the file specified.
 {"metadata":{"emulator":{"name":"dataconnect"},"message":"E1111 14:59:15.795961    6988 watch.go:31] Failed to load config from \"c:\\\\Users\\\\DevAI Studio\\\\Documents\\\\GitHub\\\\PayMerch\\\\dataconnect\": could not find dataconnect.yaml in `c:\\Users\\DevAI Studio\\Documents\\GitHub\\PayMerch\\dataconnect`\nE1111 14:59:15.795961    6988 watch.go:102] watchAllDir unable to walk dir `c:\\Users\\DevAI Studio\\Documents\\GitHub\\PayMerch\\dataconnect`: CreateFile c:\\Users\\DevAI Studio\\Documents\\GitHub\\PayMerch\\dataconnect: The system cannot find the file specified.\n"}}
[debug] [2025-11-11T12:59:25.797Z] E1111 14:59:25.795920    6988 watch.go:31] Failed to load config from "c:\\Users\\DevAI Studio\\Documents\\GitHub\\PayMerch\\dataconnect": could not find dataconnect.yaml in `c:\Users\DevAI Studio\Documents\GitHub\PayMerch\dataconnect`
 {"metadata":{"emulator":{"name":"dataconnect"},"message":"E1111 14:59:25.795920    6988 watch.go:31] Failed to load config from \"c:\\\\Users\\\\DevAI Studio\\\\Documents\\\\GitHub\\\\PayMerch\\\\dataconnect\": could not find dataconnect.yaml in `c:\\Users\\DevAI Studio\\Documents\\GitHub\\PayMerch\\dataconnect`\n"}}
[debug] [2025-11-11T12:59:35.795Z] E1111 14:59:35.794570    6988 watch.go:31] Failed to load config from "c:\\Users\\DevAI Studio\\Documents\\GitHub\\PayMerch\\dataconnect": could not find dataconnect.yaml in `c:\Users\DevAI Studio\Documents\GitHub\PayMerch\dataconnect`
 {"metadata":{"emulator":{"name":"dataconnect"},"message":"E1111 14:59:35.794570    6988 watch.go:31] Failed to load config from \"c:\\\\Users\\\\DevAI Studio\\\\Documents\\\\GitHub\\\\PayMerch\\\\dataconnect\": could not find dataconnect.yaml in `c:\\Users\\DevAI Studio\\Documents\\GitHub\\PayMerch\\dataconnect`\n"}}
[debug] [2025-11-11T12:59:45.795Z] E1111 14:59:45.794431    6988 watch.go:31] Failed to load config from "c:\\Users\\DevAI Studio\\Documents\\GitHub\\PayMerch\\dataconnect": could not find dataconnect.yaml in `c:\Users\DevAI Studio\Documents\GitHub\PayMerch\dataconnect`
 {"metadata":{"emulator":{"name":"dataconnect"},"message":"E1111 14:59:45.794431    6988 watch.go:31] Failed to load config from \"c:\\\\Users\\\\DevAI Studio\\\\Documents\\\\GitHub\\\\PayMerch\\\\dataconnect\": could not find dataconnect.yaml in `c:\\Users\\DevAI Studio\\Documents\\GitHub\\PayMerch\\dataconnect`\n"}}
[debug] [2025-11-11T12:59:55.795Z] E1111 14:59:55.794571    6988 watch.go:31] Failed to load config from "c:\\Users\\DevAI Studio\\Documents\\GitHub\\PayMerch\\dataconnect": could not find dataconnect.yaml in `c:\Users\DevAI Studio\Documents\GitHub\PayMerch\dataconnect`
 {"metadata":{"emulator":{"name":"dataconnect"},"message":"E1111 14:59:55.794571    6988 watch.go:31] Failed to load config from \"c:\\\\Users\\\\DevAI Studio\\\\Documents\\\\GitHub\\\\PayMerch\\\\dataconnect\": could not find dataconnect.yaml in `c:\\Users\\DevAI Studio\\Documents\\GitHub\\PayMerch\\dataconnect`\n"}}
[debug] [2025-11-11T13:00:05.795Z] E1111 15:00:05.794541    6988 watch.go:31] Failed to load config from "c:\\Users\\DevAI Studio\\Documents\\GitHub\\PayMerch\\dataconnect": could not find dataconnect.yaml in `c:\Users\DevAI Studio\Documents\GitHub\PayMerch\dataconnect`
 {"metadata":{"emulator":{"name":"dataconnect"},"message":"E1111 15:00:05.794541    6988 watch.go:31] Failed to load config from \"c:\\\\Users\\\\DevAI Studio\\\\Documents\\\\GitHub\\\\PayMerch\\\\dataconnect\": could not find dataconnect.yaml in `c:\\Users\\DevAI Studio\\Documents\\GitHub\\PayMerch\\dataconnect`\n"}}
[debug] [2025-11-11T13:00:15.795Z] E1111 15:00:15.795010    6988 watch.go:31] Failed to load config from "c:\\Users\\DevAI Studio\\Documents\\GitHub\\PayMerch\\dataconnect": could not find dataconnect.yaml in `c:\Users\DevAI Studio\Documents\GitHub\PayMerch\dataconnect`
 {"metadata":{"emulator":{"name":"dataconnect"},"message":"E1111 15:00:15.795010    6988 watch.go:31] Failed to load config from \"c:\\\\Users\\\\DevAI Studio\\\\Documents\\\\GitHub\\\\PayMerch\\\\dataconnect\": could not find dataconnect.yaml in `c:\\Users\\DevAI Studio\\Documents\\GitHub\\PayMerch\\dataconnect`\n"}}
[debug] [2025-11-11T13:00:25.794Z] E1111 15:00:25.794253    6988 watch.go:31] Failed to load config from "c:\\Users\\DevAI Studio\\Documents\\GitHub\\PayMerch\\dataconnect": could not find dataconnect.yaml in `c:\Users\DevAI Studio\Documents\GitHub\PayMerch\dataconnect`
 {"metadata":{"emulator":{"name":"dataconnect"},"message":"E1111 15:00:25.794253    6988 watch.go:31] Failed to load config from \"c:\\\\Users\\\\DevAI Studio\\\\Documents\\\\GitHub\\\\PayMerch\\\\dataconnect\": could not find dataconnect.yaml in `c:\\Users\\DevAI Studio\\Documents\\GitHub\\PayMerch\\dataconnect`\n"}}
[debug] [2025-11-11T13:00:35.795Z] E1111 15:00:35.795219    6988 watch.go:31] Failed to load config from "c:\\Users\\DevAI Studio\\Documents\\GitHub\\PayMerch\\dataconnect": could not find dataconnect.yaml in `c:\Users\DevAI Studio\Documents\GitHub\PayMerch\dataconnect`
 {"metadata":{"emulator":{"name":"dataconnect"},"message":"E1111 15:00:35.795219    6988 watch.go:31] Failed to load config from \"c:\\\\Users\\\\DevAI Studio\\\\Documents\\\\GitHub\\\\PayMerch\\\\dataconnect\": could not find dataconnect.yaml in `c:\\Users\\DevAI Studio\\Documents\\GitHub\\PayMerch\\dataconnect`\n"}}
[debug] [2025-11-11T13:00:45.795Z] E1111 15:00:45.794941    6988 watch.go:31] Failed to load config from "c:\\Users\\DevAI Studio\\Documents\\GitHub\\PayMerch\\dataconnect": could not find dataconnect.yaml in `c:\Users\DevAI Studio\Documents\GitHub\PayMerch\dataconnect`
 {"metadata":{"emulator":{"name":"dataconnect"},"message":"E1111 15:00:45.794941    6988 watch.go:31] Failed to load config from \"c:\\\\Users\\\\DevAI Studio\\\\Documents\\\\GitHub\\\\PayMerch\\\\dataconnect\": could not find dataconnect.yaml in `c:\\Users\\DevAI Studio\\Documents\\GitHub\\PayMerch\\dataconnect`\n"}}
[debug] [2025-11-11T13:00:55.794Z] E1111 15:00:55.794245    6988 watch.go:31] Failed to load config from "c:\\Users\\DevAI Studio\\Documents\\GitHub\\PayMerch\\dataconnect": could not find dataconnect.yaml in `c:\Users\DevAI Studio\Documents\GitHub\PayMerch\dataconnect`
 {"metadata":{"emulator":{"name":"dataconnect"},"message":"E1111 15:00:55.794245    6988 watch.go:31] Failed to load config from \"c:\\\\Users\\\\DevAI Studio\\\\Documents\\\\GitHub\\\\PayMerch\\\\dataconnect\": could not find dataconnect.yaml in `c:\\Users\\DevAI Studio\\Documents\\GitHub\\PayMerch\\dataconnect`\n"}}
[debug] [2025-11-11T13:01:05.794Z] E1111 15:01:05.794161    6988 watch.go:31] Failed to load config from "c:\\Users\\DevAI Studio\\Documents\\GitHub\\PayMerch\\dataconnect": could not find dataconnect.yaml in `c:\Users\DevAI Studio\Documents\GitHub\PayMerch\dataconnect`
 {"metadata":{"emulator":{"name":"dataconnect"},"message":"E1111 15:01:05.794161    6988 watch.go:31] Failed to load config from \"c:\\\\Users\\\\DevAI Studio\\\\Documents\\\\GitHub\\\\PayMerch\\\\dataconnect\": could not find dataconnect.yaml in `c:\\Users\\DevAI Studio\\Documents\\GitHub\\PayMerch\\dataconnect`\n"}}
[debug] [2025-11-11T13:01:15.796Z] E1111 15:01:15.796077    6988 watch.go:31] Failed to load config from "c:\\Users\\DevAI Studio\\Documents\\GitHub\\PayMerch\\dataconnect": could not find dataconnect.yaml in `c:\Users\DevAI Studio\Documents\GitHub\PayMerch\dataconnect`
E1111 15:01:15.796564    6988 watch.go:102] watchAllDir unable to walk dir `c:\Users\DevAI Studio\Documents\GitHub\PayMerch\dataconnect`: CreateFile c:\Users\DevAI Studio\Documents\GitHub\PayMerch\dataconnect: The system cannot find the file specified.
 {"metadata":{"emulator":{"name":"dataconnect"},"message":"E1111 15:01:15.796077    6988 watch.go:31] Failed to load config from \"c:\\\\Users\\\\DevAI Studio\\\\Documents\\\\GitHub\\\\PayMerch\\\\dataconnect\": could not find dataconnect.yaml in `c:\\Users\\DevAI Studio\\Documents\\GitHub\\PayMerch\\dataconnect`\nE1111 15:01:15.796564    6988 watch.go:102] watchAllDir unable to walk dir `c:\\Users\\DevAI Studio\\Documents\\GitHub\\PayMerch\\dataconnect`: CreateFile c:\\Users\\DevAI Studio\\Documents\\GitHub\\PayMerch\\dataconnect: The system cannot find the file specified.\n"}}
[debug] [2025-11-11T13:01:25.794Z] E1111 15:01:25.794280    6988 watch.go:31] Failed to load config from "c:\\Users\\DevAI Studio\\Documents\\GitHub\\PayMerch\\dataconnect": could not find dataconnect.yaml in `c:\Users\DevAI Studio\Documents\GitHub\PayMerch\dataconnect`
 {"metadata":{"emulator":{"name":"dataconnect"},"message":"E1111 15:01:25.794280    6988 watch.go:31] Failed to load config from \"c:\\\\Users\\\\DevAI Studio\\\\Documents\\\\GitHub\\\\PayMerch\\\\dataconnect\": could not find dataconnect.yaml in `c:\\Users\\DevAI Studio\\Documents\\GitHub\\PayMerch\\dataconnect`\n"}}
[debug] [2025-11-11T13:01:35.794Z] E1111 15:01:35.794321    6988 watch.go:31] Failed to load config from "c:\\Users\\DevAI Studio\\Documents\\GitHub\\PayMerch\\dataconnect": could not find dataconnect.yaml in `c:\Users\DevAI Studio\Documents\GitHub\PayMerch\dataconnect`
 {"metadata":{"emulator":{"name":"dataconnect"},"message":"E1111 15:01:35.794321    6988 watch.go:31] Failed to load config from \"c:\\\\Users\\\\DevAI Studio\\\\Documents\\\\GitHub\\\\PayMerch\\\\dataconnect\": could not find dataconnect.yaml in `c:\\Users\\DevAI Studio\\Documents\\GitHub\\PayMerch\\dataconnect`\n"}}
[debug] [2025-11-11T13:01:45.794Z] E1111 15:01:45.794024    6988 watch.go:31] Failed to load config from "c:\\Users\\DevAI Studio\\Documents\\GitHub\\PayMerch\\dataconnect": could not find dataconnect.yaml in `c:\Users\DevAI Studio\Documents\GitHub\PayMerch\dataconnect`
 {"metadata":{"emulator":{"name":"dataconnect"},"message":"E1111 15:01:45.794024    6988 watch.go:31] Failed to load config from \"c:\\\\Users\\\\DevAI Studio\\\\Documents\\\\GitHub\\\\PayMerch\\\\dataconnect\": could not find dataconnect.yaml in `c:\\Users\\DevAI Studio\\Documents\\GitHub\\PayMerch\\dataconnect`\n"}}
[debug] [2025-11-11T13:01:55.796Z] E1111 15:01:55.795698    6988 watch.go:31] Failed to load config from "c:\\Users\\DevAI Studio\\Documents\\GitHub\\PayMerch\\dataconnect": could not find dataconnect.yaml in `c:\Users\DevAI Studio\Documents\GitHub\PayMerch\dataconnect`
 {"metadata":{"emulator":{"name":"dataconnect"},"message":"E1111 15:01:55.795698    6988 watch.go:31] Failed to load config from \"c:\\\\Users\\\\DevAI Studio\\\\Documents\\\\GitHub\\\\PayMerch\\\\dataconnect\": could not find dataconnect.yaml in `c:\\Users\\DevAI Studio\\Documents\\GitHub\\PayMerch\\dataconnect`\n"}}
[debug] [2025-11-11T13:02:05.795Z] E1111 15:02:05.795238    6988 watch.go:31] Failed to load config from "c:\\Users\\DevAI Studio\\Documents\\GitHub\\PayMerch\\dataconnect": could not find dataconnect.yaml in `c:\Users\DevAI Studio\Documents\GitHub\PayMerch\dataconnect`
 {"metadata":{"emulator":{"name":"dataconnect"},"message":"E1111 15:02:05.795238    6988 watch.go:31] Failed to load config from \"c:\\\\Users\\\\DevAI Studio\\\\Documents\\\\GitHub\\\\PayMerch\\\\dataconnect\": could not find dataconnect.yaml in `c:\\Users\\DevAI Studio\\Documents\\GitHub\\PayMerch\\dataconnect`\n"}}
[debug] [2025-11-11T13:02:15.795Z] E1111 15:02:15.794296    6988 watch.go:31] Failed to load config from "c:\\Users\\DevAI Studio\\Documents\\GitHub\\PayMerch\\dataconnect": could not find dataconnect.yaml in `c:\Users\DevAI Studio\Documents\GitHub\PayMerch\dataconnect`
 {"metadata":{"emulator":{"name":"dataconnect"},"message":"E1111 15:02:15.794296    6988 watch.go:31] Failed to load config from \"c:\\\\Users\\\\DevAI Studio\\\\Documents\\\\GitHub\\\\PayMerch\\\\dataconnect\": could not find dataconnect.yaml in `c:\\Users\\DevAI Studio\\Documents\\GitHub\\PayMerch\\dataconnect`\n"}}
[debug] [2025-11-11T13:02:25.794Z] E1111 15:02:25.794122    6988 watch.go:31] Failed to load config from "c:\\Users\\DevAI Studio\\Documents\\GitHub\\PayMerch\\dataconnect": could not find dataconnect.yaml in `c:\Users\DevAI Studio\Documents\GitHub\PayMerch\dataconnect`
 {"metadata":{"emulator":{"name":"dataconnect"},"message":"E1111 15:02:25.794122    6988 watch.go:31] Failed to load config from \"c:\\\\Users\\\\DevAI Studio\\\\Documents\\\\GitHub\\\\PayMerch\\\\dataconnect\": could not find dataconnect.yaml in `c:\\Users\\DevAI Studio\\Documents\\GitHub\\PayMerch\\dataconnect`\n"}}
[debug] [2025-11-11T13:02:35.795Z] E1111 15:02:35.794749    6988 watch.go:31] Failed to load config from "c:\\Users\\DevAI Studio\\Documents\\GitHub\\PayMerch\\dataconnect": could not find dataconnect.yaml in `c:\Users\DevAI Studio\Documents\GitHub\PayMerch\dataconnect`
 {"metadata":{"emulator":{"name":"dataconnect"},"message":"E1111 15:02:35.794749    6988 watch.go:31] Failed to load config from \"c:\\\\Users\\\\DevAI Studio\\\\Documents\\\\GitHub\\\\PayMerch\\\\dataconnect\": could not find dataconnect.yaml in `c:\\Users\\DevAI Studio\\Documents\\GitHub\\PayMerch\\dataconnect`\n"}}
[debug] [2025-11-11T13:02:45.795Z] E1111 15:02:45.795152    6988 watch.go:31] Failed to load config from "c:\\Users\\DevAI Studio\\Documents\\GitHub\\PayMerch\\dataconnect": could not find dataconnect.yaml in `c:\Users\DevAI Studio\Documents\GitHub\PayMerch\dataconnect`
 {"metadata":{"emulator":{"name":"dataconnect"},"message":"E1111 15:02:45.795152    6988 watch.go:31] Failed to load config from \"c:\\\\Users\\\\DevAI Studio\\\\Documents\\\\GitHub\\\\PayMerch\\\\dataconnect\": could not find dataconnect.yaml in `c:\\Users\\DevAI Studio\\Documents\\GitHub\\PayMerch\\dataconnect`\n"}}
[debug] [2025-11-11T13:02:55.794Z] E1111 15:02:55.794795    6988 watch.go:31] Failed to load config from "c:\\Users\\DevAI Studio\\Documents\\GitHub\\PayMerch\\dataconnect": could not find dataconnect.yaml in `c:\Users\DevAI Studio\Documents\GitHub\PayMerch\dataconnect`
 {"metadata":{"emulator":{"name":"dataconnect"},"message":"E1111 15:02:55.794795    6988 watch.go:31] Failed to load config from \"c:\\\\Users\\\\DevAI Studio\\\\Documents\\\\GitHub\\\\PayMerch\\\\dataconnect\": could not find dataconnect.yaml in `c:\\Users\\DevAI Studio\\Documents\\GitHub\\PayMerch\\dataconnect`\n"}}
[debug] [2025-11-11T13:03:05.795Z] E1111 15:03:05.794969    6988 watch.go:31] Failed to load config from "c:\\Users\\DevAI Studio\\Documents\\GitHub\\PayMerch\\dataconnect": could not find dataconnect.yaml in `c:\Users\DevAI Studio\Documents\GitHub\PayMerch\dataconnect`
 {"metadata":{"emulator":{"name":"dataconnect"},"message":"E1111 15:03:05.794969    6988 watch.go:31] Failed to load config from \"c:\\\\Users\\\\DevAI Studio\\\\Documents\\\\GitHub\\\\PayMerch\\\\dataconnect\": could not find dataconnect.yaml in `c:\\Users\\DevAI Studio\\Documents\\GitHub\\PayMerch\\dataconnect`\n"}}
